Frame_0,RASI_x,RASI_y,RASI_z,LASI_x,LASI_y,LASI_z,RPSI_x,RPSI_y,RPSI_z,LPSI_x,LPSI_y,LPSI_z,C7_x,C7_y,C7_z,T11_x,T11_y,T11_z,T6_x,T6_y,T6_z,RSHO_x,RSHO_y,RSHO_z,LSHO_x,LSHO_y,LSHO_z,RELB_x,RELB_y,RELB_z,LELB_x,LELB_y,LELB_z,RMELB_x,RMELB_y,RMELB_z,LMELB_x,LMELB_y,LMELB_z,RWRI_x,RWRI_y,RWRI_z,LWRI_x,LWRI_y,LWRI_z,RMWRI_x,RMWRI_y,RMWRI_z,LMWRI_x,LMWRI_y,LMWRI_z,RTHU_x,RTHU_y,RTHU_z,LTHU_x,LTHU_y,LTHU_z,RMID_x,RMID_y,RMID_z,LMID_x,LMID_y,LMID_z,RPIN_x,RPIN_y,RPIN_z,LPIN_x,LPIN_y,LPIN_z,RKNE_x,RKNE_y,RKNE_z,LKNE_x,LKNE_y,LKNE_z,RMKNE_x,RMKNE_y,RMKNE_z,LMKNE_x,LMKNE_y,LMKNE_z,RANK_x,RANK_y,RANK_z,LANK_x,LANK_y,LANK_z,RMANK_x,RMANK_y,RMANK_z,LMANK_x,LMANK_y,LMANK_z,R5MHD_x,R5MHD_y,R5MHD_z,L5MHD_x,L5MHD_y,L5MHD_z,RTOE_x,RTOE_y,RTOE_z,LTOE_x,LTOE_y,LTOE_z,RHEE_x,RHEE_y,RHEE_z,LHEE_x,LHEE_y,LHEE_z,Nose_x,Nose_y,Nose_z,Head_x,Head_y,Head_z,REar_x,REar_y,REar_z,LEar_x,LEar_y,LEar_z,REye_x,REye_y,REye_z,LEye_x,LEye_y,LEye_z
609,-0.2103313993042654,0.2952184410636691,1.4825094520938438,0.03691662792205506,0.30747931064666445,1.5189939829950783,-0.1816456693089717,0.2423189665320104,1.6823623161481769,-0.04760708102327354,0.23313907027900158,1.703580943405933,-0.08701657669327414,-0.2626309004469811,1.5137649629043246,-0.09726887872550888,-0.018956824302507815,1.6378658348264676,-0.09322344307954644,-0.1479345531073818,1.5978028695753816,-0.24214999327131226,-0.22470541078012257,1.4435358206922224,0.07600970240665864,-0.23731601161683644,1.465901013643939,-0.4928265995091722,-0.06814722715849925,1.5326622993289656,0.2981270879811506,-0.04996279227134587,1.5852241729683143,-0.45250437938492394,-0.017744413877782854,1.6197448731326705,0.24249405663740198,-0.0040965915541406675,1.6382478374538059,-0.7390141814976294,0.046631069405242837,1.5471235601859816,0.5125530143379606,0.07175963882207484,1.6056317593992748,-0.7419294343295952,0.05241328761615455,1.5804426314536695,0.512541604439348,0.07975561762865796,1.6331132692476478,-0.81390190815562,0.1411080180400715,1.5367260933097313,0.5934834835703178,0.16268034381879592,1.584475155844412,-0.8301279568989947,0.16525024500792845,1.5608976177594087,0.6032776029107003,0.18199163245228778,1.6176417206255898,-0.8351325149327635,0.16323794330062735,1.604386850991459,0.5909798253019527,0.1851943771922515,1.652358410316994,-0.2372732415059179,0.695220383537442,1.3848504946600912,0.030588700972581498,0.7566062387476378,1.642730063635954,-0.11147615724717683,0.6862502873043137,1.391410948002588,-0.08630619951409456,0.740546311559823,1.614942671820806,-0.25260300842630345,1.1640465399958955,1.4809398998410028,-0.05782453210232698,1.1872721209729047,1.7930991109212386,-0.1720661508083442,1.119139139135458,1.4056277361644536,-0.12672592597594312,1.1706893099983429,1.7389523522840653,-0.2783475340808549,1.217720791608258,1.3150360372454415,0.01353720187891884,1.2408789829510367,1.6467583945808861,-0.18381365162771263,1.1970391630598165,1.2187620730185689,-0.03768794484795847,1.229029217498389,1.5265704507558104,-0.2094365024162236,1.1616166658576565,1.5428420176850317,-0.11717389346045878,1.1639452929424698,1.8001009754960295,-0.07878395182272788,-0.2807887737283169,1.2578649636977048,-0.10061054440829029,-0.47873459493449105,1.3563014660139763,-0.16714242399361925,-0.3301721281827023,1.3791719598966719,-0.007694671389195889,-0.3496296295940842,1.376863454865124,-0.12353372348885693,-0.3276756037980408,1.2826128334576423,-0.047173952139192926,-0.3358439293342037,1.281367816376715
610,-0.23148830262452788,0.3022803124803597,1.187495454776646,0.0039796444658988985,0.3016896875973526,1.2475125488871324,-0.22696504308855497,0.21851629639615677,1.3766382377308357,-0.1046886636094917,0.19876088739709166,1.4110167947189245,-0.14356223487499603,-0.17109844984072714,1.048933050014826,-0.15320014844222085,-0.02420328163259538,1.2629034275762043,-0.15414429655522807,-0.11414160032984372,1.1693131159963757,-0.28835776686521286,-0.09763156546264032,0.9928802119839847,0.0223775189136733,-0.15903839317458585,1.0463821822436326,-0.5194445515173258,0.04299865054206537,1.1254636218012608,0.19449004154617874,-0.07675143678575794,1.2744508894566269,-0.4846337749216776,0.06694698184535111,1.2157459194649,0.13884217904790747,-0.04229874260244704,1.324071366800071,-0.7457146795182552,0.17354640212255737,1.210711868495168,0.3830689062441353,0.013093059974401966,1.4110395517426602,-0.7488347520542153,0.17095760303364602,1.2394487205793454,0.38197748310135576,0.009750082097349734,1.437988590646065,-0.8083146933936253,0.2592012860925505,1.2426323528818561,0.43716465971611673,0.10467396998504112,1.4411470292517254,-0.8198602200455205,0.26365486577909136,1.2661811289747238,0.43706654499368147,0.09814908601311124,1.4836820985362071,-0.8349943859712396,0.2614783616674474,1.314149116543491,0.43183962509658447,0.0867400492109167,1.5421725684613241,-0.21520367349102665,0.6697020186947622,1.069888354310313,0.019951215524398568,0.7140956002208605,1.3914577330590916,-0.09788320396080746,0.6664314941694178,1.1051926683711581,-0.09578573750989383,0.7114495174037787,1.3511250213391364,-0.24334613555986714,1.0856898157831267,1.2236848444887487,-0.07512675289597563,1.0618088994742696,1.6352205714569026,-0.1589863253257477,1.0691096280533319,1.1811639537091834,-0.1439604905184908,1.069908068539359,1.5723954256266464,-0.2474870241155673,1.1599140849592697,1.098438898844392,-0.004499598486105141,1.1649959201081415,1.519461893553637,-0.14660248745187798,1.1513707743946373,1.0235100037953515,-0.046780801347080805,1.1692083750700188,1.4084976938744793,-0.20423880680431988,1.0972707246783102,1.285846264982315,-0.1412694847853811,1.0530745333937892,1.6396113992680075,-0.12209396084850313,-0.11537410971783586,0.7847528487938968,-0.14646432485990082,-0.33280072539129274,0.8399524617014026,-0.20982505493095704,-0.18257995753350764,0.8966425846586246,-0.05311273192530156,-0.20207112458240223,0.8939795636971862,-0.163129138225592,-0.1644672212039873,0.7941661054431786,-0.09189524630747323,-0.17293764261610683,0.7899639756270447
614,-0.24179367998273582,0.30785261501533034,1.0234689932868333,-0.012540412415508328,0.2991223765978769,1.095374816819075,-0.2501932696110471,0.20553448191447765,1.2065778248701489,-0.1341513079292781,0.17954797061111555,1.2475737558335138,-0.17467433572767685,-0.1201500565549731,0.7938137460513838,-0.1832036981594135,-0.02584550599635549,1.0552570277613935,-0.18713912150258655,-0.09448930380468748,0.9332331510023555,-0.3132778504570896,-0.027482829456909254,0.7452405889225863,-0.007444299106650083,-0.11591884105852676,0.814978715758252,-0.5334330418803317,0.10371604372117993,0.8999560760010445,0.13873713416459865,-0.09110850412563246,1.100525804593869,-0.5017892031909272,0.1134113986062816,0.9908285211231176,0.08346935921159149,-0.06221126739605164,1.1479017201883268,-0.7486538513512351,0.24118324687486842,1.026117775751557,0.31330518382210654,-0.01918657724937628,1.2990698128931055,-0.7518180186545566,0.23384793630343337,1.051936793145849,0.3114432139795671,-0.028281573707285172,1.325771547693356,-0.8040726710677998,0.3222176055192539,1.0835401433313128,0.35216289390686906,0.07217963488176987,1.3556523818635364,-0.8127253624804753,0.3155333625428822,1.1064708877689642,0.3459752786859716,0.05240474475669471,1.4033671546622113,-0.8334004314347301,0.3129651251158333,1.1569138595804254,0.3454598707975288,0.033671589223554246,1.474112913798569,-0.20249776440015785,0.6563764765953568,0.9015039026155982,0.014276903621507362,0.6893436622533615,1.2554560564519925,-0.08931700789577053,0.6543083762802138,0.9511926561595718,-0.10146617817466858,0.6935308884183569,1.2092698917376568,-0.24075375541153807,1.0349243759710438,1.0948528297244766,-0.08416997582511329,0.9907591483719551,1.5489405351339487,-0.1536907180248502,1.0319940014850237,1.0713729819861695,-0.15214542449275364,1.0123558046775947,1.4825565627681705,-0.23415966606725436,1.1242594433915931,0.9918252661881198,-0.015020254483467001,1.1207065458578307,1.4485500496194594,-0.13001824134207052,1.1223535870250725,0.9297407358661288,-0.05207718952896875,1.1336721727059067,1.3428899981752596,-0.20390615025729114,1.0501101397884427,1.1585072770420566,-0.1528908106015453,0.9897628018558883,1.5531677477215333,-0.14634933782525544,-0.02498320258071072,0.5248940625619373,-0.17314432214472758,-0.24656036982416152,0.5561923306612214,-0.2343694312561086,-0.10062123213938282,0.63235265952763,-0.07909910497365005,-0.12144401708181178,0.6296164293618534,-0.1860229204181063,-0.07485104313758713,0.5266093171230807,-0.11717411601487078,-0.08408549214167549,0.5208525104484676
615,-0.2307525147845427,0.3099109374041915,1.1226788366962865,0.0033645259030331926,0.3028246287098323,1.1834515925436584,-0.2296492030396607,0.21421876310508534,1.3091760450817203,-0.10882940371990907,0.19084285129758152,1.3438624442786944,-0.15477784961690005,-0.15077849725152104,0.9590873820371741,-0.16144811419473643,-0.020647689808838837,1.1835908737471261,-0.16429030381627496,-0.10352756401054845,1.083142844721841,-0.2956614718119037,-0.07157312035948377,0.9046633945709986,0.01058468638535617,-0.14332667702844992,0.96103315283984,-0.5222974609550516,0.06343219451751908,1.0392978071274581,0.17862257849006186,-0.08065262991998381,1.2019741900023484,-0.4890765289190261,0.08325099293863861,1.1258920857190544,0.12440572680788865,-0.04578829890507467,1.2495453929838192,-0.7442828010594263,0.1906181220441795,1.1458461276598404,0.36285241803608914,0.0014546253693748857,1.354335077989461,-0.7471901337741202,0.1858493875143119,1.1722091563299184,0.360895594366427,-0.002339403351213778,1.3813471725801358,-0.8028930871657712,0.2753855196939112,1.1943523046962867,0.4098776716110887,0.09103188469022166,1.3882172412587654,-0.8123373915194587,0.2748078441040978,1.2167604443285835,0.40542904622650117,0.08294797480647503,1.4327029991052085,-0.829360583938335,0.27148562921897035,1.2656563680057251,0.40463703284699903,0.07128322012192538,1.4928606360452048,-0.20874699801601587,0.667281211536612,1.0255569436444731,0.018500805314140785,0.7006331020994143,1.349934064504196,-0.09117167263298392,0.6579998165696208,1.0612780635266692,-0.09938223241676108,0.6986267650317999,1.3109878983927703,-0.25074674325713986,1.0418838818361946,1.2196127131866612,-0.07679806291270115,1.0294690813229799,1.6060726384567472,-0.16341339385663767,1.0237712851992742,1.1872851429019993,-0.14258586883350233,1.0421578847076562,1.5460178028225902,-0.25485595744619505,1.1342335895283062,1.101869371863752,-0.01028057718416291,1.1405724430886253,1.4909932965013708,-0.1535883027521101,1.1279457211500499,1.0352371125452569,-0.04966793689431956,1.147658852787861,1.382704871009235,-0.2125417302282417,1.0410859123103573,1.2868129610158876,-0.1400050361670115,1.0225545606809852,1.6146473005050894,-0.1322565742810834,-0.08486288351596308,0.6925866695973231,-0.16091724005447944,-0.28189516469218223,0.738797162610551,-0.22220554556659605,-0.15052914701911427,0.8053798702405646,-0.06580284389037593,-0.1748767685626898,0.8030965715379706,-0.17507468263745168,-0.13277148751045198,0.7016888409732995,-0.10325000207850019,-0.14350977985157579,0.697167441035093
619,-0.22777508823887568,0.3117922842895347,1.1350229581579676,0.008060285818481715,0.30386347032322925,1.1929557930775332,-0.2248379048651003,0.2149109130787717,1.3215985485759274,-0.10295568980066548,0.19118260203317583,1.3548867470118522,-0.15183447819582174,-0.15353882465636404,0.9796067675992783,-0.1577036217218316,-0.02008334155715463,1.1981551162388482,-0.16055491644719044,-0.10407508248998212,1.101141726765725,-0.29321261586627334,-0.07597391654485461,0.9248244883601975,0.013141787995712504,-0.14606211612373615,0.9782068044321455,-0.5201597327515379,0.05831722744022829,1.056779095069011,0.1856902146285151,-0.07870001950114489,1.2112136458864549,-0.4862874290915602,0.07945821383104529,1.142243399642171,0.13229427141115713,-0.04266661426828962,1.2585231859832526,-0.7433560474998104,0.182541699627065,1.1642441852983263,0.37124654984924005,0.0038295474776818984,1.357677783785763,-0.7458531740915513,0.17804058534670258,1.1904241793730375,0.3694346552723703,0.0008786621162916149,1.3844307370293816,-0.8022533440400779,0.2677207443885102,1.214455941286389,0.41793126908154166,0.09317972048483744,1.3878480956533736,-0.811112678451643,0.26772582968300807,1.2365672250445137,0.41536404019848283,0.0842870224859596,1.4320377308893115,-0.8272260544240506,0.26397048406372603,1.2852190755881039,0.4146959453225608,0.07625250016881122,1.4895786726609517,-0.20661316351124231,0.6684971216705997,1.0441217137736565,0.02069397159384772,0.7010603241190211,1.3659292302253911,-0.0879115277436441,0.6560680632182487,1.0765085217339414,-0.09823503887876411,0.6971739344692451,1.327918085361079,-0.24921251759533342,1.0372101367189706,1.2426983229469815,-0.07533728045119314,1.030365774515667,1.6176769394140087,-0.1613561253504058,1.0142906899357496,1.208482895790159,-0.14021030853254363,1.0416528987564937,1.5575387873100133,-0.25594332970387657,1.131911429685831,1.122530489963399,-0.010717991317824471,1.138701052155524,1.4997070536833177,-0.15518659918807653,1.1242825159812244,1.0553172882816504,-0.050289926373964164,1.1452876555825986,1.38873137445509,-0.2107989590465254,1.0303183083403094,1.3107801984819099,-0.1368158228438615,1.0207008220364915,1.625950984249932,-0.13012445520629873,-0.09233663014312805,0.7126594281374827,-0.16092891987025248,-0.28509711078043776,0.7616391523282362,-0.221459141079697,-0.15487546936118807,0.8270136097240457,-0.06426287044716425,-0.1813527009898504,0.8253547073407488,-0.17413009003634367,-0.13963953066543844,0.7233154916574325,-0.10127458012983222,-0.15136873299258666,0.7191285377430161
620,-0.2337325510930402,0.31099193602220665,1.073775420200251,0.0013031478176090596,0.3015882051419665,1.13750050768809,-0.23612121067891173,0.20790451425109818,1.2575227603159291,-0.11665302378732842,0.18157409665502924,1.2947151555301954,-0.16363406510472425,-0.13193531562213254,0.8695610460543328,-0.17093678706196047,-0.026540159738391897,1.1131746455623275,-0.17433856844652945,-0.09899092695270112,1.0017106604156187,-0.3052268013278191,-0.044636204746500534,0.8203414473799152,0.0028629582342475446,-0.12636906236678874,0.8809640489714792,-0.52693342847742,0.08547185968961857,0.9690232646256507,0.16230001935745103,-0.0846752716968683,1.1421697093318495,-0.4925653217471003,0.09945019088738519,1.0583410876718824,0.10919231505721158,-0.05305283336365475,1.1894250061702558,-0.7468896896634989,0.21590005547869784,1.0939448170120867,0.3413718567692201,-0.010238163331734254,1.3230086039145803,-0.7486922490209538,0.2098941537100219,1.1199922952280732,0.3404443512558045,-0.017278425605251384,1.3486522619409973,-0.8043493283498623,0.29795685089554863,1.1525587176438676,0.380114984297854,0.0815852938815009,1.369615876303682,-0.8115686583919313,0.29416861684481976,1.175013376373314,0.38235799394712294,0.056732570857538044,1.4161526787128138,-0.8289261510976584,0.29067799239914016,1.224517411019864,0.3804352391470594,0.049844277007144625,1.4790162929756254,-0.19594701578076296,0.6593380364280887,0.9599835148981063,0.022007965445610757,0.6941076890675218,1.3102284945997846,-0.07975825964738217,0.6499696067262729,1.0004844989266792,-0.09615719531708858,0.6925397601580146,1.2651771756245078,-0.22949861333521016,1.0350829008069993,1.1523370869304848,-0.07979342615125704,0.9989792952072183,1.590954880493314,-0.14186220661413657,1.018662306598768,1.1195432240458236,-0.14623435646131672,1.015511152833946,1.5215580289394826,-0.23006555070786883,1.1244990651515696,1.040574795549406,-0.01524201078220732,1.1197207254281687,1.4830721956128463,-0.1272972172074699,1.1176963822074115,0.9738102764917865,-0.053688345036579335,1.13098196276548,1.366944869637523,-0.19180952000608906,1.0369364221448367,1.2162143784081565,-0.14471454351359153,0.9884341999733117,1.5912207333214912,-0.13738895820106578,-0.05168439591242631,0.5994289319682327,-0.16979230223055658,-0.2721760228756157,0.6413357448227304,-0.2291046789370605,-0.11880387916306287,0.7109959223789777,-0.07103684141901888,-0.1445431540847378,0.7102932497404462,-0.1799275584649777,-0.10029485586194235,0.6052689569080696,-0.10823358315890824,-0.11184568079350775,0.6005937337130072
625,-0.23101801961486995,0.30993434357552485,1.1125993944146042,0.0068390201739628835,0.3021918583166291,1.1730902183939378,-0.23028077288576757,0.21245925238800137,1.29781338559253,-0.10892687086840254,0.18694935234494547,1.333952409496662,-0.15721725405043452,-0.14291321264113038,0.9277564780199784,-0.16400009566765558,-0.027257979403403236,1.1614364623037825,-0.1671718525737237,-0.10379111281685224,1.0560989484144616,-0.3012052004292803,-0.05841434616051563,0.8775125764790499,0.010076516867759306,-0.13538996995006397,0.9337367910497357,-0.5251100303745886,0.0737190292906172,1.02275693916673,0.17627447057665022,-0.08122982226202932,1.1814797291745767,-0.4894970513529147,0.0905927886190031,1.1126368325309146,0.1238794126221963,-0.048587620286332955,1.2299106676094718,-0.7482273582774885,0.20347114598798752,1.1417946504911791,0.35894576506637665,-0.0030483082091692887,1.350371393182479,-0.7496817774527411,0.19847629807523606,1.1682655659750445,0.35880520817756045,-0.009195134288735893,1.3756583882298403,-0.807583006791416,0.28689486136100856,1.195226408984691,0.4007051991417586,0.0896828748559487,1.3919374447243693,-0.8150146575381958,0.2856073168880832,1.217431891581752,0.40686190285943763,0.06607009587933323,1.4373323664736173,-0.8309498438744197,0.28189990486353655,1.2667801124509763,0.4033278696039222,0.06099459829001483,1.4972622765831636,-0.19567216939382903,0.6631410848694604,0.9954042604649985,0.026909288322556745,0.700551031912064,1.3377060410504833,-0.07828168163093449,0.6529897616603679,1.0320213621005676,-0.09095830588506554,0.6975066478244349,1.292419892002933,-0.22152159847625366,1.0567396095616464,1.168507081646851,-0.07638833024101649,1.0170581197035116,1.6057234357404089,-0.13515085971260682,1.035966199364606,1.1286614236309633,-0.1433835750619836,1.0297148295471152,1.533971665327527,-0.22432217180590341,1.1372148783013352,1.0500488986332943,-0.011021344468642145,1.1302242253128627,1.4947589901509384,-0.12241178496902262,1.127539360190588,0.978465456580358,-0.05085183740715106,1.1394246668968249,1.3736282584107347,-0.1836327208656542,1.0598143602389736,1.2308396773134056,-0.14152934869619127,1.0028242091757642,1.6027250502600863,-0.13259476593666852,-0.07071008768879014,0.6575601277664764,-0.16596448181828755,-0.29980689696233176,0.7057391704419422,-0.2247453628609113,-0.1359407404434983,0.7703714442045011,-0.06525514407757917,-0.16181954282356928,0.7695171128730696,-0.17566218693163282,-0.11940551207688138,0.6649401411564069,-0.102929668903844,-0.13101588590853963,0.6602202958152991
626,-0.22900616955232306,0.31226662199491806,1.1194773438569277,0.009263214382404596,0.3033485435129559,1.1783410137459471,-0.2276913907944397,0.22042988922521695,1.3062672871614667,-0.10544833696940789,0.19465384347182033,1.342335936980212,-0.15880932133570302,-0.1469853717568938,0.9527561139385582,-0.16173789952743534,-0.02210313215300182,1.1796809781514286,-0.16665917523240453,-0.10267702791890018,1.078180857219976,-0.30185052880369795,-0.06213163361453507,0.8999650537782555,0.010178703982536293,-0.1397566869335472,0.9540889292668429,-0.527372686353833,0.07224867056667489,1.0378317853713344,0.18154014833774226,-0.0804908859896322,1.1936528352458535,-0.4931574105863573,0.09086050048146693,1.1253857376580236,0.13021540253992692,-0.045768889584368096,1.2432084601978248,-0.7507476428585714,0.20150438092190667,1.1581578506720194,0.36711081083394476,8.192190365464199e-05,1.352141138989419,-0.7527395910553165,0.19610691055489807,1.1830458680225737,0.36683496828169176,-0.004672027671953074,1.3780837758557576,-0.8093781633986037,0.2878282300264613,1.2107730716880987,0.4127092230486066,0.09165682666892996,1.3880979659906303,-0.8172891707603853,0.2863693175771008,1.231451395976264,0.41401475738974947,0.08136983028924102,1.432805360911796,-0.8343955736884092,0.2817155062735417,1.282017540934154,0.4128523535363784,0.06803493518267578,1.4927649177221227,-0.19912876562395254,0.6713263124875052,1.015518018216215,0.029936912472963463,0.7012850205361264,1.3320321506625212,-0.08038511196356768,0.6590808115038461,1.0485307086589448,-0.08718685227685473,0.7000597310749018,1.2891979904475332,-0.22755916416345345,1.0689393113910974,1.183300589264718,-0.0718223751317418,1.0350289022859034,1.580920657013255,-0.14193372778803007,1.046365568859426,1.1445513353292356,-0.13804233813198571,1.0453804903623174,1.5126162111564576,-0.23128151771705022,1.1467119966850114,1.060645152187305,-0.003803823733774491,1.1409783335676353,1.4662331466834417,-0.13063131601767486,1.1365132648265925,0.9896745929309168,-0.04326051352089927,1.147631374312939,1.3474989939719726,-0.19069092863394088,1.0725804784865287,1.2482909284108086,-0.13703564975437316,1.0231608487421329,1.5809289145576044,-0.13705089660243203,-0.07749085746337708,0.682441070615871,-0.17109570424506793,-0.29811175540989937,0.7295954703269205,-0.2287182923885357,-0.14310019774479502,0.7963688553947508,-0.06900551870660096,-0.16968398870950346,0.7930012408702869,-0.18102690884985811,-0.12594864318493437,0.6912236300793484,-0.10738712419961292,-0.1377857435503222,0.6851025462499594
630,-0.22930426065815646,0.31055981662589527,1.096852425304455,0.007759787305786221,0.3002760170537272,1.1570559952133344,-0.22995599249409976,0.21879417807953377,1.2825125303153593,-0.10884349803960015,0.1924184240998632,1.3198570807267394,-0.1637159380202166,-0.14190696843731215,0.9190092239738337,-0.16505414628988563,-0.022263988448562366,1.1524401031695324,-0.17124680302031833,-0.10074898506855778,1.0471636965931124,-0.3053274525392912,-0.053505208716709884,0.8669218003583898,0.006087580450791072,-0.1357034038675549,0.9229038910295191,-0.5293640624946739,0.07997659580790184,1.0079261820669534,0.17367915884135648,-0.08234899565875088,1.1703579186042272,-0.49576967908301856,0.09617263771287737,1.0953928921487093,0.12228331950290428,-0.04881303175239446,1.220300574937835,-0.7506963632880668,0.21179744616742877,1.1346261692363027,0.3580853740325417,-0.00245128113289676,1.3354285824167684,-0.7528656574839359,0.2052529523533754,1.158587431265527,0.3573978239929969,-0.007918596621853853,1.3617266848478993,-0.8089783088981235,0.298998251915649,1.190094933536836,0.4052869084443367,0.08805079168767185,1.3750174086384996,-0.8169970406848266,0.29554442719094903,1.2110752495326,0.403187562542686,0.08040937394971512,1.4203348451607725,-0.8351464063899129,0.29034060804535433,1.2624717116728805,0.4019155788158618,0.06225370741188891,1.4832337333565029,-0.19751849071153427,0.6728955450856651,0.9963373754885997,0.03422089654555034,0.6958048257715022,1.3041202597998724,-0.07979397477713726,0.6624588213294401,1.0318200849054022,-0.08271867716581566,0.6977281418387793,1.2610963694417923,-0.22398940161257846,1.0761626477244852,1.1590254102899928,-0.06428260966768151,1.0291702960782636,1.555849478085751,-0.1397540091933167,1.0592061601393743,1.1233150707036008,-0.1316483960688094,1.0418591079005735,1.4889665316744927,-0.22374936047886285,1.1491717534912476,1.036387043107399,0.0060061656372146915,1.1379449667595778,1.4447404784722795,-0.12385797527414565,1.1407131556737777,0.9668618173786119,-0.033767193553040656,1.1454338157320603,1.3294453606212042,-0.18818218248398355,1.087024770000209,1.2242469687707125,-0.13153999552997872,1.021663675829588,1.5572882299090347,-0.14253992448215075,-0.06760871385622474,0.6484205520957731,-0.17663805841513353,-0.2908600525039765,0.6936048984475311,-0.23303104788549278,-0.13491562923660838,0.7615021348038633,-0.0738836094750352,-0.16099944920702813,0.7563901684963298,-0.18591576364782167,-0.11615643240702969,0.655856780181545,-0.11299947812068548,-0.12774109717813703,0.6486622628119794
631,-0.2244822124045941,0.30291956771317563,1.1131960681855189,0.012233280710371518,0.293036169484469,1.1705822019542533,-0.22319210865535594,0.20805299519050718,1.2962352289926269,-0.10267595084703396,0.18331400586588478,1.3316346162877692,-0.1562246464841724,-0.1493294769061639,0.9334073398605889,-0.15880725590839656,-0.026858782521217456,1.1633532117650849,-0.16419739197013197,-0.10589976684471157,1.060357125514098,-0.2974395206454911,-0.06447447123808843,0.8821267035318705,0.010965708649577213,-0.14231443759489992,0.9354738144771693,-0.5207606224020936,0.06663119535336222,1.0262388357377703,0.1780665325276746,-0.07953732735789407,1.179455796795038,-0.4852512742355693,0.08244058746532701,1.1138553780608236,0.12507494966927918,-0.04762363132121741,1.228641030244968,-0.7419633555330769,0.19755024245261338,1.1479218882080466,0.3628205885205008,0.003980044819716779,1.3385377748778307,-0.7436655738495239,0.1909842236747505,1.1728330325061598,0.3609923478832432,-0.001082673515089655,1.365129604639682,-0.8034745111467574,0.2853345940695733,1.2030462612974535,0.41565501205073324,0.09186011429043718,1.37751414232627,-0.8120496513284401,0.2824191355230467,1.2272420053135562,0.4132890802164563,0.07975862716137984,1.4227135046061494,-0.8278780555212311,0.27693553530393905,1.2772746531353805,0.40731155542958697,0.06829744656642871,1.4845283893213914,-0.19465300297326327,0.6724543746226885,1.020423128869103,0.04280053814979317,0.6902564317543647,1.3230688711985792,-0.07840355289116888,0.6651940942543801,1.0571402791226245,-0.0765866118287066,0.6923451039692577,1.282024340659191,-0.2156086342181036,1.081060586369025,1.1792698718628738,-0.04586888179142567,1.018116867230134,1.5825920688721924,-0.13366239781357397,1.0702577066060832,1.142672725737663,-0.11594112994234256,1.0333993159112027,1.5201585439027436,-0.21219121065526636,1.1488406825890953,1.0513574650382713,0.0241081657296308,1.1306721874985386,1.4748258341910327,-0.11462510440124496,1.1426480643350874,0.9808877645457091,-0.019297547413471595,1.1394997150699893,1.3639721946261467,-0.17959034397217857,1.0974332284711534,1.2436475730244163,-0.11385009517269415,1.0141121880798443,1.5875024348099724,-0.13675604449858014,-0.08343515918652883,0.665033034630254,-0.1703331733548854,-0.30534271374855326,0.7196287207741902,-0.22605640078670425,-0.14649275041287407,0.7782312622280643,-0.06830278910463877,-0.17231244417776503,0.7730370333803744,-0.1793476208938206,-0.1309916216119343,0.6727927328617425,-0.10768646722336453,-0.14244282877851366,0.6662879720119753
635,-0.2168845812950505,0.2964844470880544,1.1103176896587748,0.01592715970996544,0.287602052452262,1.168789595424221,-0.21604237733670775,0.20405743442905144,1.2925822247783383,-0.09767746187082182,0.18073480641715292,1.3275219625775634,-0.15122615177501048,-0.15403619870262827,0.9345501244358145,-0.1534418077915015,-0.02621878050449817,1.1621522413568974,-0.1590784667663542,-0.10737597281696286,1.0603576327019906,-0.29036675217189,-0.0728696414021919,0.8829695212256468,0.013789269846172118,-0.1479070682645287,0.9352462025509469,-0.5123400154783285,0.05643270708637883,1.0298449633886468,0.1774126243436383,-0.07857191891120513,1.1800798676304698,-0.47523298882180964,0.07212226279513523,1.1186931601603383,0.12318465398579004,-0.04696173612493063,1.230357703783882,-0.7316783921482461,0.18723846679656603,1.1427946641804594,0.36171179847258905,0.008833821219880985,1.3280092540569288,-0.733555822643485,0.18107041083514858,1.1695102192077471,0.3595309382294097,0.004886135810380068,1.3558194850431908,-0.7936884986958295,0.27542046204621945,1.1952679569363664,0.41892575013834243,0.09444812551721696,1.362487324233129,-0.8027756902131418,0.2734680888925624,1.22306147345924,0.41514373677826033,0.08449471510183312,1.4084957826458913,-0.8181092405109878,0.26920415782972795,1.2732945941631963,0.40661890697799175,0.07618493444548725,1.469662186941493,-0.19029324635106892,0.6681209872212495,1.0121569448662942,0.047501930898175816,0.6884874324890874,1.3193665813607494,-0.07519676830438879,0.6642822231746808,1.0514503742923254,-0.071669512883444,0.6919414534223433,1.2802342062649026,-0.20986602626852432,1.079130931333662,1.1673349462226825,-0.03842326043287573,1.0199601020978857,1.5807405602600157,-0.1291950869725615,1.0735835204186608,1.1330723871740496,-0.10759791265347522,1.037019311540112,1.5225093800959066,-0.20535460742684727,1.146433844104636,1.041151585135181,0.03277703044171689,1.1322497388574004,1.471300564735519,-0.10886655111005955,1.1419992763579807,0.9710239210018868,-0.010165043443129951,1.1408755014142802,1.3676803074586195,-0.17344610523480064,1.0996011139076511,1.2302577726615345,-0.10587356944792006,1.02254055801337,1.5899426854442322,-0.13242531337687938,-0.09897635604151969,0.6674692445897563,-0.1649149406079476,-0.31202446653650906,0.7323660220253277,-0.2202302469239969,-0.1572107266923919,0.7824797637458294,-0.06479861506825838,-0.18203381113474992,0.7770256599968579,-0.17448282177162155,-0.14548561861892334,0.6780098760533566,-0.10439056724231029,-0.15638234611145316,0.6721331566176258
636,-0.2054162816561615,0.29040186008378766,1.0921475143816315,0.01923423691107476,0.28560067474620243,1.1581455466991577,-0.20798498091336126,0.21108344014317193,1.277086506474438,-0.09373689659874888,0.18921343990251124,1.3142007812777838,-0.1469601006656931,-0.1570078390710268,0.9292116245056097,-0.14812548290203278,-0.02062692103931108,1.1564897009551192,-0.1546951162255648,-0.1059791911528162,1.0543530415005442,-0.283768345615798,-0.08047979630708313,0.876705042888748,0.016867832759501995,-0.1531342621322757,0.9298574477807889,-0.5036634940200637,0.04834407200838656,1.0292510982073941,0.17229515293651798,-0.079693345755908,1.1815588330943885,-0.46393301916966956,0.06477254840779137,1.1236689039811436,0.11748656534075866,-0.0470359344149673,1.2365189221627224,-0.720144833300725,0.1814707390402044,1.1238493095943225,0.35504284353014465,0.012289369027963456,1.3115550917668166,-0.7227321805957412,0.17729800542462257,1.1550259154875475,0.35481894608819564,0.009902191586009941,1.341336656077944,-0.7794080125359344,0.26862103743194476,1.1665254770519646,0.41313000909277936,0.0983923482390273,1.3367018503251362,-0.7886745886372502,0.2699664825002661,1.1989276173016687,0.4124458260355516,0.0937460497596615,1.3848732787683877,-0.8053263477565555,0.27000629628454575,1.2514668847912283,0.40272357316209695,0.08764359935157523,1.4448658246702468,-0.1807152781955424,0.6542497565422065,0.9506603423040854,0.04644472718708856,0.6980500447311704,1.2921830067642117,-0.06631849525459342,0.6553519344166701,0.995068167432675,-0.0675768042039479,0.7031346354330975,1.2519343772929064,-0.19750698070566808,1.076450849045824,1.0884600780968756,-0.05281026105075945,1.0459122557689835,1.549175180533612,-0.11681056486701413,1.0728235874753809,1.0560081205395617,-0.11588985521304676,1.0619739476135417,1.489024360543394,-0.19602766634773486,1.1451368571776395,0.9748907609591327,0.021683484517719457,1.1504379134841984,1.4304149973107705,-0.09781855176809391,1.1395230062826345,0.9031361250877121,-0.014587116905788892,1.156482911408058,1.332403209788081,-0.1597201050716666,1.1006524204448684,1.1454626609068135,-0.1183492306092615,1.0556822826614645,1.5581703652581598,-0.12580202380093453,-0.11788733165291154,0.6613112827311378,-0.1564857193887452,-0.3257959831667532,0.7413139640826274,-0.2122008592008438,-0.17019411637421689,0.7807571960387505,-0.05945969771800023,-0.1920179058552132,0.776142827481693,-0.16736513653166946,-0.16386827240837543,0.678372977767589,-0.09919693224006201,-0.17321950054775231,0.6736226052305917
641,-0.19488096374607305,0.2861860107161741,1.1058722749780574,0.025660821630802085,0.285088132301288,1.1771097154989858,-0.198873860922551,0.21451247204083812,1.293698126136996,-0.08643091124463045,0.19461051872484442,1.3317198860169137,-0.13823716445515855,-0.1676630362264343,0.9609056225298191,-0.14038432146490823,-0.018308872026358846,1.1827195830694281,-0.14660622141229512,-0.10958243959362837,1.083780499349056,-0.27381873920872135,-0.09648122978919463,0.9063045072442383,0.024380558028968394,-0.1635076680554835,0.960440227248436,-0.49502707278192853,0.0344679089651823,1.0611936769996433,0.1767774840007469,-0.07721400130045836,1.2120228313807018,-0.45306587023613515,0.052971045585515644,1.158620138809047,0.12025179396030024,-0.043883372989568514,1.269665981984824,-0.7118628303421926,0.16914785593364023,1.1418516934140928,0.3597949236695974,0.023147950479773926,1.325789293493005,-0.7145630938099694,0.16616214980182434,1.1757975902879043,0.3602211421404404,0.022288215104823005,1.3568758431944152,-0.7720307537422757,0.25695026730773074,1.1765489257210078,0.4193691788320123,0.1108493345023365,1.3443957461170748,-0.7819199438992066,0.2605266372311653,1.2124033149289617,0.42074094266666723,0.10810835806931043,1.3920324283688303,-0.7980656267931912,0.2627509088176566,1.2644300479730648,0.40955493922144803,0.1076436039813857,1.4509469954915521,-0.1770311146607275,0.6530202304485002,0.948676839768926,0.04693117492879844,0.7076923712741137,1.3066668304836424,-0.06255593421245641,0.6574047130862604,0.9951552954238294,-0.06485735993682816,0.7124822515890878,1.2649061731577969,-0.19293908248675193,1.080651309281787,1.0738422029254364,-0.06307839541988856,1.062552077412319,1.562492479141666,-0.11313458450664089,1.078511716880192,1.041560996404035,-0.12256414901510151,1.0780623252922814,1.501274123150484,-0.19359481333957093,1.1491090345358437,0.9633274152413134,0.012233755733939646,1.1633138156571001,1.4408346670174472,-0.09553355824113502,1.1432696445637254,0.8903715863613366,-0.020312559085377116,1.1678195600560355,1.3466458622987245,-0.1547671382451626,1.1065999322637712,1.127776284225925,-0.127599063754807,1.0762335575329536,1.5719091699835,-0.11757230444343074,-0.14183629130761952,0.6938043678390855,-0.14534918732278806,-0.34685397550042757,0.7851497062625888,-0.201763548741308,-0.19043854238143748,0.816522308827654,-0.05097721099176069,-0.20968815245378336,0.8114572456662552,-0.15852122483725195,-0.18762879169246557,0.7156713236636733,-0.09167243255745373,-0.19565451794459737,0.711348442719113
642,-0.19065008325578764,0.28953271388762497,1.1456924753695046,0.03270238000380665,0.28931263311146893,1.2201102533496848,-0.19517095916380037,0.21645218829894808,1.3371158222756425,-0.0806849323044792,0.19768611824233995,1.375815584224479,-0.13166423922508247,-0.18207868865481455,1.0186900967541925,-0.13597264125883085,-0.01886334255381406,1.2335574661842013,-0.14125417851430966,-0.11664588432042955,1.1394820035633135,-0.2668781024499729,-0.11169431454734371,0.9599136344834134,0.032132599768030796,-0.1745574727564574,1.018323472650775,-0.4947219310200934,0.02668809097629183,1.1105480383820174,0.18867622800011635,-0.07186218570516807,1.2655115080049302,-0.453546314180938,0.04772864470076332,1.2052822122467097,0.1294836376708895,-0.03841581602155357,1.322541396079324,-0.7158859465623872,0.16380380987836402,1.1957515026448273,0.3741587442524511,0.04001139839706074,1.376736708733767,-0.7181442041790982,0.15931378389503054,1.2274432056612925,0.37294946218390934,0.03973822858525755,1.4079928522502225,-0.781043135558595,0.2558499508307844,1.2296890453644391,0.43437481494992924,0.13150412921208582,1.3977171071191323,-0.7921269966839541,0.25723057790254,1.2645776901122656,0.43179390573417065,0.13078606308189805,1.4405102327108064,-0.8070057931347845,0.25709425295682814,1.3126092565930043,0.422077193409787,0.1323255337715931,1.5019550332949927,-0.18588244766751802,0.6773564419583992,1.026271422008913,0.04814593915093762,0.7144918800836457,1.3590358130627695,-0.06980514745870801,0.6809308967857317,1.070117771163086,-0.06542127312436544,0.7182944427160283,1.3144179432720167,-0.20774344039440534,1.0985719783781174,1.1493913804478337,-0.06906190735740804,1.0623087957554112,1.616085118701331,-0.1300724844681802,1.098037470486151,1.1182368950337276,-0.1291729919911564,1.0786039519619033,1.5549781071679507,-0.20724162645300198,1.1640958745889591,1.027300411384648,0.004665971948251236,1.167028949737473,1.5043348545795017,-0.11204355622517326,1.1601742351031255,0.956495247008353,-0.0279905679482796,1.1718412151604722,1.411404434036416,-0.17214172544348832,1.1246951243437056,1.2072063596581164,-0.13547307255770066,1.0755882102388337,1.6271044094509197,-0.11633813939248902,-0.15372457278883897,0.7538100349688328,-0.13980339415585474,-0.3605058106943073,0.8400652186518569,-0.19677094764579428,-0.20732646319497405,0.8764734833508185,-0.04614212920791021,-0.22493136812427866,0.8669951056938789,-0.1565750217988781,-0.2005771685335057,0.7754594206820472,-0.0896053932502072,-0.20774314794700544,0.7688051899462409
645,-0.18704227840073848,0.29289508473847703,1.1734471402316953,0.03804407571791981,0.2939811225391953,1.2480892868490718,-0.1907397943470876,0.22374842066891654,1.369175203302029,-0.07492421613330186,0.20602618149063845,1.4075160572316183,-0.12778638503660006,-0.19116278047174226,1.0638749702454713,-0.13219400241184184,-0.016576202389381886,1.2741906372650131,-0.13767564406542582,-0.1199026453813353,1.1833083642892344,-0.2633555157114281,-0.12164975314823748,1.0017623390859203,0.03733307643006259,-0.18275536702974018,1.0629326124128706,-0.49438293673465017,0.022985026501159467,1.1494632858122795,0.1962600018966389,-0.06956328705458154,1.308102149517961,-0.45322367022368315,0.04680388707525393,1.244045993958642,0.1361388726949136,-0.03456466269670552,1.3660688485368877,-0.7165655418994782,0.16276749436278357,1.231772317002648,0.3836152818105885,0.04935311009294372,1.4126918048762855,-0.7193488074417671,0.158539115817316,1.2631183532223753,0.3822382126079014,0.04991988928858104,1.4442310365694522,-0.7815661779270686,0.2566586889542805,1.2619329243967738,0.4437845373308028,0.14322091295342068,1.432284250358256,-0.793871019090121,0.25849080313066575,1.2963156252188672,0.44054629132043777,0.14549141917372602,1.4732591138100788,-0.8090243102141204,0.25859354625588526,1.3422327310331377,0.43228061569589693,0.1478959952183514,1.5357197548292412,-0.191873194212191,0.689713516814224,1.060148495596384,0.052373067271098216,0.726282957925027,1.3819929661539962,-0.07389465662926167,0.6925281310119771,1.1016930508786429,-0.06123661277366465,0.7287918585428841,1.335505955213184,-0.2126819825017171,1.1127249969084478,1.1737740460798638,-0.06762880872958932,1.0770215646535128,1.635837389531957,-0.13574651974873891,1.1121514923593652,1.1410070027241912,-0.12780414663950074,1.0917174097547528,1.5733946324555323,-0.21538086310097704,1.1766393475696901,1.0483992964050401,0.005008770057382735,1.1795963131273797,1.5252596024392373,-0.12143734081516074,1.1723613889731452,0.975376583899636,-0.027910974448720233,1.1834856616040716,1.4327242178334845,-0.17646314639192773,1.139803301501271,1.2309035356189262,-0.13501809633616438,1.0892947334791496,1.6465187507255283,-0.11570829990828709,-0.16359392903706144,0.7997340518164473,-0.1367151171138975,-0.37153809094276025,0.8853914605529738,-0.19356269588982095,-0.21952111692153417,0.9231357659928165,-0.04310620476254054,-0.23586129315611204,0.9114721366623335,-0.1556012202975518,-0.2111841403483538,0.8224222060668036,-0.08859529586833154,-0.2175868207254041,0.8145700324361345
646,-0.18535315396764862,0.29357607654304446,1.1871476801828722,0.04099602789708805,0.29515798213984745,1.2526067931882876,-0.18382869200603053,0.23109708391559863,1.38542283109491,-0.06745827230299294,0.21462248577212967,1.4195424921832969,-0.12657520020840102,-0.1922713215018705,1.0873030852912824,-0.12808773420655575,-0.012847574181914397,1.2956624627029814,-0.13517834629981745,-0.1184697629459391,1.20608539999321,-0.2636012884568653,-0.12462888214562434,1.0242791453429814,0.03843655507268068,-0.1868404846340045,1.0833130365527963,-0.49118830677959935,0.021776000914056494,1.1710011059662513,0.19834695643715552,-0.07130496942090433,1.326919338412913,-0.4486040373085163,0.04802172579757427,1.2678769012781732,0.13974759099453726,-0.03332743453133316,1.3864297291488086,-0.7085333392903919,0.162412884046755,1.2398267955601998,0.3867873409047726,0.04619238223987236,1.419132778986904,-0.7131768769588085,0.1609096288290664,1.2734333465422432,0.38641965502026204,0.0479822071769379,1.4509063148124304,-0.7663771505591932,0.2542548043837811,1.2646649301182873,0.44888450522596546,0.1372491865725597,1.4323467077385885,-0.7801121858946155,0.26039502763990413,1.2999808328371123,0.4485976693370337,0.14114897751658378,1.476630706216106,-0.7967551038976752,0.2639634968224326,1.3460284257173805,0.4396652680358024,0.1449944789245468,1.536946625568206,-0.1937469912020039,0.6825384931741416,1.0426079201750138,0.06614373689249882,0.738346976671468,1.3660880215590927,-0.07420485115279947,0.6848143326262637,1.0818450640760604,-0.04753530289947856,0.7389125885954597,1.3221794521811168,-0.20108629009020995,1.1167458015164748,1.1426532609645845,-0.03737389280534395,1.1016264375494687,1.6145798491823184,-0.12328563839612575,1.1163505269598382,1.1039358229655176,-0.09964792815222799,1.1127612691984772,1.5531205798609324,-0.2119041740737821,1.180818418714853,1.0232566740992048,0.03383315556563153,1.196049900555602,1.4933073724377062,-0.11808260703092319,1.1742997397661883,0.9413732494737961,-0.003531420554391875,1.1984401472328767,1.4021162969640395,-0.15879885451671039,1.146810777833534,1.1930031452546532,-0.10445767289675353,1.112802369756544,1.6251770048337364,-0.11538091614933947,-0.17193303795127812,0.8228921165436737,-0.1377648663133525,-0.3752888340389997,0.9167413011033507,-0.19283719143691302,-0.22395157072040575,0.9472542946283002,-0.04294795208001235,-0.24089313468064655,0.9373820684691693,-0.1554646030986221,-0.21892201817353735,0.8472561281158963,-0.08880205525254158,-0.22532776874956595,0.8405438886085207
650,-0.19026839700172904,0.30347675988172107,1.2132761771493283,0.04222953491257134,0.3049916496134256,1.2727107257746608,-0.18445607676420656,0.24171983935680946,1.4152180173156097,-0.06317720652215708,0.22484451897837565,1.4479487420389803,-0.1302265643330943,-0.19807307063241336,1.127587606157083,-0.12880457175999696,-0.010607834347476072,1.3306701376055254,-0.13750117465418432,-0.1207481437465413,1.2449618095284234,-0.2696766179072652,-0.12864516550425276,1.0616878896224757,0.03831345799912231,-0.19406833614737107,1.120407126062586,-0.49724099135882427,0.024477374505549793,1.202279908955934,0.20116732219589648,-0.07505292808676725,1.3572817138096778,-0.45626853740520623,0.05309063931330646,1.301522068508452,0.14465463427448216,-0.034129974094882026,1.4207496104848478,-0.7153733657940242,0.16879464453248733,1.269224235260673,0.3887361296492311,0.038217998559244154,1.437344920477786,-0.7210827167346303,0.16769558498274023,1.3021621598446491,0.3897474693828785,0.04091341871968007,1.4685312493453655,-0.770011279891748,0.26503559445163394,1.291366253718374,0.45078143535522874,0.1292773757762239,1.443059331459458,-0.7843891440718906,0.2727746187722022,1.3237532542173343,0.45400757104590955,0.13562156808102166,1.4888562661959712,-0.8018012828221248,0.27458987151210296,1.3696998890461591,0.4432794759467137,0.1396474538127371,1.5449326095129443,-0.20344336251238698,0.6847512473715112,1.0751342414313636,0.07275327033855082,0.738875089592488,1.3809194794859185,-0.08046629157702326,0.6784141754692276,1.1073137542651916,-0.04500939152895697,0.7337125139141851,1.3350246729206376,-0.20833954327392656,1.121706303474393,1.1753975452368004,-0.02580830353579737,1.104025150756153,1.607212150999385,-0.128785695703209,1.1049726476508535,1.1236873082154453,-0.09239574382343295,1.1037475455155037,1.5447183595008633,-0.22442253219491579,1.1827874547105162,1.0491979999447298,0.04002648470977157,1.187266759196556,1.4848551581986902,-0.1308178540386806,1.1705486713266224,0.9582457146495196,-0.0015204810561273482,1.1874210647809822,1.3813425744052754,-0.1654089321899443,1.1398739423073159,1.2285309579098267,-0.09506644296269867,1.0936714408895152,1.6145701378509356,-0.11976192013150859,-0.17588705266980487,0.8599690873590361,-0.1425988810724954,-0.3828262424359512,0.9540327280948371,-0.19950187569433864,-0.22973147239596767,0.9850010240274301,-0.0453425257280671,-0.2471941857594274,0.9760793657213116,-0.16144412331173752,-0.2240670546925514,0.8841862904539868,-0.09161986615039072,-0.23091836971073398,0.8771546691683552
651,-0.20047978567994745,0.32392847565915994,1.2441205997342035,0.04090468347786729,0.32715241215035384,1.307256363672483,-0.19387265627721323,0.260109305111505,1.4519484563432987,-0.06320476688908028,0.24071572149183076,1.4893409755831342,-0.13947176841501457,-0.2112490628044362,1.1836648925827182,-0.13488626192443295,-0.008531206339173307,1.3761092806728858,-0.14530751704072226,-0.12773729053675742,1.297913516199916,-0.28205474627706667,-0.13741855795542599,1.1123889500803026,0.03729892532333488,-0.20754900055663209,1.1727085223449085,-0.5129632472635783,0.028100402654345553,1.2428107736246585,0.20098381981812996,-0.08344451742133534,1.3974585017360428,-0.47663990696560943,0.05895520310700687,1.3487064653332714,0.14764943088681848,-0.03934915379005473,1.4716742415456352,-0.739758621403138,0.18080900020028992,1.3145889170575584,0.3828566126271796,0.020844946415964433,1.4554352145152667,-0.7453483527250147,0.17784761608567154,1.3454089760551473,0.3875345337573298,0.024649385242174495,1.4856070724920016,-0.7961787938930225,0.29044821329303644,1.3324684598212397,0.4413613220534366,0.116543201743074,1.4454549920697677,-0.8093886727737973,0.29796247530442155,1.35855867553196,0.4532514451569971,0.12719801970298406,1.4918422627106667,-0.8267484157854932,0.292208790764679,1.4062151714143953,0.4371980815367808,0.13215865087647805,1.5379842055224577,-0.2174941916315836,0.6873675442344753,1.1409158011385554,0.0638878881572106,0.7234575852739712,1.4279349655502998,-0.08888853517375153,0.6619206041873376,1.1617075772651893,-0.061273668610470775,0.7067152892374071,1.3720186684122513,-0.23634653455099663,1.119995192478974,1.256518504017713,-0.05813824367500707,1.0819835850106343,1.6015909754973872,-0.15283537636815675,1.058406665514151,1.1800682942373253,-0.12855451008431495,1.056125762736088,1.5326629688684217,-0.25478856314916376,1.174790837615456,1.1117446642528495,-0.0023814184058846806,1.1436766836258763,1.4866947093158762,-0.15953922648224744,1.1494718174247562,1.0101489910067003,-0.04317219972651552,1.1388202517059942,1.3493520755225337,-0.2008546304143322,1.1015022612788674,1.3243497996542728,-0.13165427427719156,1.0188024800038116,1.5990572398404785,-0.12615283303144234,-0.18325546156902506,0.9069030502358255,-0.14786477544836507,-0.4054155625378521,0.9987939466041769,-0.21333160467261564,-0.24327733011303518,1.0349204012336715,-0.04806042358061033,-0.25976157662472055,1.0277076316835576,-0.1717701847231084,-0.23506618406064672,0.9320378126839485,-0.09389556978860443,-0.24246581755312285,0.923835666245848
655,-0.2041116842104953,0.3246003833379374,1.2276077237549734,0.03643198514249954,0.3275993928044063,1.2942336894225952,-0.19934664648001738,0.26065562041045676,1.434370614835518,-0.06871654103707459,0.2402842685655793,1.4737522797800877,-0.14503708259594233,-0.21009340837396603,1.166662694901063,-0.13917864634626584,-0.008505359296715923,1.357696721470729,-0.15018707079137342,-0.127426600794754,1.2802644281788829,-0.2864431007919911,-0.13506723585621,1.096132435564237,0.03109510502839279,-0.2086502236299453,1.1564801076077298,-0.5138475965532817,0.03130198961332359,1.2284165900716872,0.19313419310759755,-0.0913922239643806,1.381693251926631,-0.4783062570049145,0.06093394586100584,1.3362714263407915,0.14177582424122137,-0.04632739535103438,1.4556257532361259,-0.7384704751915592,0.18711823075117906,1.2973212245133587,0.3717907361544418,0.006402728615682795,1.4428360418470356,-0.7442202788129412,0.18372541772940326,1.3289515532150875,0.3768741523071951,0.010271473353978853,1.472737895887854,-0.7954902933002554,0.29908508070605333,1.3125642614933906,0.4300517415394988,0.09984575374453745,1.4321238975041826,-0.8083996525778658,0.30703280726182847,1.3380499147782199,0.4428264563876515,0.10955644242951894,1.479935205656828,-0.8253754575894814,0.3002033343690155,1.3850694598869961,0.4246549303034657,0.11306932196627605,1.5248531108377854,-0.2180893079657395,0.6812664593196196,1.1261041790112176,0.05716749684019534,0.7154041633865103,1.4201494829540935,-0.08985178469853919,0.6549895404214083,1.1476422291187944,-0.06835176761148418,0.698083351452625,1.3626096902323754,-0.23674598461534901,1.1129691166556208,1.2459575025573364,-0.0694898589787458,1.0711366934719608,1.5886741335117127,-0.15341494073032386,1.044506976345697,1.168989904302427,-0.1396174716383882,1.041827823895805,1.5189009762380867,-0.2534847414869911,1.1660777977840144,1.0994800262569837,-0.016105282645651902,1.13000297288604,1.4761414012525267,-0.15792882537066644,1.1390010799528856,0.9988912520312048,-0.055252308551656804,1.1246737435174121,1.333295557035557,-0.20357090269340322,1.0882138837072068,1.3180325631285665,-0.14272947769281952,0.999956569903763,1.584886491216143,-0.12857720652167826,-0.18169609255704552,0.888645102460029,-0.15169514742301005,-0.4063323329476709,0.9810142576558801,-0.21812692238980275,-0.2416449115029775,1.016686482996556,-0.05221538547611747,-0.25797387192096777,1.011273890630461,-0.1747003523012604,-0.23347359069018397,0.9138007589549137,-0.0962152557537549,-0.24109285028679994,0.9064515639435025
656,-0.19466094252727523,0.2924518862720218,1.1441298055630513,0.029146027959709105,0.2919474740226151,1.2184413127321214,-0.19851744198235977,0.22956438933871143,1.33915072499292,-0.08383057053946202,0.2110754302657566,1.3774655344169484,-0.1412840703729653,-0.18953822496106515,1.0430967640100746,-0.1397582784845482,-0.013164702324717743,1.2473072317686427,-0.1482928001267674,-0.11759092017272708,1.1600772101799617,-0.27343101034034467,-0.11814163465388443,0.9821253497396697,0.019534840026907283,-0.19069866942691,1.0434490219972914,-0.4905462931683582,0.032380273369225755,1.1352785940495798,0.1781412533795027,-0.09422405016642613,1.2907205071405041,-0.44993401027443547,0.05540427627301139,1.2338392352598422,0.12459197832423376,-0.052984469576213875,1.3434376546536475,-0.6977034138567133,0.18281666288818282,1.1963080995103477,0.3597456334724479,0.009053525027934424,1.4054855757982616,-0.7033291135177177,0.1798784169582112,1.2315997938628438,0.35814535292738087,0.010809551140384729,1.436372801443964,-0.7577196384455369,0.2796012536418151,1.213680475735083,0.4224150149499809,0.0917572603923045,1.4257382472934534,-0.7721296307081456,0.28628005601178913,1.2473506078476602,0.4186391422860419,0.09222761196225646,1.4723108889247825,-0.7873933314364215,0.28786139535308164,1.287283083940603,0.40653713905612393,0.08933793235333036,1.5347075388110425,-0.19948341837453298,0.6776499877734468,1.0143277172777911,0.0505292629931902,0.7235830520714341,1.3458775303420798,-0.08174053017861943,0.6831484430403774,1.0574988875579892,-0.0630242820435664,0.7258958278759078,1.2991693832282891,-0.20008111843555965,1.1077786114211658,1.119932317877545,-0.05672265959058087,1.0765773540879255,1.598072039497823,-0.1256944620265755,1.1027201204358232,1.0891694291449534,-0.11858778397011838,1.0858563448480019,1.536270765643775,-0.20518795510068422,1.1661499410007274,0.9946133759567203,0.00831554789436584,1.171624384610674,1.4873225990761698,-0.11308844863844808,1.1596067397372247,0.920173328922041,-0.02605999604690555,1.1746707167420412,1.3905189162870568,-0.16300586079848672,1.131955703783539,1.181006006445353,-0.12278716661757574,1.0796494978264377,1.6088553840908744,-0.12427790178623062,-0.16433519429684285,0.7793615101149559,-0.15041861451896044,-0.3723187481603093,0.8689438353990631,-0.20467521509981548,-0.21827347938755753,0.9014178991756767,-0.05684816283444932,-0.2348634590842158,0.8944420912148512,-0.16418452228342675,-0.2104985755091915,0.8018331866710795,-0.09830594170531659,-0.21722145299472823,0.7969229808026037
659,-0.19324866873605803,0.280000421736312,1.098702287842611,0.022235726626982123,0.27726105099356835,1.1809378474715886,-0.2034539725297151,0.21543444498527617,1.2876433523902455,-0.09602579135191303,0.1966920938561807,1.3280911927125025,-0.1439158999398164,-0.1806728828518585,0.9806633867269531,-0.14426740636157015,-0.015519204434679992,1.189619543095406,-0.15172653161635036,-0.11338525515532187,1.098553876955076,-0.27092992087558687,-0.10960207736559292,0.9236305027818359,0.010346417170025015,-0.18363980151680537,0.9868934891617765,-0.4837645688547428,0.03600339941574169,1.08349769990833,0.16633377379177244,-0.09824205225130883,1.2441870078204809,-0.44187001059889613,0.055409757182754364,1.1777987393128695,0.11186842034679513,-0.05875242700360794,1.2862497298498985,-0.6838331048736822,0.1849757739324556,1.1388303276096199,0.3475774749675191,0.005528535508474944,1.3897604567539907,-0.6888711387627562,0.18193345011732906,1.1757849816430852,0.34278195013365154,0.006014136484463542,1.4206924056298913,-0.745489134637621,0.2749715708085131,1.1572416357133402,0.4094183861658428,0.08405212710376611,1.426418412015138,-0.7596627821888198,0.2814486713044053,1.1941262458130175,0.3976911406018029,0.07971546578353392,1.4709191787034022,-0.7735064215132891,0.28647802071889256,1.2302306040071387,0.3900400043937983,0.07301905719110133,1.5420299545194078,-0.1919306211423918,0.6786007669409528,0.9689153227551958,0.03941427478917409,0.7220357983546051,1.3191514037802508,-0.07947343979814223,0.696906583019933,1.0228083025313706,-0.06809861169816339,0.7340016274937834,1.2747030904349057,-0.1907370616528454,1.1018311587859015,1.0759352983818642,-0.06648921757683675,1.067257440918846,1.6078126648093969,-0.12012860752737824,1.1223941735894105,1.0681089570445597,-0.12337094525735831,1.094474721698017,1.5474980245450916,-0.18703812499526626,1.1629622342859915,0.9598167605855591,0.004445345125547298,1.1812319225608388,1.50358381639256,-0.09552670394057812,1.1659211783119048,0.9014823754774937,-0.025749368139258988,1.1889865155812598,1.4243263532696062,-0.15442229431034787,1.1443032039380536,1.1355899917924552,-0.12842075409845,1.1012732607110824,1.622815057481071,-0.12517274421778263,-0.1550209525434019,0.7232114335701647,-0.15225909816351124,-0.3576801600268865,0.8086159601219824,-0.20250177834879246,-0.2078710464892014,0.8421511500871827,-0.06206528424551879,-0.2244479158607009,0.8347846416800565,-0.1626102905262029,-0.19898650476992222,0.7441320298919705,-0.10185267198289658,-0.20535231573134283,0.7401309173137047
660,-0.20530120261816437,0.3008580126592074,1.1285623946590462,0.01804989396595093,0.29722890438841265,1.209723911025486,-0.2132916421897089,0.23175149402263495,1.3216678622493128,-0.09794214560833939,0.2099762547736912,1.3654589083917545,-0.15608696666081906,-0.18959443782022511,1.0325064821919607,-0.15264599385051952,-0.012663179413646978,1.2328687461781147,-0.16220238028733455,-0.11689457245003318,1.1475968174252933,-0.28649998298905177,-0.11387530360953789,0.9699377983739923,0.006351719567387214,-0.19417221570899362,1.0346856212345386,-0.5036432587355667,0.044703407676096985,1.111078793887853,0.16320510604299845,-0.10260130160026826,1.2805402159907193,-0.46599120787308435,0.06684602017056986,1.2091832960213449,0.11048790109866508,-0.06021279918106952,1.3296091719863266,-0.7113172884643323,0.19721282736718623,1.160171075706453,0.34056194996513317,-0.007214791472440783,1.4140508658081483,-0.7160803598556224,0.19477923411832743,1.195913037070976,0.33851404203475705,-0.006232583429541503,1.443381522461968,-0.7673027947162909,0.2917229127493578,1.1779382066277642,0.39431876631342466,0.07621767142433594,1.440963920494688,-0.7792533577735506,0.3018423874201565,1.2099790035106532,0.389684534293285,0.07497480096798281,1.4837826811830954,-0.7932440019282774,0.304205779220591,1.2480883035799653,0.384345555022455,0.0692112538736446,1.5483920209478486,-0.2044092317862901,0.6849306291525814,1.030006674768066,0.0331963882887665,0.7118861092372175,1.360683899062094,-0.08764716573475612,0.6838890018855873,1.0742720967814512,-0.07887116149410736,0.7161145447330208,1.3074709680777055,-0.2197004803438687,1.0983568112368305,1.1580517463498958,-0.08404616424521301,1.0477243243412317,1.6073907028217271,-0.14353480000731833,1.0851462057305985,1.1310406305489265,-0.14414091992460332,1.0583280330228004,1.53975524763837,-0.21693142510005659,1.1589148279081405,1.0348588414669868,-0.016916409747207345,1.1494844366016914,1.5105644639247582,-0.12158158711292713,1.152734436822656,0.9702421700856775,-0.04896193560486839,1.155720277470138,1.404319921447299,-0.18697382802566204,1.1127853418546936,1.2268339309456406,-0.14702811039354421,1.0429589272574735,1.6102874345272968,-0.1354634711438995,-0.15931604964145493,0.7684356345020967,-0.1612544492209927,-0.3713634537904688,0.8500433799269229,-0.2191729317611902,-0.21725377682206168,0.8886565482384854,-0.06864538182002539,-0.23465636418394129,0.8834752141162071,-0.17669614446834553,-0.20626655278756317,0.7893847387976913,-0.10887563727503517,-0.21350118708620605,0.7841394754875486
665,-0.21141554706155302,0.30455405246201706,1.1264626837215541,0.01293797642374887,0.29743611726425795,1.207592972154878,-0.22033753036818626,0.2290671676356677,1.317242261368361,-0.10418611946332826,0.2053052124131457,1.3623951858149432,-0.1634594117269642,-0.1886187841742867,1.0251941680929657,-0.15953539600276295,-0.014528292523315861,1.2266221400357047,-0.1695129049102706,-0.11739737841985591,1.1405468025927032,-0.2932129908392578,-0.11027725458658048,0.9623105112016342,4.1073733419992684e-05,-0.19435655295720825,1.028605738367164,-0.5116108062640603,0.05001172118313404,1.0988760617038709,0.15695832433668855,-0.10504004075577483,1.2744663847355255,-0.47538083960428246,0.07111900107591859,1.1960884555293552,0.10378747095781729,-0.06262396540519624,1.3228152414484708,-0.7214511678238313,0.20280146229826568,1.148847364298229,0.33478627179547427,-0.011341592162065935,1.4142391967096186,-0.7256157313007932,0.20037328941382576,1.1843310263867362,0.33233141945538425,-0.010867608632993634,1.443057623369475,-0.7751486758491084,0.2944330042557468,1.1698738152743169,0.3845824686406156,0.07342870341900701,1.4431650502701676,-0.7858876945109995,0.30553127942078906,1.2015058447485156,0.3806434665973997,0.0691136556221288,1.4857829888485528,-0.799907567639929,0.3085392717220918,1.2405845303850276,0.3779132114639344,0.0654328402896977,1.5507499814306336,-0.2085887574636537,0.6935219892587899,1.0529277594876127,0.026831306456911213,0.7049834831769328,1.3734387195438331,-0.09222494880271974,0.6880951204265404,1.0967985201057422,-0.08467892689443293,0.7108602341382552,1.3190085880667803,-0.2296537748657345,1.0971830597785948,1.1956971705768469,-0.08998825697031124,1.0311591046659436,1.6260432064940642,-0.15312433038511908,1.0827659152385836,1.1712142540285184,-0.15042205176238957,1.044369544266355,1.5564627356124847,-0.22329629116210253,1.1590494395086528,1.0721639849403966,-0.020474030871624447,1.1394702733756765,1.537358936078824,-0.1272932848740628,1.1538507663031228,1.0100422446773476,-0.05355128455840358,1.1483921926496665,1.428930713831332,-0.19849574545488458,1.1087183577041335,1.2683872335783763,-0.15275481258709597,1.0239935508719857,1.6252276637284924,-0.14045170582199656,-0.15552106165591617,0.7611042979419445,-0.16726925322597108,-0.36821787392469785,0.8394709012203911,-0.22582238415730926,-0.21436029749526941,0.8800072326745285,-0.07457908074143227,-0.23285972978572483,0.8761231635827678,-0.18231471392487436,-0.20260494615866648,0.7806542791772316,-0.11393398971896965,-0.21031860422005522,0.7759263231737936
666,-0.21498067483293185,0.2968562136804025,1.1014775964569505,0.007061085300667569,0.2840284520773657,1.1841818141983271,-0.2274609973091057,0.21116049048000007,1.28449730995652,-0.11384309118262555,0.18540902925197397,1.3302574712483928,-0.16840791356092488,-0.18141513289424052,0.969621433669994,-0.1666398572487348,-0.02221631471737169,1.1803573058438603,-0.1757856236782941,-0.11837559309861212,1.0881679226286858,-0.2947027647195489,-0.1010676653305531,0.9108244738331248,-0.007999430621024588,-0.18737266796086677,0.9782265651758638,-0.512288232359752,0.05048019369715457,1.058229099551915,0.14785188495489532,-0.10878549902428228,1.2319276918761082,-0.4761137283775805,0.06653777930650148,1.1535445784063363,0.09321169043630823,-0.06870337294796741,1.2785128153013536,-0.7236516969935757,0.20362139304988003,1.125652300902575,0.32913215855027433,-0.013334561576400707,1.38094447768493,-0.7266932172325236,0.19912395671221794,1.1609231849543087,0.32505241009867025,-0.013880015215552148,1.4104638866100434,-0.7811136332722126,0.29108566535393066,1.1533726644769844,0.37982132054970763,0.07115974097288719,1.4135785850754683,-0.7912471169390101,0.2988719157833167,1.1870817928478634,0.37574951450577565,0.05768959095561114,1.4604380056677249,-0.8056311970092567,0.3018995651837071,1.229049314921939,0.37011031282166207,0.060565254460594097,1.526378743357314,-0.20865247313532342,0.7022420923696441,1.0601814682481505,0.017286706402545253,0.6912183467803636,1.3728577569605802,-0.09520801242273372,0.699903179292122,1.1081225240524843,-0.09208291473189634,0.7031022205114195,1.3225698423536705,-0.2279336699752723,1.096555886921975,1.2182769854776279,-0.09655557735142972,1.0065275938896323,1.66155113971615,-0.15522887504079927,1.0946326356700569,1.2069858284354862,-0.1565100585264208,1.0302295340474183,1.5941505866533285,-0.21502491854510036,1.158217579470374,1.0915223236899236,-0.0228565598744341,1.130396128325645,1.583335394488595,-0.12175481659592427,1.1581354610031296,1.0331802476671303,-0.05607869836382523,1.1437665281172182,1.4844314030725674,-0.19971868556016475,1.1148785617162962,1.2962274350867125,-0.16104989149325788,1.0102935766356862,1.6625774635066208,-0.13971152077241816,-0.1463240282698941,0.7074869361070057,-0.1708344733339146,-0.3568103018836911,0.7856193153368041,-0.22582189014805165,-0.2023039365235686,0.8242716993067066,-0.0791602985432634,-0.22179925222061037,0.8223177480421693,-0.1806570507894946,-0.19186235786078382,0.7248739818761296,-0.11522027240175549,-0.20000558022200435,0.7229578645575734
670,-0.2216631068492719,0.3021109874777902,1.0996530651673995,0.0025279774050538544,0.2861872351654934,1.1802335578173433,-0.23419210069441063,0.21156238289398904,1.2817479791361626,-0.11825747022450975,0.18369454334084728,1.3279901355857615,-0.17638088312839695,-0.18136001555196823,0.964035088888102,-0.17404952152306064,-0.023805330498732485,1.1751271749060164,-0.18383688120378547,-0.12010198672634227,1.082795968771705,-0.30282625377021233,-0.0990134483708352,0.9042791420080816,-0.013729069628231986,-0.18824159301526217,0.9726913167849361,-0.5216315531746895,0.053483916048490315,1.0479034762584756,0.14183772858902227,-0.11152595009776328,1.2238262681096324,-0.48728759551402756,0.0685888495766485,1.1426056413585761,0.0874651427704694,-0.07130320810402205,1.273747845224395,-0.7374668317473715,0.20722279402790028,1.1329923486735423,0.32231489799085783,-0.018270785398350975,1.3660077846378882,-0.7394142878417654,0.20182193120497227,1.1657120864973696,0.3191608477500112,-0.018676580071925627,1.3952296934980208,-0.7955542355531231,0.2928480492200717,1.1683478115571884,0.37158343564349905,0.0671355061459454,1.3943910676052498,-0.8040927678814593,0.29919631456938955,1.1991755181857142,0.3700929091882852,0.05361296859636216,1.443373854725961,-0.8190236201262213,0.3006261046042272,1.2449070583849926,0.36279214416138883,0.059401200968287826,1.5054877659443577,-0.2150375356430151,0.7067400136372749,1.0857518987841595,0.013860624497765905,0.6794302437443202,1.3802657383330026,-0.10080489135798917,0.6962058300905738,1.1298729589287757,-0.0973527678863107,0.6902181264660447,1.328967700072805,-0.240284181316365,1.0964032896771663,1.2573453122937863,-0.09826694694500679,0.9939491027861724,1.6593335093105646,-0.16702703878106373,1.083890673915231,1.2419700549193529,-0.160983466884489,1.0128058116832095,1.592245047027279,-0.22738467260757333,1.157276583855925,1.1255547004736783,-0.02493079321898854,1.1128849815098465,1.5862061900860325,-0.13406146535205643,1.1546419618672743,1.0627497017011216,-0.06027174499889473,1.1269607323586686,1.4799201233396007,-0.2148064214595966,1.1047044698979351,1.3410969192068039,-0.1663212797377472,0.9841310677150202,1.6572539529869632,-0.14343847644609994,-0.14409598136672958,0.6992281025594853,-0.17750471673298107,-0.35790360487776285,0.7779569027426989,-0.23370283482385126,-0.1999979031187085,0.8161175491270212,-0.08401999494995491,-0.2205966423787739,0.8168190237783286,-0.18613225726137145,-0.1901700702579362,0.716024882949514,-0.1183774959226891,-0.1991388879934704,0.7153055664644876
671,-0.22286532570275047,0.3034133194313683,1.077462129706737,-0.0022036489465322986,0.28794095378245677,1.1568930438879401,-0.23627879503301358,0.22004862131037053,1.2624842439172332,-0.12219095622175971,0.19215189912701136,1.3081549617519395,-0.1821557620690546,-0.17929672578885808,0.9555259522785016,-0.1789317909551128,-0.01822019083218518,1.1615379181038157,-0.18941797412820652,-0.11616160540573411,1.0719927941299763,-0.3081591656338271,-0.09901000409441249,0.8933603272709905,-0.019897076122176314,-0.18872071309430027,0.9632017275654037,-0.524925043867611,0.05798236100445736,1.0260218956175504,0.13396413602857749,-0.11163782275959586,1.21084913547972,-0.4910062586294243,0.07453643194065453,1.115316735407958,0.08058689361665425,-0.07060593207085122,1.2574977785242272,-0.7378243548592864,0.20806447386698235,1.1251912655234586,0.3089020158406932,-0.020311584002857173,1.3561668084068537,-0.7385198713771304,0.20373285526765678,1.1538778421284583,0.3060732776890278,-0.020087668255379682,1.3844808139269247,-0.7956658439643793,0.28572629122544985,1.170818568019936,0.3574867114045325,0.06071682647980088,1.3894989265598465,-0.8023782761372853,0.29171956793848064,1.1968000914334707,0.3502676833787166,0.057032503917272284,1.4353852809940224,-0.8167245481395105,0.2945197879157163,1.242339642903171,0.34717986115455846,0.05446523766269036,1.498794180961934,-0.2158011036261635,0.7000935423267223,1.0550482091163538,0.01712627327251007,0.6801119906757356,1.345976580209089,-0.10228478557827703,0.6880823611010355,1.0986075119721748,-0.09370490051990282,0.6920565998959802,1.2931659090740872,-0.24677235971372685,1.094669534938188,1.220911061557464,-0.08465133151972877,1.0119704981718125,1.5993677110364177,-0.17249873984477634,1.0811445399906554,1.2064992913288282,-0.1486601223008812,1.0286528376638402,1.5358959700610781,-0.23699595508187468,1.1574205664627342,1.0963848945703303,-0.010921418453881487,1.1169059728117543,1.5212818646579445,-0.14174570842712853,1.1546620385501032,1.0346524749889903,-0.04683962944188354,1.1306160476139295,1.4149904436542124,-0.22080345810886765,1.102599552331287,1.3017833211582173,-0.15422770022304003,1.0049218161764137,1.5983103182186484,-0.14833854820000214,-0.14286707467807902,0.6910384829039247,-0.18415076442418743,-0.35707412889534135,0.7704015319250823,-0.240564950485376,-0.19900065240230896,0.8080478696355792,-0.08883536368106287,-0.22030915813559704,0.810270415084495,-0.1922623481912213,-0.1889114861252031,0.7086226796662023,-0.12299502330292103,-0.19835642146203164,0.7076505313329162
676,-0.2242691758838113,0.3028375660749347,1.0512215949406456,-0.006362964732445079,0.28611384574174936,1.1298126172706802,-0.2384984657908697,0.22436623360548935,1.236931962471768,-0.1264158860200543,0.1963978159058058,1.282110688639353,-0.18740475645502241,-0.17710779586535863,0.9318018483175369,-0.1842895834686581,-0.01574461014928747,1.1371228801610025,-0.19484887716493593,-0.11422319543023074,1.0477606152672576,-0.3125065152338052,-0.09745206505601951,0.8696104562880864,-0.026778641750728614,-0.18737091277722334,0.9402315187960985,-0.5261352468244227,0.06028696466639773,1.0017223525360048,0.12489905394430259,-0.11347222307518373,1.1906956726856186,-0.49265575742587553,0.07680002223625162,1.0890067841307032,0.07186696213498187,-0.07241382363933242,1.234388812379684,-0.734797153933785,0.20893194736938792,1.1099186195273516,0.29642543015537365,-0.02377680575765614,1.3448828057408742,-0.7354636951442417,0.20530992067082526,1.1374895385511745,0.2928510552793515,-0.02350396123188446,1.3729996089712235,-0.7912510673247499,0.28072322886996737,1.1583800044289783,0.3446285897619115,0.04944756859227896,1.3852703662733352,-0.7973747526307464,0.28696620307357895,1.1813845460344785,0.33530824263557146,0.050817700073115576,1.4308013488884925,-0.8115983819706276,0.2917578409638668,1.2258389603312358,0.3316726526964843,0.04692473281601502,1.4963376182434998,-0.21656730204573993,0.6995400620614828,1.0259807690059737,0.018671357683317673,0.6828369116576343,1.3101054096867346,-0.10284164606036714,0.687628830770051,1.068695920284465,-0.09264742091633561,0.697476645625464,1.2581552146545867,-0.24772696950866546,1.1015435926046826,1.188728857878043,-0.07887662460729589,1.0367353793698506,1.550907706719256,-0.17313962651934678,1.0906407830047011,1.1765987259551927,-0.1414044975543916,1.0531020700208489,1.489558977946864,-0.23955050261351654,1.1633727645253624,1.0681642682997259,-0.003461103729527437,1.1310617146550712,1.4668742384660447,-0.14329912196370959,1.161656181604314,1.0060859143261789,-0.036937248592065416,1.1437740425540248,1.358481432343794,-0.22145664313907348,1.111379526055789,1.2675974799927208,-0.1479009955136498,1.0355199311166736,1.5517278214970147,-0.15264185870657299,-0.14023423244071254,0.6678919381675186,-0.19118956456337094,-0.3543246004540993,0.7474190346455374,-0.24528874453634925,-0.1959281395604925,0.7841877543147533,-0.09458253967286115,-0.21805291505950553,0.7871207615019822,-0.1967580425473992,-0.1857509802935003,0.6850866018212919,-0.12782318638482032,-0.19554894469019796,0.68416499466327
677,-0.2303644930319519,0.3113289050511635,1.046472138145949,-0.008761282962274616,0.291298088187384,1.1225095143026402,-0.24244233408057386,0.2334883642578537,1.233038987544471,-0.12792742299067722,0.2046255373464873,1.2787645680453466,-0.19494152749634813,-0.18128311964016125,0.9286145330613556,-0.19132118997994985,-0.015482608604755034,1.1347734762065236,-0.20206191628392833,-0.11728726173875056,1.0452043590482596,-0.32129452788558166,-0.09799351401199527,0.8666573214331523,-0.03306850406200786,-0.18976347620998243,0.9372340647458585,-0.5331299951655926,0.0626308142158209,1.0036373653754116,0.11711214977062287,-0.11764187692297257,1.1937843378439066,-0.5019370940434158,0.07954534839107064,1.0970403657389842,0.06402466267460086,-0.07594432285636948,1.2387831004747167,-0.7389355464356306,0.2148011472638509,1.1009755547118765,0.2875299343964326,-0.03220985549777127,1.3586602650581372,-0.7420505575100269,0.21244320276585033,1.132380366674199,0.28289854981935614,-0.03248131663705719,1.386874318428593,-0.7870765261254806,0.28732535419168714,1.1366597052190102,0.33131547668714023,0.030726825808327637,1.4042817953588307,-0.7940920807340366,0.29811204259270985,1.1577848041819374,0.32976788981341076,0.031908577473031566,1.4519273770851968,-0.8091222207544113,0.30529460238905876,1.1996712276834414,0.3203172149231586,0.03836213542919134,1.5181877006790252,-0.2234603949768103,0.7128003453582928,1.034473069448139,0.01847980866134582,0.6905738727749582,1.2974745877620912,-0.10495845985298174,0.6937638437270566,1.0700904248302063,-0.0973101035803188,0.7054254488824296,1.2456108215395918,-0.2529627430778727,1.1233614235436624,1.2045606619742684,-0.09002224685261054,1.0708242703909343,1.5229675112565815,-0.1754480727748807,1.1041683468583976,1.1845362760539118,-0.1479975626496431,1.080948189514753,1.456610374928912,-0.2459996291747772,1.179902704418188,1.08042404623695,-0.01283456098151177,1.153450954731099,1.432214893677026,-0.14783184166977198,1.1761499027658227,1.011633830684069,-0.040336724824296316,1.1626461087068949,1.3042280899494147,-0.22666127567396227,1.1258401324291294,1.2847610189993266,-0.15443506534947493,1.0614633025743772,1.5205832152373358,-0.16080416947351808,-0.14006207143004673,0.6625509017432141,-0.20138897210830614,-0.35711910065895747,0.7390759032075701,-0.2532067227042095,-0.19746405455816796,0.7776290049779219,-0.10310532910389014,-0.22086289706068352,0.7798797328355778,-0.20515123604329358,-0.1860242529576105,0.6776992982583608,-0.13587334935648654,-0.19619325703159884,0.6757713267167562
679,-0.23500233302197415,0.31554467287134275,1.039517068898352,-0.011590119426506798,0.2942714499805554,1.1131087484339268,-0.24524849688109154,0.241737767298299,1.228547245186224,-0.12949811703037803,0.21305348747177386,1.2742930346496122,-0.20144940496748734,-0.18391102588474906,0.9275882685196267,-0.19703015892539189,-0.014208604338215068,1.1331790402558877,-0.20833183516089993,-0.11845582544862066,1.044087831071693,-0.32953040456743143,-0.09856646644304226,0.8651831959281344,-0.03841329500469494,-0.192037247469164,0.935691903607109,-0.5389211190100364,0.06706451422982572,1.001658651851078,0.11037110782878393,-0.12013994568372544,1.1949201523661956,-0.5097361589718747,0.08522902691181714,1.0984018431194278,0.057536065447053704,-0.07722588892684276,1.2403426572060985,-0.7383935947661797,0.22085595010697542,1.08388790775169,0.28009861957479787,-0.038285526361443466,1.3663773826600334,-0.7431385037785956,0.22046566455325117,1.1171151572845175,0.2748873318696021,-0.03862682262105427,1.3951270900654138,-0.7847508149956584,0.2935135225002381,1.1076041659110962,0.32061987753902976,0.022702499818199495,1.4159816665300549,-0.7922403398535514,0.30491272226989935,1.1271684924717091,0.3223587977997402,0.023096832998171748,1.4639901184247563,-0.8046348076226546,0.30933199611959583,1.1664474764126167,0.3112767433068079,0.03206372700852174,1.5318808338353982,-0.22865198965857647,0.7161721679177704,1.0274331292012473,0.0186670782945961,0.6975449837414625,1.274803825260406,-0.1071593963304914,0.6940061389371682,1.0575191599682325,-0.09973278375266104,0.7119491900145275,1.2230403223973225,-0.25807122897232937,1.1366255764403943,1.1937042801628912,-0.09710745528577247,1.1002610009464036,1.4813640604233338,-0.1790644044747486,1.1131223459525459,1.167868555947357,-0.15120383807289284,1.1058613898024166,1.4117501071342757,-0.25404975386868034,1.1899266635044428,1.0699436386646588,-0.01945429508300646,1.1713005089087316,1.3813005843725383,-0.15475007954268882,1.1850847073169137,0.998015605395716,-0.041691863479724395,1.1778774678679444,1.240444382775775,-0.23167380517904684,1.1364453627875224,1.2715555533803737,-0.15810510110194098,1.0888206255351647,1.4781019431125535,-0.17026533858353515,-0.14071632747290586,0.6600386928281716,-0.20942658933434272,-0.36032327535719216,0.7360586351534353,-0.26057470125632765,-0.20028114867237692,0.7749216015862072,-0.10970016620709606,-0.2225184759783459,0.7758043037430598,-0.21409663337611576,-0.1875135959115377,0.6747556214740631,-0.14413616548178654,-0.19697940878150744,0.6709720857960715
680,-0.2402598834745553,0.31310661904829296,1.038882185597901,-0.015354667891476381,0.29167804044935086,1.1095697252770502,-0.24922713914811534,0.2406788552085256,1.2299374459676922,-0.13210298117896374,0.21256026530609914,1.2752036435593426,-0.2073124406069768,-0.1837754250646141,0.9258719570264,-0.20212030138983328,-0.01651210300335046,1.1327587246800928,-0.21451503196559368,-0.11975635333673468,1.0428958322428157,-0.3378516197326987,-0.09697008960185546,0.8630649160227848,-0.041967668828775256,-0.19323190721425285,0.9332715971730543,-0.5458620305300981,0.07347252439108432,0.9949411766631724,0.10649838789597452,-0.12123732353716665,1.1895510983974058,-0.5188374201675389,0.09220958399131288,1.0920681096701061,0.05392844143764985,-0.07689821636969146,1.2382813921019076,-0.7386880908234386,0.2277526866567896,1.0643822716279299,0.2795052606704874,-0.0411581138376443,1.3516506636646968,-0.7431710465448941,0.22873315888299914,1.0958413905701043,0.2750818381402662,-0.040986048237469784,1.3821570361051059,-0.7969806226472235,0.3026065212619834,1.0796529412386553,0.3194698332954163,0.03653405615974938,1.3960931098035028,-0.8040758304425353,0.30577650557172453,1.0993819393261817,0.32115634469090765,0.028644392865841715,1.4453492418857974,-0.8087460562075931,0.2961890749206876,1.1397152060878808,0.31167103984331745,0.03325029891221222,1.5125142645010572,-0.23395290505236643,0.7081883275461223,1.0288625094941541,0.015023144222201367,0.6919409351014857,1.260954880078088,-0.1123856922801288,0.6861398200030662,1.0548737560315722,-0.10375222167225251,0.703653234258443,1.2102227882159324,-0.2661826521496239,1.1335877378098633,1.1848207392315069,-0.10443309148336848,1.0963725028581148,1.4558435852821185,-0.18924114135740455,1.1077474249485186,1.1551519133006458,-0.15780633587854442,1.0995626416337934,1.385421043613364,-0.265912791365838,1.1858699402612585,1.0599307978890442,-0.029160146194041586,1.1628569571879086,1.3498239152517444,-0.1686760875475083,1.1803534478678435,0.9875498230962927,-0.049462452117191885,1.169708480896725,1.20605992111672,-0.2420784336248799,1.1334555743133006,1.2601263372164118,-0.1669330634975681,1.0836832257947915,1.4539365194103668,-0.17981013356817274,-0.14127901203150417,0.6562071496298915,-0.2130965101448954,-0.36425575103183405,0.7370714900935498,-0.26684944067188665,-0.20277459017155042,0.772774620678915,-0.11230964243530739,-0.21995893496326357,0.7724456581596959,-0.22226197099883876,-0.18972831311541805,0.672542412005485,-0.15062380229653125,-0.1969690654107415,0.6669836494401238
684,-0.24672524188732703,0.31483562197246734,1.0476605459941855,-0.018218033209346396,0.29151995347329523,1.1150159225441778,-0.2538905658245282,0.23975727119745388,1.2395647660458828,-0.13433966540713155,0.21111895740218933,1.2843145326849261,-0.2131118760352656,-0.18541503200310724,0.9297134554314479,-0.20733733452109226,-0.020011856902053423,1.1392242271391095,-0.22038846626052588,-0.12275234238253224,1.0479133468283905,-0.3466042808044719,-0.09576413301572279,0.8672270282842691,-0.04550948986222493,-0.19532562526121883,0.9361174296529582,-0.5538724957709006,0.07774224436741702,0.9974576058612382,0.10405652434578494,-0.12276216451394559,1.1905014037896409,-0.5283989300987921,0.09688556261357577,1.0972876608271926,0.05137623291540729,-0.07784040613555472,1.2429178837127388,-0.7429487537140892,0.23703961990040434,1.0510428135770244,0.2804422467569188,-0.04337259626349846,1.347242742954014,-0.746500207628725,0.23609601514869388,1.0833623949772,0.2763925125031213,-0.04317145428973551,1.3788425906976622,-0.8074915536343054,0.31287657159752424,1.0558652975619576,0.3202157199618225,0.04349748633464388,1.3878578607702687,-0.8156433076403924,0.31339876590434373,1.0766910232694,0.32370437805641494,0.02978605997030793,1.4390491020384304,-0.8166722052200439,0.29655894852558806,1.1171838004869121,0.3135674317325799,0.035077923401905894,1.5051053266964458,-0.2429344172774102,0.7098074331033839,1.0500811066354128,0.013793251458064957,0.6882459916830765,1.261891791547475,-0.12050461118785873,0.6850982108575033,1.0725307075390982,-0.1067075064983824,0.698045017978369,1.2123778316205387,-0.27755347271201336,1.1353121505331858,1.2061096403894234,-0.10848519219899544,1.0907486451483914,1.452029897507603,-0.20187432132067074,1.105487801902087,1.174535426208067,-0.16164925708978448,1.0913394939584247,1.379781730580115,-0.2785773144773914,1.1859914152678939,1.0770816670969103,-0.03486601624499678,1.1564237137436277,1.3430752472260856,-0.1836707788752553,1.179625251226045,1.0044472385713608,-0.054502614267194195,1.1635080180569988,1.1932739572873636,-0.2552616360972251,1.1325508185018958,1.2828008746087516,-0.17137510588248522,1.0726500139179729,1.4505819151828077,-0.18872859038039116,-0.14196557341199395,0.657762305717096,-0.21858871669761473,-0.36722180241368,0.7414256953707099,-0.27376229099282756,-0.20415132859577378,0.7755062761179374,-0.11627280924680544,-0.21961596886409987,0.7737895318119992,-0.2306629009950926,-0.19154491661312942,0.6747703687319947,-0.15748392740237643,-0.19808037687783708,0.6677404395458206
685,-0.25103791541779136,0.31808534433616104,1.0527796685293103,-0.020596892181114206,0.2916340212150198,1.117417458255317,-0.25758876252683305,0.23878166409294538,1.2440411974342436,-0.13751756009629046,0.20855326942466185,1.2873815678530833,-0.21702932643631098,-0.18585986772757496,0.9276917077881336,-0.2114056187732779,-0.02227132490135507,1.1399114639771692,-0.2241849177343983,-0.12435534734507725,1.0469247294063067,-0.35255431724127917,-0.09449868908166328,0.8663781236025652,-0.049889881071085065,-0.19642382984988216,0.9328904279854613,-0.5585110215548608,0.0779344392176684,0.9962966032852383,0.10223562790299587,-0.12334716420855733,1.185909530918808,-0.532027633887989,0.09731421681026554,1.0970024089708903,0.04921774305555311,-0.0796822722298332,1.238321966036522,-0.7469755450251998,0.2460967664265374,1.0431204595537977,0.2789888035145574,-0.04129093762120933,1.3469247102433741,-0.7470667860101947,0.2375736934008629,1.0777070634992887,0.27451023569437716,-0.04149294216464236,1.377958274353645,-0.8101241335396712,0.31494019335083245,1.0450651491870695,0.32175960985983193,0.03888364858773388,1.3901790638118858,-0.8208862463405908,0.3211420579280912,1.0670343496875987,0.32290874450807117,0.030321499812517395,1.4420118582779056,-0.8255481908327034,0.310971636450074,1.10606929616324,0.31181453115069274,0.0366835223948241,1.5082790809056326,-0.2531013081330056,0.7186886199235907,1.068764174421513,0.01976751419786512,0.6883141035688218,1.2634335285507943,-0.13123632326774276,0.6917917372198097,1.092936957110573,-0.10222983927161813,0.6999770175099236,1.2158086238023864,-0.2899391031924864,1.1379483355978044,1.2338535241523125,-0.09260089765438462,1.0871236525715802,1.4582462455949927,-0.21520739163430536,1.1095779619719508,1.210855754302719,-0.14784984759189074,1.0885702181418484,1.3875932414695855,-0.28877104211021964,1.1888663554519483,1.1026145574546387,-0.018869422954506034,1.1558180387062642,1.3498080245741462,-0.19641506602868125,1.1836215765979314,1.03434486996079,-0.04162274050692852,1.1639833438831917,1.1997281418551453,-0.26756955611582567,1.1350043445506262,1.3152325520391153,-0.15575834948875406,1.068014787254624,1.4595019112686414,-0.19383381250113946,-0.14128862789054336,0.6555185909328705,-0.22589316532578982,-0.3643251939440364,0.7398361895167895,-0.2795792504015564,-0.20052575420397,0.7735901566908034,-0.12135593207297468,-0.2204066326974419,0.7710797353539265,-0.23685196899368804,-0.19016685442532588,0.6725378082176565,-0.16311565669808034,-0.19887067730596425,0.6651617648652857
690,-0.2541626103477078,0.31711038665846014,1.0535899708168532,-0.023187414273453576,0.28951977674063545,1.116669700374727,-0.26043361724115965,0.2355265363242601,1.2442375829041887,-0.14014997246221678,0.20471620598525705,1.2866705655430684,-0.2202936384706808,-0.1859411904972626,0.923719468672952,-0.21407077676259118,-0.024171109047224453,1.1375237181192657,-0.22694981078731524,-0.1254895622145281,1.0435198421607852,-0.3564038645625959,-0.09406275585644408,0.8635101365376417,-0.053222235203869754,-0.19706012313648663,0.9277598012266912,-0.5618502621977381,0.0776234832359211,0.991508452136908,0.09989969086533995,-0.12397727861296245,1.1788055688277481,-0.5353991000274212,0.09718530814990553,1.092049868930135,0.04662890763731546,-0.08075106107092292,1.2326579654400671,-0.7500455585462986,0.2493196686991216,1.0302302881549061,0.2779479039926519,-0.040486737323399274,1.3342168728613193,-0.7458481968874585,0.23717292084734762,1.0650294632152497,0.27382996331885,-0.04069170953829642,1.3653564503995508,-0.8162207223863118,0.31442765032355113,1.0306973115857532,0.32270138285976024,0.04140302797835521,1.373769018539066,-0.8287720008802977,0.3216383479898651,1.0539002929551358,0.32177023472086275,0.03437464666035436,1.4259004369200017,-0.8357429550460234,0.31289871736872,1.0916421572131823,0.3117139671038831,0.03927048118194981,1.4909220961622127,-0.26143268831683264,0.7175359726688499,1.082988077631934,0.020375731976118958,0.681502588699904,1.265318450843194,-0.14040063562696958,0.6902369990490866,1.1073522152838517,-0.10175874880169881,0.694315359374826,1.218742073343264,-0.30273321240088946,1.132496314432405,1.251057809657435,-0.08532094245523927,1.0751507430248886,1.4649018479644487,-0.22957438944240194,1.1061346770055698,1.2339976762377103,-0.14201501932599395,1.0781640763834006,1.3967388148758328,-0.3007331171686298,1.185329683183227,1.118623859743653,-0.012254681786276233,1.1476134961080962,1.358796901158204,-0.21158885916240205,1.1811390352678344,1.0531405886204812,-0.036640863122457734,1.1570819913639752,1.2110855410604155,-0.2806989222831981,1.130665995299096,1.3359108500310013,-0.14958152762289165,1.0570199471474258,1.4697262985017239,-0.19681651895996988,-0.14061741040239129,0.6520283346768212,-0.2321727514017023,-0.3634204134856446,0.7364207098596619,-0.2845860804788157,-0.19870734811242935,0.7704974779913978,-0.12526784506319683,-0.22112021924100578,0.7680067119891552,-0.24104741196013008,-0.18916513213437636,0.6696375532146995,-0.16669674692430944,-0.19928837179581804,0.6623341981376342
691,-0.25558157225640177,0.31422204654432084,1.0446731925920005,-0.025329146209867304,0.28825483862832135,1.1082123746002164,-0.2611440777455555,0.2360122951213894,1.2355610013965306,-0.1405391093187756,0.2063169129458785,1.2785678956562192,-0.22346125073097925,-0.1883457536737157,0.9199492215907734,-0.21513570773945073,-0.02316867291318575,1.132153886419427,-0.22855704340926686,-0.1264388835383286,1.039198624781469,-0.35761013392169183,-0.09692433721856908,0.8605694254635301,-0.05585819154442356,-0.19828073568965954,0.9230396913977909,-0.5631710999150521,0.075948725346579,0.9873414108432069,0.09448742617458296,-0.12612817011898017,1.1756735720428082,-0.5391318574532378,0.09625846038009267,1.0894118949867777,0.041114084481588396,-0.0816082099918743,1.2323257792298616,-0.7508254919261218,0.24259558332120135,1.0088904078165233,0.27333904212153226,-0.0456476486780967,1.3191540708056375,-0.7432305452815161,0.23539398319667248,1.04337681453904,0.26998825112227165,-0.045572701366646526,1.3510739621199295,-0.8184155837585434,0.31038369974946156,1.0037709222068543,0.31525161919941447,0.04158607000375855,1.3498087023516763,-0.8318824320783377,0.3158051738495808,1.0272312025872896,0.31693122731456747,0.03257752509851428,1.4014442213230671,-0.8409963129202449,0.3048093931809427,1.0612064212506056,0.3084922005672742,0.037688103899794434,1.4643289114468916,-0.26674708362589694,0.7072521379284841,1.085484082706894,0.01313307387034231,0.6727417384437511,1.2615842936037143,-0.14405246843124928,0.6797267343943838,1.1046032076716057,-0.1089072852345977,0.6861482338807228,1.2138045636585866,-0.3137348419500889,1.127069108391804,1.2491070829776347,-0.09854956130324868,1.0759394123553112,1.458065172421608,-0.24040397923611653,1.100395981358951,1.228816937308247,-0.15219657575803916,1.0789228636158588,1.3905977696701182,-0.31348079203597745,1.182109810292801,1.1174766645864107,-0.025710834933874684,1.1469913341660023,1.3533919061770905,-0.226145317086203,1.1779316857737099,1.0486097219485948,-0.04526914064574708,1.1554466897553226,1.2022012272284124,-0.2912921034052901,1.1255881520273645,1.334703558307234,-0.16107395742968583,1.0599502139162889,1.4654775270727376,-0.19754660278584632,-0.1406452692736272,0.6497659620428693,-0.23985857005012,-0.367192694590456,0.7294815611545853,-0.28948720455022875,-0.20188459891146993,0.7674941316959965,-0.1301969500784266,-0.2250814125184361,0.7658576209791625,-0.24338459661999917,-0.18938195524274498,0.6674445200794052,-0.1688713799761266,-0.200072802091342,0.6603968131798306
696,-0.2561101661311235,0.3130775765327254,1.0422191807527685,-0.026510944974095327,0.28764837185596515,1.1070027050713087,-0.2624382131214018,0.23588759009706675,1.233316390410151,-0.14208427121081102,0.2059883624629587,1.2767954730567759,-0.2263578032085269,-0.19034066890301932,0.9195628106047031,-0.21662231035002866,-0.023580855906742172,1.1311790752950475,-0.23041657621305017,-0.12771677469392217,1.0386444429540171,-0.3591297791379714,-0.09946122147554803,0.8604480890484218,-0.058919623386672754,-0.1997114920591983,0.9216066273691667,-0.5637737763573433,0.07392892348170102,0.9871334797046074,0.09148163355534739,-0.12751074632595147,1.1749215267411839,-0.5400616761819349,0.09473367323750724,1.089595103355125,0.0381190974089771,-0.082890198323925,1.2317802800315931,-0.7497964585659617,0.23874263688383185,1.0042254033422386,0.26990651863685344,-0.04666973723171096,1.3165650496527057,-0.7413385043217917,0.23319924146521942,1.038555871297138,0.266701480634992,-0.046484104026199353,1.348403365812867,-0.8145242986565218,0.3066415609169045,0.9982732678005993,0.31050819768641036,0.03855498652872907,1.3453883909221005,-0.8285657008963225,0.3140248393218471,1.0207248431011213,0.31284712738119647,0.031308324785105764,1.3970098989103414,-0.8400526252088614,0.3051899466368654,1.0516382986029664,0.3050896138965071,0.037138945731728795,1.4586746877652468,-0.26867200942294384,0.7011019415989419,1.084785762407464,0.014544179124250671,0.6673549001268491,1.2637177624270937,-0.145184671493471,0.6734639592201215,1.1030938749975463,-0.10828186045769277,0.681904151620811,1.2153344584054668,-0.31758264180545415,1.1233951424086226,1.2478826181014782,-0.09785968873759451,1.0704222920915667,1.4634824995737459,-0.24364527395231936,1.0965365547991106,1.2271951384030206,-0.152180537217259,1.073732180126246,1.39660542834544,-0.3177025396154761,1.1795644574638975,1.1169633291998098,-0.023220812311802272,1.1421409078016844,1.362596562793823,-0.229807692704595,1.1755193049665744,1.0460366796842082,-0.04285862990121708,1.1511586109292822,1.2105006102159852,-0.29470148491922454,1.1216811142187342,1.3340605127517697,-0.16126124010101042,1.0532726424555061,1.4706529445866123,-0.19819771860369148,-0.14186470388135067,0.6499314687938398,-0.24512777514252393,-0.3696074309385103,0.7275488602900828,-0.2934764173511659,-0.20395875820972398,0.7678697593916997,-0.13426151411119208,-0.22846433081175202,0.7668139367203077,-0.24543449981842122,-0.19048181826477403,0.6677126906215513,-0.17082473641861207,-0.2018302681745509,0.6613690992055394
697,-0.2573415363954206,0.3136829008987271,1.057515910423385,-0.026548332647694288,0.2873433612951484,1.123834628939778,-0.2660879854133052,0.2329416153571537,1.249668200310651,-0.14539450975803286,0.20104687372294194,1.293729358721107,-0.23015838340791747,-0.19192539023668204,0.9302746706104621,-0.2199528118314371,-0.02848653660761971,1.1439498812874755,-0.23448932451153315,-0.1308180947711448,1.0503094724046729,-0.36401849007429965,-0.10059172766808447,0.8699214344588896,-0.06194344186293897,-0.20215396878496417,0.9311255029800801,-0.5664475444165833,0.07490889286677846,0.9969040054103759,0.09329791880578836,-0.12780432151792143,1.1817364541311903,-0.5409462740589355,0.09575287786211265,1.0987426372194466,0.0402546712177206,-0.08408587623264005,1.2373199005347906,-0.7466572662597409,0.24257765301907014,1.0253554140846606,0.272167905838687,-0.0421870774739342,1.3310679215327963,-0.7431042220444323,0.2352425758847126,1.0586641743111547,0.26871295920704086,-0.041872710567713245,1.3626019996346033,-0.8087854621123411,0.3111494501302243,1.0216152657868167,0.3130076269246785,0.04180107492047939,1.365232751605879,-0.8218744709832564,0.3204468420116934,1.0414273616881795,0.31455690651211976,0.03424263141600402,1.4189351808288593,-0.8301816523909249,0.3104378684000898,1.0725465807753536,0.30629606376600227,0.040438070229367934,1.4798637799369583,-0.2649818563202828,0.697701028865886,1.0857124375782186,0.02661521945378658,0.6640903080123912,1.2786849078945477,-0.14190552692071376,0.6699755588963938,1.108058434946921,-0.09855340696904877,0.6776755913230583,1.2308208212129856,-0.30961130359498845,1.1204135851466732,1.249390060018737,-0.08416801361466622,1.0459496454591728,1.4882799874689483,-0.23532785444282345,1.0900613619378987,1.2274381176925477,-0.14506440538950088,1.0481144869220986,1.4197281877969492,-0.30984546260518164,1.174627917604077,1.1167522104965757,-0.006073575527302488,1.1211910071377054,1.3931672992663189,-0.21794058526014548,1.1696770774945833,1.0442574018653001,-0.033078775941043276,1.133623615198558,1.2423001611182292,-0.28807773600390685,1.1159680147059963,1.3341121995328677,-0.1540219866952987,1.0182653498998933,1.4891350756883017,-0.20226174866259694,-0.1460927192304315,0.6576688208948513,-0.24420834260263027,-0.3733007601443645,0.7407632715727311,-0.2967400125896643,-0.20692095146671047,0.778547506142415,-0.13539403897864544,-0.22902789753636205,0.7768867438175959,-0.24915507874674203,-0.19544255762791446,0.6764400837284765,-0.17358256355084173,-0.20548447816169751,0.6706142092468498
702,-0.2554141306143415,0.31294614181109925,1.0592951745288386,-0.025035570038408242,0.28738636166946396,1.1260090488538745,-0.26419991493827155,0.2332060843238214,1.2522627951751029,-0.1433598366148372,0.20160767971295343,1.2964984604703904,-0.23090636271749695,-0.19379690006383266,0.9364165005222951,-0.21845982368374722,-0.028929269972666143,1.148199672965759,-0.23436376678571824,-0.13173788893092087,1.055702216930045,-0.36413554319272257,-0.10321018605606677,0.8755437113265891,-0.06274661978084006,-0.20439263261451565,0.9360886707874411,-0.5648831925727984,0.07371711571844715,1.0038534515037392,0.09410257924587145,-0.12734984695752138,1.1855134773538811,-0.5382090032938993,0.09472786614649925,1.1043957697622795,0.041448752876304465,-0.08345375394367056,1.2402540728009404,-0.7434816905521192,0.23837077101288762,1.0443969008620992,0.27305800575688344,-0.03938476049469966,1.33613413935445,-0.7444606009121151,0.23453009591741691,1.0764046067457187,0.2696794547555128,-0.038711124734090684,1.3675483245530164,-0.8029910863030107,0.3093169598332167,1.0450214481572486,0.31353936423382955,0.04465236954191408,1.3721002437123375,-0.8138396585889369,0.31780021488915566,1.0624838132725896,0.31585585582282216,0.03603444583302142,1.426249163344092,-0.8189896468511982,0.3059513925489421,1.095789389994266,0.3074695512827262,0.04307823956800577,1.4868137630905383,-0.2632393945232352,0.695301332568615,1.0807625260977551,0.029014499964060185,0.6634641566997508,1.2773956502239874,-0.1399206835477943,0.6679867980941276,1.1026335956318758,-0.09681959301073428,0.6767232441590673,1.2294559332993427,-0.3054877756921843,1.1223279858619102,1.2402263489641956,-0.08377374493497028,1.04780591671354,1.4846545452313478,-0.2308478658910166,1.0910758398642753,1.2139955103259128,-0.14555557017173015,1.0487503089203662,1.4148758441408984,-0.30642668916907656,1.1755796998080421,1.1072388582111472,-0.004455463980955126,1.1216217298927673,1.388638463263608,-0.2133503042509912,1.170271142723562,1.0324050472252746,-0.032303221064705644,1.1337901407255817,1.236088338324468,-0.28403760075982776,1.1178906453193782,1.3218762633565775,-0.15479477700601446,1.0180497367473853,1.4833762959930956,-0.20332485110128223,-0.15080748685641354,0.6632793298062873,-0.24309248847593715,-0.3778694701104721,0.7509751577172279,-0.2969745040281862,-0.21107676560161043,0.7850907458762907,-0.13552147590934532,-0.2313305233166881,0.7836747458127301,-0.24986099064749684,-0.20043849886417658,0.6826954903788038,-0.17417400424770693,-0.20941571176712476,0.6772757501203546
703,-0.24903091597605664,0.3109135254174234,1.04164974796195,-0.02142435679652317,0.28716215671566014,1.1053505778977306,-0.2539256475048675,0.2362622171351274,1.2339421314202768,-0.13365107572941684,0.20785479745764854,1.276432641337003,-0.22606670109196098,-0.19435295088591173,0.9317440123340199,-0.2093476657806338,-0.023018908235885354,1.136823861645155,-0.22717142867166115,-0.1286092993200574,1.0480004048248714,-0.35697616424256134,-0.10618344580825329,0.8722491532781488,-0.0602839555237176,-0.20549871928428867,0.9300873626918309,-0.5568287236131583,0.06863883286696404,1.0030944868646032,0.09466313140988651,-0.12459543959242424,1.1788555564709964,-0.5284459942999739,0.08965624726653576,1.099911544109705,0.04229256140537867,-0.07997516353670767,1.2325808787397112,-0.7426182263672828,0.226084477024116,1.0610829179250607,0.27312434953051146,-0.035599110588923386,1.3227258060804532,-0.7450821346738818,0.228393372880333,1.0919718509776053,0.2701385235602425,-0.03442570036764808,1.3537269625166335,-0.8001585733388266,0.2966176757032186,1.0730892500136635,0.31593832595157945,0.04666193395747008,1.3569047233334057,-0.8077708984888581,0.30248334258997683,1.0899213320513501,0.31798096512242,0.039758672556471183,1.4087553146974061,-0.8119977038093743,0.2924840373173214,1.1297876124963588,0.310018023939323,0.04722185190150598,1.4701042096878187,-0.2685696181616697,0.7012257159147626,1.075242493936488,0.0190661833099056,0.6679753364936458,1.2512522703386209,-0.14574723141309315,0.6751442067078945,1.0925999952061494,-0.1043076678896391,0.6832368013178034,1.2037358312622854,-0.31232826984379847,1.1316518767337103,1.2287586283747294,-0.09142055978799613,1.0873027623576554,1.441796269665319,-0.23864605720054605,1.1070124084675228,1.2014670028298895,-0.14687910054786124,1.0889388859985838,1.3738811954834125,-0.3126535044857526,1.1864606594258278,1.0968409123312628,-0.015258445063851447,1.1555418979540235,1.3346234230716665,-0.22523405824979661,1.1829663094923446,1.0234417613677973,-0.03666898677384241,1.1625325717481731,1.1803797754154233,-0.2888393020785427,1.1332970817772474,1.3076416652287812,-0.15568864271327082,1.071442278520766,1.44790106976181,-0.19962718864450688,-0.15500113267831625,0.6624835120957457,-0.2420721432993097,-0.37953718399662556,0.754950984738362,-0.29214563040301955,-0.21276413484599904,0.7820159362168402,-0.13383429100675787,-0.2348897725823969,0.7820342207688296,-0.24609297802160415,-0.20337654755617396,0.6821300868139815,-0.17166401968397868,-0.21310292321813445,0.6770074912345808
705,-0.2452766111712269,0.3104350321317477,1.0366224527484191,-0.018305420336764036,0.2876617300567822,1.0982495979053506,-0.24816945942338395,0.23854447835734893,1.2287500577311394,-0.12795565164854267,0.21201912336909545,1.2696949185903899,-0.22233343869581462,-0.19626666841652465,0.936928515912385,-0.2038185621816889,-0.019811477055733488,1.1363196855033129,-0.22278151368806356,-0.12751619487302288,1.0506195417021087,-0.35268551274645094,-0.1107206000914775,0.8769201518529333,-0.05775577857603232,-0.20809973094207065,0.9347275489650195,-0.5525435078126579,0.0641894772934809,1.0094377041889386,0.09669677265073015,-0.12148689253315885,1.1818559002489937,-0.5216421724944011,0.0851715550573042,1.1030657675752837,0.0444011349451251,-0.07632501496784766,1.2342698811732373,-0.743532279122695,0.21973278577354816,1.0872747560266427,0.27532215959399764,-0.029134938991631918,1.3206081911597285,-0.7478378339537726,0.22350968805793409,1.117866849112075,0.2722602351445658,-0.027317738210895257,1.3514636470483712,-0.7974868035264393,0.2907919003355706,1.1095765301940492,0.32186714161105023,0.05205478958058994,1.3542423497168006,-0.8024825289550106,0.29772269175275345,1.125767262452532,0.3208537634675277,0.048063890013444396,1.4046251442004398,-0.8071710568788297,0.29250976027864056,1.1701766263272289,0.31322013235258533,0.05469677298511935,1.466617053471933,-0.2686325974359637,0.7057651496843551,1.0705503134919048,0.02232703128436214,0.6728823640737744,1.2384757357761131,-0.14588340444727882,0.6816156473474586,1.0875797591565548,-0.10063016792744729,0.6885330420299527,1.1922263355439116,-0.3085184634349133,1.1394812561258378,1.2196571135995344,-0.07911871190071305,1.1024936133922942,1.421939482939963,-0.2351396419987429,1.1180844830184058,1.1908684415703408,-0.13529382313104021,1.104004844935571,1.356532890291413,-0.30866142086752457,1.1925770538377685,1.086920817067754,-0.0026348892770958286,1.1688634006760434,1.3087608078922428,-0.22228218788464676,1.1897275654631438,1.0131860817451233,-0.025246870503492683,1.1741630585540959,1.1574776768419808,-0.2837677708868707,1.144060675246199,1.2952748167162018,-0.14277993408025114,1.0903782459655285,1.4311132080050653,-0.1987321951465018,-0.16377014399138512,0.6690761847948322,-0.23913373582673905,-0.38393436147749394,0.7699463813895362,-0.28826726208116876,-0.2175773051427144,0.7890824583687911,-0.13166182377254768,-0.2397028550440395,0.7890226153997691,-0.24440292264437716,-0.21124152171600946,0.690588504891171,-0.17081701624865409,-0.2207900446779812,0.6852588798313686
706,-0.24604285331895068,0.31125353360482355,1.0428947747683996,-0.017228339593718833,0.28923725272696615,1.1049595032783284,-0.24987459817175817,0.2412554659233726,1.2354603428139894,-0.12925541059963327,0.215229258851805,1.2757104762764273,-0.22090807965036977,-0.20126692955511477,0.95281678045698,-0.20438741333764537,-0.018920539982779323,1.1469571967288728,-0.22279728958016715,-0.1293345095509943,1.0642589460953582,-0.3518319422616124,-0.11929604207840931,0.8897577928967515,-0.05578285783427199,-0.2127456756465912,0.9515566802460351,-0.5540618710286016,0.059057213185418705,1.0220379227061502,0.09744937331483663,-0.11921050051838218,1.1981427211776627,-0.5210979677349858,0.08034897146826195,1.114692838446643,0.044688434092567925,-0.07307570064471058,1.2498558864681844,-0.7480970882345308,0.21811886656319088,1.1107080532129587,0.2766494534555909,-0.02284745001645283,1.3288074643210783,-0.7513189351850875,0.21826126934170506,1.1428808886550397,0.2729729357499763,-0.020156940051243095,1.3602085964463004,-0.7949207737402659,0.2920030220503145,1.137787140773236,0.3271142793394951,0.05820245665625384,1.3590839815751632,-0.7996016513014044,0.3066000056157199,1.1539753797609635,0.31995701918726516,0.06007708565457705,1.4083218154148214,-0.8109483928197914,0.31285550397917383,1.195792126100093,0.3133740185600301,0.06422866889738144,1.47000133826195,-0.26178644537494883,0.7028924782710226,1.064330262256111,0.04226326698580599,0.6753983181885097,1.2440895704105432,-0.13715433898711687,0.6818000994046225,1.0851187701057188,-0.08320716664968125,0.6898268257802709,1.1993286126451166,-0.2925125120486456,1.1422519188603655,1.2105513926401663,-0.042345176634795714,1.082943825232607,1.4349446576542622,-0.21763587396507955,1.1191496859573493,1.178777249406712,-0.10809472621971368,1.083626364720518,1.3741058918463969,-0.29385951626605944,1.1899834259821787,1.0756473803138302,0.04027938364739279,1.152235251695985,1.3255810378430928,-0.20150636413966327,1.1860426934110408,0.9967934054272042,0.007771116536872423,1.160579654556348,1.1833801242819768,-0.2668210419075473,1.144980449484953,1.2832509051395324,-0.11327348407853283,1.0610382793277386,1.4421505130302996,-0.20054472951534186,-0.17825365144374547,0.6840290346933108,-0.237586610676955,-0.3930174729974075,0.7932178197835058,-0.28751670033428645,-0.22801323888087238,0.807739253912451,-0.13130664791734095,-0.24885768238528655,0.8058175895501525,-0.24553775517490029,-0.2251182507194726,0.7095539154879125,-0.1725233295038295,-0.2339541161755122,0.7034459442031598
711,-0.24571622938393028,0.31062895916692285,1.0458505585256215,-0.016100421068846158,0.2891103252794024,1.1052680548600957,-0.2477556972790243,0.24252919472508894,1.2382405960003449,-0.1266393784354523,0.2178176721370445,1.276468706469434,-0.21876773250690407,-0.2070233603925304,0.9658898779414844,-0.2025104966566394,-0.017843184236897083,1.1544639795335678,-0.22078984148817976,-0.13113975418204812,1.0750484098491992,-0.3499357675466014,-0.1280339516216321,0.9012138761218634,-0.053630828312383555,-0.21822635895953651,0.9641988038616696,-0.5545342499477246,0.05265675238108179,1.031795501482827,0.09859420006023595,-0.11619249992823943,1.2094568698120174,-0.519756430545822,0.07416106008811998,1.122778452969209,0.04526497692349738,-0.06952564583918319,1.2603399217106397,-0.7535086229094099,0.21323469059871716,1.1284719407990749,0.2788769674006622,-0.016482431695756063,1.3327827115505537,-0.7544670120626567,0.21168990180820985,1.1610307487762777,0.2747314160272768,-0.01326962053696015,1.3644493367728485,-0.7978641448020105,0.28825671816179943,1.161703698856317,0.3328544960231823,0.06452136944549802,1.3614956160808314,-0.8019136763074424,0.30569068250173376,1.1791231295454527,0.322097177156675,0.07048434831181126,1.4081275826387465,-0.8173528190753019,0.3188435431039639,1.2212735418262148,0.3160219027972052,0.07404665804286562,1.4696398408310591,-0.26348181449602415,0.7047604512814829,1.0699675817665022,0.049741029902231094,0.677440628400517,1.2420907384732787,-0.1378597688023637,0.6848907453929571,1.0913357547846125,-0.07668784666493653,0.6917807104535615,1.200213032256328,-0.2903445601848064,1.1469146244928947,1.2150713260912966,-0.01953155954040099,1.0848777370512255,1.4318081780786547,-0.2154654449909837,1.1252829350955973,1.1834603903598127,-0.08927411702784953,1.0854052919840176,1.3759564058020706,-0.29249620101032026,1.192472020155941,1.0779993430637784,0.0634339931468301,1.1538635474979975,1.320236648176044,-0.19971302628916549,1.1886731660442384,0.9981048411539483,0.026755097046006187,1.1622742270977404,1.1832763568221392,-0.26344847902151625,1.1505342158142111,1.2866010875047786,-0.09216100897298511,1.0622953246648241,1.4428212001306682,-0.20098067284571547,-0.19120254949989327,0.6982550852846243,-0.23713889982628136,-0.40170833702046793,0.8119339611907872,-0.2863286276645297,-0.2374629673800636,0.8230762838842489,-0.13147236002954618,-0.25969509097456334,0.8205823144074962,-0.24581769317511315,-0.23721347915363722,0.7261818639484972,-0.17356034300486212,-0.24669270672593127,0.7200088336234507
712,-0.2456321774754998,0.30838704776091475,1.0564945552460678,-0.01569928454342983,0.28617866830341676,1.110126072450773,-0.24367117690339182,0.23913683033712302,1.2487658251269054,-0.12145178989690505,0.21517343939739714,1.2840090320994244,-0.21898346619222284,-0.21437967166027816,0.9811263440502311,-0.2007234685378178,-0.02092626978466553,1.167118271690751,-0.21963959968534966,-0.13539511091651862,1.0895884709910382,-0.3509752942382707,-0.13590661996177067,0.9162277897634632,-0.05335779447306014,-0.2256489013093651,0.9764479808891341,-0.5566588218366242,0.047318088211887974,1.0423546890379252,0.10141071571725002,-0.11328892573216108,1.2181718827148065,-0.5205349010947588,0.06887202417589003,1.1316290303668783,0.04759258745279718,-0.06740390327467688,1.267738882993298,-0.7573523735615464,0.20801328611802714,1.142632000880178,0.2839637510394599,-0.010099818965099904,1.343213783312586,-0.7578260041720167,0.20726486746836809,1.1728606017146528,0.2794306352910785,-0.007098246029271093,1.374693685039242,-0.8071572807038854,0.2831372802636045,1.1809737067131811,0.3387708712123514,0.0720369411002818,1.377580399975678,-0.8099574651409447,0.2950541491294923,1.1999927530056942,0.33015884748553764,0.07615486886662333,1.421261102312553,-0.8214432057249739,0.30280649616038086,1.2462068428935849,0.3229550887958377,0.08308855500296608,1.4823060467269764,-0.27501332880631013,0.710346683688323,1.0956134119618486,0.042550981942905804,0.6758934105558208,1.2423728746536562,-0.14986515079529408,0.6877823539218286,1.1146630329153933,-0.08401151394828346,0.6904868808544846,1.205365658040682,-0.3044521954603261,1.1508182958599102,1.2433424755885423,-0.018972207014155824,1.1021784842237095,1.4241903221381942,-0.23146226600916225,1.1312144539293363,1.2147053550056635,-0.08709319992632786,1.102209417448945,1.3709578308581807,-0.3074278954621984,1.1981815238016171,1.1032146161896343,0.056694660305365754,1.1674091962226802,1.3056472389750011,-0.2196239194466442,1.195256297849188,1.0272948249780796,0.02150241482951866,1.1735923262959105,1.1661024712170167,-0.27752668968276856,1.1563091216477486,1.3159046562171661,-0.08844909552144564,1.0846794217042466,1.4421207524953825,-0.20216731742771335,-0.20114724668654088,0.7151193108669871,-0.2373293003347543,-0.411151904307122,0.8275179227327583,-0.28715950970882836,-0.24612763450496183,0.8385611757196305,-0.13304745594775874,-0.2713255617025544,0.8371157730074241,-0.24728796068850595,-0.24704337136375587,0.7426199770304547,-0.17510570159489378,-0.2579803252894754,0.7378075970706686
716,-0.2466954218261314,0.30579797912412965,1.063664990236218,-0.016012728155888514,0.2842687414525959,1.1168738010594472,-0.24365136455076308,0.23606430743518947,1.256342265306548,-0.12075022957654083,0.21284553227687966,1.2905912095040288,-0.21915777168538864,-0.22113317541141442,0.9928423505187434,-0.20151242719224657,-0.023621339544451905,1.176195461602429,-0.2199161770929406,-0.1394816235404051,1.1004419849621196,-0.3510582876315587,-0.1439959438416491,0.9268906489421233,-0.053319608898971735,-0.23117678934501665,0.9877179288006046,-0.5581224347878107,0.041927716329857714,1.0500270228860367,0.10226606529713617,-0.11141817568440984,1.2285398094715552,-0.5211687224596213,0.0635723541560445,1.138997103237318,0.04761600345265497,-0.0660361150059744,1.2766584593062067,-0.7591863590325857,0.2055335380762216,1.1489497309478445,0.2868043695057885,-0.0044379280606423694,1.3548096327826098,-0.7586583181465644,0.20380653809866484,1.1790641717320889,0.2813519241123579,-0.001276141184285296,1.386548496815657,-0.8118988591579418,0.2812889092644355,1.188889470499304,0.3426050495262699,0.07798714806152321,1.3916133900989398,-0.8149092151075463,0.29147763902626544,1.2107923123069382,0.3351243625372825,0.0814394782907191,1.433616888632046,-0.8256886846491445,0.2978881892173043,1.2580121412065055,0.32618404947089746,0.09116249087974054,1.4952085468634198,-0.28086283874502305,0.7129088917946385,1.108568743935292,0.03750696901522975,0.6759229862723666,1.2484365632452987,-0.1558792468731129,0.6899318000234207,1.1275987455094687,-0.08921216227157737,0.6907377342980895,1.2130469946826357,-0.3109621829121699,1.1532045236212185,1.257369145427842,-0.023054366469232403,1.109498681976425,1.4266548160621038,-0.2384818756278846,1.1349304473321995,1.229433359847934,-0.09077506271110608,1.109335769913366,1.3745679861306281,-0.3141465711775119,1.201079564200442,1.1146388397525704,0.05019012682988301,1.1726198145614126,1.3054372037032533,-0.227906149391322,1.1984458137495029,1.0399961156012494,0.015296355232682003,1.1780194493910656,1.1658183495748597,-0.2840928973387152,1.1597058227988584,1.3295968643464962,-0.09223256983764135,1.0937204170703674,1.4468537989982406,-0.20112764507898395,-0.21110727288840603,0.7277824587441653,-0.23556600233104252,-0.4200995900087819,0.8384298730168152,-0.2865868240841831,-0.2555310248416507,0.8503911646023838,-0.1333201437965558,-0.28142938382076677,0.85009689359746,-0.2461162959020815,-0.2568427460536096,0.7547994770811435,-0.17447585439559643,-0.2681826753403076,0.7514287688437253
717,-0.24572284386940818,0.3019424884422415,1.053075240024509,-0.015485830328501812,0.28396090859163414,1.1133628738051353,-0.2443955382229153,0.23463890280280159,1.2464561738774744,-0.12205569482181308,0.21365542264726753,1.2824253733743063,-0.21626104450495393,-0.2241287290489032,0.9895564122829966,-0.20116715240547078,-0.022300168334154984,1.1685282683668912,-0.2182782281019519,-0.14013393708423988,1.095116453653919,-0.34543794016028007,-0.1497995930079032,0.9228296729146164,-0.052318894229276575,-0.23151455919149527,0.9877731892795042,-0.5530257077416345,0.036279129951977476,1.0476751423033628,0.10056468846520661,-0.11026874379661328,1.231796578480376,-0.5155139809276184,0.057831875733309356,1.1367349885116977,0.044879850609304016,-0.0648662496606138,1.2778190253013808,-0.7555240464771835,0.20342038496357867,1.1460219418007775,0.28600773159391074,0.0005143410896533314,1.3578158070377149,-0.754775597086607,0.20120181166586112,1.1789996922936072,0.27913242208445366,0.004496771472281778,1.3901336333837302,-0.8076918192533251,0.27906301198950667,1.1869917312233058,0.3439583151805422,0.08074091980745057,1.3918282035470666,-0.8115809580870841,0.29071577606207644,1.2135458504589982,0.33667320843539056,0.08492755636710489,1.4338510397791895,-0.8244543908466061,0.3008635877482959,1.2617387222044032,0.32482554116383866,0.09670391947053872,1.4986610067113921,-0.28048330016081024,0.7161450463887353,1.0963614742012076,0.026047140078005293,0.6821047866420817,1.2473593561919207,-0.15634281693549307,0.6968205662264353,1.1165365042481699,-0.09857095597932214,0.6983576504358951,1.2075837626841812,-0.3105288441693442,1.1581084478238957,1.2412668392751214,-0.048410739903657476,1.1264140267304712,1.4183165246215523,-0.23726782339830527,1.1442796245035818,1.210805196455536,-0.11186716483175096,1.127287949316942,1.3642095819385598,-0.31173290914650575,1.2061909408055014,1.0979609724444885,0.027642629437803747,1.186924425703302,1.2941754962086565,-0.22587975094916635,1.2041794643001122,1.0227953319821321,-0.0031935687431717203,1.19046216426284,1.156070775268121,-0.28314081492571885,1.1681255147347849,1.3099208754668774,-0.11663002500495552,1.1169475550517505,1.4368727065501883,-0.19367170287830585,-0.2178447947428781,0.7263287830559111,-0.2289611848736916,-0.4244535596390207,0.8362460208815625,-0.28008942680395454,-0.2621550069430678,0.8469320248185208,-0.12929910988249996,-0.28574887875185384,0.8489931275339008,-0.2375629572413787,-0.2627973138710544,0.7518483502550513,-0.16776846348465702,-0.2730729443538178,0.750109837931898
721,-0.24429950714412474,0.30069629811259035,1.0496453921001478,-0.014631483981050278,0.28424818801325497,1.1150650200885648,-0.2445813439135617,0.23451870974181804,1.2440076252997794,-0.12231658174981004,0.21439521577703247,1.2814116127979012,-0.21536475035974242,-0.2294556458313396,0.9947173967091227,-0.20136601724217346,-0.02171135627562081,1.169318814033383,-0.21780157909013095,-0.14186171862087965,1.098810358519966,-0.3434712513434425,-0.15673727837784257,0.9269225373904808,-0.05171347344162623,-0.23522281058341993,0.9943467111345248,-0.5514154170281187,0.031846104261122825,1.0499941043415677,0.10162882918582167,-0.10897022204010809,1.238477425011578,-0.5136781944288773,0.05387491397407775,1.13932779855613,0.04490679288215209,-0.06373273403966656,1.2831226610958426,-0.7541837163948066,0.20180154222960417,1.1439311156901182,0.28945331212646286,0.00589703268863623,1.364741276400793,-0.7539330004509706,0.200253421760755,1.1781544176676095,0.2816077563729398,0.010401446628154546,1.397738520687383,-0.8077544774033686,0.2780859839032493,1.1835925006991246,0.3483934688317599,0.0849219875273169,1.3980605427157702,-0.81187511571655,0.28859143940554555,1.2124932961030024,0.34293735444801876,0.08859181017913553,1.439222508023318,-0.823864149707596,0.2973689453838339,1.2625338805639161,0.3293164243706622,0.10286387801765295,1.5058471627530507,-0.2828601450290619,0.7227967202812076,1.1004792733888837,0.015507243137724103,0.68584775441973,1.2501688005406422,-0.15928857982318306,0.7038014999525135,1.1206755981498784,-0.10756133337630006,0.7037765180217752,1.207720019503581,-0.31416849422179705,1.165161165501991,1.2443528850668388,-0.06811067897359072,1.1449910011325928,1.4123050557880275,-0.24171101072462126,1.1542669715297604,1.2142800317420528,-0.12767745695143007,1.1466210294694976,1.3566602917600274,-0.31342843795683917,1.213711152518851,1.1007472053614848,0.007329836893570668,1.202312863613824,1.2860096549627613,-0.22935896534734004,1.212307268035306,1.0274234080346454,-0.019104307843275187,1.2040323341259855,1.145870547806386,-0.287550570175813,1.1774965411955156,1.3119640317955183,-0.13548528560966522,1.1411827834486505,1.4310769045218437,-0.18956487711746528,-0.22405097330845292,0.7326467821099574,-0.2254763283565225,-0.43154284321970204,0.8388498750976665,-0.27728397816746553,-0.27016796791876063,0.8509993010128332,-0.12755797936149588,-0.2930824620601861,0.8549545380409049,-0.23293121920246618,-0.2688803074576073,0.7559395911230082,-0.16409095485617756,-0.2789863736778255,0.755895212047496
722,-0.24284395213397597,0.30547358561215354,1.0577164782253576,-0.013051833074478308,0.28734602253760166,1.1256837057342124,-0.2457267657068095,0.23976244815502024,1.2534324997134199,-0.12282310228359937,0.2181800558327313,1.2918633941716768,-0.21686136824764624,-0.23881739809591512,1.0172102819372213,-0.20317131646948072,-0.020328575560881468,1.1855219719704233,-0.21937706752341246,-0.14465693158609855,1.1198555105076216,-0.3470085063636351,-0.16735172189469943,0.9464863241090986,-0.05050830785577187,-0.24468600304759938,1.0161898633058626,-0.5565428164802916,0.02847150691750281,1.0625807851612694,0.106649356864074,-0.10711666585326379,1.2559664676403481,-0.5187334337135048,0.05212748183109915,1.1526009338548033,0.04878571667457422,-0.06145424746680549,1.3010033506002134,-0.759853201043706,0.2016034566281148,1.1478568740319717,0.2988081121731943,0.012334861050430298,1.376342704712263,-0.7593071143433499,0.20006623126004391,1.1821602548072352,0.2907394871178824,0.017278186893049663,1.4105285127166092,-0.8127611691016048,0.2808834470594678,1.182783650583652,0.3587049828146094,0.09162566691632719,1.4079956566838223,-0.8165788835547962,0.2919962181529986,1.209670846673443,0.35333619234770103,0.09719664741247877,1.4465832735910213,-0.8287744945405209,0.2996447888994276,1.2596364432986604,0.3414161781445421,0.11173956067638371,1.5122045125320338,-0.28357086666344866,0.731934653831736,1.1234327661530648,0.02048759778445748,0.6866868790053264,1.261018851856032,-0.1586786120885939,0.7097625733334412,1.1440424128125164,-0.10334571237027582,0.7060293110765572,1.218829697484067,-0.31321900608734377,1.1755746663732556,1.2697281540444734,-0.0538841499890295,1.1498915350921122,1.41878879314332,-0.24300621190499083,1.1636238485049237,1.2436865614190582,-0.11612323716603724,1.151757445445671,1.365322307088412,-0.3111914223033996,1.221772879706425,1.126279279777584,0.02008314353959302,1.2061710319668872,1.2959745682236048,-0.22696450004623203,1.2202074527605553,1.0551565345498937,-0.007305696315346686,1.208506806754343,1.154061508773558,-0.288792338261031,1.1865435119960384,1.3397754825610337,-0.12505578808518664,1.1442305776023338,1.4393157898961197,-0.19223071925106855,-0.23317451208035003,0.7544636647490868,-0.22798859117143833,-0.44432279132119856,0.8559864294209532,-0.2807474455426926,-0.28245310648982624,0.872548600852241,-0.12972443850237686,-0.3069569248271905,0.87595329219999,-0.2359366900433994,-0.2785691167336718,0.7768803018666708,-0.16676550669057497,-0.2897648179890133,0.7774636034734432
726,-0.24159360178022204,0.30722343899047383,1.0571604036447004,-0.011912216884763523,0.2889899594283827,1.1283306108851758,-0.246007168081317,0.24130760476366414,1.2531485386914893,-0.12310824831609024,0.2195141896212695,1.2924540201007506,-0.21574429090669553,-0.2446048257879823,1.0269667692001008,-0.20270779699047925,-0.019086625093206605,1.189718981937109,-0.2183359346336469,-0.14607722222580732,1.1277797489155006,-0.3464665402770494,-0.1747017246616765,0.954795531636705,-0.04890479404968494,-0.24960433964230405,1.026736997564199,-0.5560634114040022,0.023800896987959577,1.0676734024800338,0.10942352927762457,-0.10475850137675577,1.2635739073509815,-0.5184633949703701,0.04893129591527411,1.1586238053736415,0.050781518536902354,-0.05873055802682268,1.3075491322995298,-0.7569699141598714,0.19830639644189405,1.1400615970708414,0.30358278629865687,0.01869508859527656,1.3800848669737993,-0.7572319791146981,0.1976552650227903,1.1761040500605275,0.29482915800794335,0.024248209540799325,1.4147906376575674,-0.8060060194851044,0.27906581232392597,1.1682591836157425,0.3658303777673809,0.09642877731765793,1.4090903840800575,-0.8105292032030673,0.29266668875731733,1.1950082023011255,0.35979842159986036,0.10329083116868132,1.4460364299784352,-0.8237265415994832,0.30183279951266717,1.2433885683722397,0.34826394855980725,0.1175902951833062,1.5121330772388153,-0.28440662979960507,0.7362708234845924,1.1324418012460673,0.02002122689310094,0.6883377647074306,1.270691019121509,-0.1593332449993421,0.7144115918007238,1.1549350157478702,-0.1030443077015865,0.7087172199046866,1.2269630387592905,-0.31408513355613454,1.177919612920138,1.282271047853059,-0.05265871485143583,1.1500743650846639,1.4300178828892691,-0.2445084809945468,1.1674021032724782,1.2598323980751776,-0.11519344185135783,1.1534314668945214,1.3769670249151074,-0.31059744962600816,1.2244970503934811,1.140284485241204,0.022237583346002628,1.2081511725734844,1.3126831501813845,-0.22649432679308895,1.223256474268342,1.071550453729507,-0.0046795634137730595,1.2109151334221107,1.171622836781623,-0.29026383130914324,1.189564056050733,1.354216178421808,-0.12546028574393242,1.1457171915932172,1.4498227359183182,-0.1894376268546582,-0.23916772064253244,0.7641728999593711,-0.22667819649913623,-0.45206619132478343,0.8625256815536637,-0.27992242805452683,-0.2910558005092647,0.8811054809971783,-0.12851593078112647,-0.31588761729864256,0.8859695662470888,-0.23357593432633267,-0.2848073969823445,0.7853506602886015,-0.1643318579451062,-0.29609878197531114,0.7869853930303563
727,-0.24242745175333097,0.303202061321651,1.0536677211191945,-0.012511612525351875,0.28601128662485853,1.123965471998766,-0.24410055457713437,0.23355111081528257,1.2478127417933231,-0.12145486835160872,0.21299028665813396,1.285747709664608,-0.2122836392169989,-0.24656708792568713,1.022804268528735,-0.19914140300565938,-0.021815419943598226,1.1833149390480218,-0.214069869720042,-0.1478918261180427,1.1221986340770815,-0.3424163843143845,-0.17748684807763637,0.9520074225363895,-0.047725370045284814,-0.2496726005312947,1.0232530852242507,-0.5498122290520269,0.016911800492493308,1.0652791400431592,0.10948555427980942,-0.10118748016588688,1.2573548845697613,-0.5127753865764932,0.04312715156809009,1.1573042615416078,0.05081689828885972,-0.05556886520181894,1.2978459862787846,-0.7420447691172372,0.18928901970218112,1.1166714613524213,0.30223802250928344,0.025187688622410824,1.37687723652307,-0.744569786952816,0.19088705067381648,1.1551053939073643,0.292192663689879,0.03108700957024324,1.4105996404535877,-0.7857560222859683,0.2688791040945595,1.1355002019163503,0.36802281076808874,0.09994005255357472,1.406372499157479,-0.7923944583369613,0.2845723730080874,1.1651601595664454,0.3617932868668444,0.10485050016610477,1.4423279933187456,-0.8049245543249279,0.29465397084818057,1.2100208052714942,0.348281475939326,0.11956559118993997,1.5100328511316978,-0.2915720101570209,0.7316962471523024,1.1347564125988239,0.009953822277899552,0.6869625836343884,1.2827774607855351,-0.16829852885211838,0.7134044866265319,1.1604281799771163,-0.11084340593546937,0.7069344586174322,1.2384426353279772,-0.326093590856328,1.1637121244539448,1.2934727645098107,-0.0678872326640275,1.139326716421161,1.454936385908404,-0.2552393449665957,1.157435548833526,1.275856421493567,-0.12753523864966326,1.1454890816482637,1.4005967023254122,-0.32233668313780706,1.2165961755064263,1.1534059728654797,0.007538593855111761,1.2035890903164252,1.3450926123226172,-0.24065461734429483,1.216489878730131,1.0891509198451774,-0.017505214826084928,1.2065436811601202,1.2073218457548134,-0.30044614008453974,1.1784878373865437,1.368352490735675,-0.13766958206260857,1.1403752205020743,1.4726603974227317,-0.1806694638090847,-0.24139661029179518,0.7608264401852957,-0.2212529603133798,-0.4536602244707921,0.857082644740683,-0.27511514295758066,-0.29465257735835304,0.8752490472866243,-0.12411971970787981,-0.31958534265250826,0.8848267980686728,-0.22598842298594418,-0.28713121322203194,0.7802568124711371,-0.1563671394210073,-0.29774832684408753,0.7839500446517256
730,-0.24300896072072214,0.302986280305815,1.0566330343553951,-0.012277479269188155,0.2851552151001109,1.1258568274210208,-0.24365352777591498,0.23216738003409554,1.2505409006794168,-0.12067532796598515,0.21195447708493337,1.2875217347023515,-0.21117658709241838,-0.2506408944972732,1.031988571864784,-0.19851035925664196,-0.02227452717751014,1.1886365020881806,-0.2130113328020623,-0.1493734561818414,1.1299447310131137,-0.3419084797604698,-0.18221744109311347,0.9599927378107564,-0.04641123653467361,-0.2530088165539619,1.0328705231196418,-0.5495915786604219,0.012452842896112707,1.070339130114865,0.11180822307137492,-0.0988130835748155,1.2636323151303739,-0.5127706719159231,0.039789783023098255,1.1628534199809146,0.05295558238206216,-0.052700843804489875,1.3024189528348031,-0.7376780702425682,0.18432328821971988,1.1089817857001312,0.30425162717766796,0.03075037799415114,1.3802865037335623,-0.7412209359199975,0.18695218950593884,1.1483291606935497,0.2939826561385437,0.037083872950938485,1.413631177591962,-0.7781127167060407,0.26456439860584413,1.1220406150396265,0.3719868220661492,0.10453257005779962,1.4090908645201876,-0.7859184187488912,0.2819776963930935,1.152322283174128,0.3652424906156843,0.10956086007786031,1.443629063763985,-0.798186140773955,0.29264586110655716,1.1944180543954417,0.35174695214641394,0.12405903641709672,1.5107447343380391,-0.29393508548437186,0.7329966991687863,1.1462033869775956,0.009501970413033056,0.6877330289987649,1.2918251563634018,-0.17095418241636376,0.7163041098858021,1.1740408353126428,-0.110810120457514,0.7081450739618909,1.2485195678634622,-0.32767491548123184,1.1614981520542471,1.309536138373257,-0.06358027887956724,1.13471996939312,1.469915016939237,-0.25631987491250124,1.1568799323663161,1.2954632534586392,-0.12344769109511497,1.1426475278154984,1.4166891139639386,-0.32364508024058486,1.215949676019356,1.16937208737628,0.012356074187927606,1.2020397483911858,1.3642652755181124,-0.24237678267516793,1.2161416956545912,1.1077742914486537,-0.013270321209689132,1.2055085253346411,1.2292598874152332,-0.3012706440026819,1.1774553842311124,1.3865509966400595,-0.13313960874952385,1.1378902594236333,1.4885747422048319,-0.17797044917658617,-0.2462883271942482,0.7700847494060752,-0.2192514203414588,-0.45877164807509385,0.8655006999865502,-0.27363547072287486,-0.3011257295117462,0.8839308478473139,-0.12238930389249468,-0.32640846529963236,0.8950042363973381,-0.22381091635114897,-0.29235287016935796,0.7891438615890929,-0.1538284620237696,-0.3027757734002895,0.7935078509423108
731,-0.242534643726019,0.3059152133054404,1.060974342807934,-0.010741624039564444,0.2870002619378833,1.1326029729595697,-0.24567612713513504,0.23975244894477843,1.2576424215478217,-0.12197331137458098,0.21987704728461288,1.295567943586098,-0.21263022506046647,-0.25584698744425394,1.0524982747021667,-0.20239854010715067,-0.018298065075947785,1.2031358416260562,-0.21652898144046046,-0.14914539202358723,1.1488205394631792,-0.34365711394138015,-0.18829201186928507,0.9757283496770666,-0.04521899873719844,-0.2582017672775847,1.0553561254174513,-0.5552843255654769,0.011885627452834105,1.0809449500214097,0.11540483517612568,-0.09929550663933034,1.2854272948533323,-0.518001549961689,0.03964068787096585,1.1727590157149406,0.05596898287163388,-0.05141085055373133,1.3246815847407922,-0.7479466854507062,0.18665150665621225,1.125159937712008,0.30868578126279816,0.033812569960379936,1.3924694310935306,-0.7508279810162329,0.18855192314179986,1.1639326078721446,0.29951648152689525,0.04090486143859358,1.4264706623915238,-0.7903030032560137,0.2694031022333027,1.1412319181825157,0.3754181415472705,0.1090081585256519,1.4181897393977478,-0.7978651019146131,0.2868138894390456,1.1710100240676584,0.36896731473281685,0.1165125745219173,1.451933550868043,-0.8101648295909107,0.29754342545416335,1.213489849855074,0.3566221244568676,0.13129706339054106,1.5168770626760684,-0.2874700466653143,0.7446155987608047,1.158515436688952,0.014711358949128946,0.6955228165003872,1.2889861998417427,-0.16330102915030306,0.7283572432225935,1.1863152494331897,-0.10647195131077128,0.7185017719556126,1.2463477676031771,-0.31214974236148074,1.1810771464056575,1.3150874821117209,-0.0512344850707397,1.1544248618410577,1.4549396588562395,-0.24088886538834464,1.1763669535421304,1.2991611957552323,-0.11179873053126561,1.1625892809550777,1.4039748859788177,-0.3067898588441421,1.2299152833717553,1.1712179803630756,0.02632807338213917,1.2167905648378774,1.343327336616174,-0.22342540062085908,1.2294175550015616,1.1084149075334575,0.0002739926467585597,1.219424358924225,1.209289862768547,-0.2863355834108632,1.1973372715402082,1.3898223946051886,-0.12277963748208894,1.1593945134310215,1.4782898631271486,-0.18114376862471748,-0.25381853198048243,0.7906374305024718,-0.21900572273683433,-0.466572274979084,0.8875043204459354,-0.2735010364054765,-0.3101602167318416,0.90578068796856,-0.1225678159974088,-0.33423843811597354,0.9141881955293318,-0.22548954746493813,-0.3001190493695397,0.8104818665966638,-0.15630753205075695,-0.31024077608996437,0.8138263527897118
735,-0.24247382373924087,0.3058341252393312,1.0601871864140202,-0.010298916280108802,0.2867024179283475,1.132267163460035,-0.24589442196807387,0.2410378959008007,1.2575546189837308,-0.12205601401729946,0.22161911280694768,1.2954442469010456,-0.2118059528941158,-0.2569746605198848,1.0565684512690703,-0.20305407749668372,-0.017228658644406036,1.2049049414819795,-0.21671752204835432,-0.1488604353853925,1.1519647975934726,-0.3424874638522555,-0.18965191971148132,0.9781182779969659,-0.043958192516151316,-0.25845162531144683,1.0605528258006651,-0.5552177786832677,0.011217531902048822,1.0816075512571408,0.11659796095509287,-0.0981295290282925,1.2902468148577604,-0.5177587157487329,0.03891468395941653,1.1727707565221877,0.05704791983944104,-0.04996883024412593,1.3289756986095866,-0.7495848108335659,0.18671315035554392,1.129380479672895,0.30901512263436304,0.036139895695291455,1.3953676182666048,-0.7522113915891453,0.1883545075394734,1.1680383705167543,0.3002046293584749,0.04340522185918161,1.429317714438244,-0.7936092493338434,0.2700067256099331,1.1476468945536822,0.375292863618984,0.11170237980096936,1.4209024503062186,-0.8010664777227673,0.28701504227743657,1.1780151596778576,0.36908779427288674,0.11933325680688471,1.4543433427205925,-0.8127623922684689,0.2976116782512007,1.2207801674407395,0.3565817103820328,0.13432662762428055,1.5186596169047049,-0.2855335707630853,0.7473672585012037,1.1595399645760252,0.014377087278751848,0.6978953637226295,1.2872127452883488,-0.16130234852118885,0.7319051493835864,1.1876305766150372,-0.1067223793837323,0.7217666802603568,1.2447395530088938,-0.30756104800690065,1.1846643551098794,1.3155129921430606,-0.05002132468483722,1.160121488285006,1.450300274948451,-0.23563802897890088,1.1805610969163423,1.2990173331064243,-0.10998859053277604,1.1688331785365444,1.3997315400208592,-0.302056315999457,1.2330519874558257,1.1708407009210338,0.028030421729483446,1.2214407028417025,1.3360645816657937,-0.21808863910614457,1.2324533448418178,1.107903798513112,0.002119488265977076,1.2236769546551827,1.2031226245586804,-0.28128677635636146,1.2016693178799849,1.3896694045264395,-0.121162851705756,1.1672096606503588,1.475260470657672,-0.17998196493478708,-0.2558344732792585,0.7950644776889262,-0.21702702194989293,-0.4684339874180131,0.8927319454760514,-0.2714972743317253,-0.31298531686522246,0.9104459382550103,-0.12085073878426517,-0.336430506969004,0.9186031715864842,-0.2239031716274324,-0.3022300120803091,0.8150298517506622,-0.15495430388788306,-0.31203655558317944,0.8182672595726566
736,-0.2416992033195754,0.3049154811650937,1.0532317616089752,-0.010589155826110055,0.28597526439968435,1.1246388957644724,-0.2442136433230723,0.23716517781814422,1.2487327349474477,-0.12110985008749506,0.2170960649769906,1.2862155671911815,-0.2084467073857415,-0.25407133609853416,1.0419298257319067,-0.1996057912434186,-0.01891582166058286,1.1920007087697149,-0.21275548781630935,-0.1485508381933056,1.1373060453246335,-0.3389196382103262,-0.18636666376514616,0.9655837888898018,-0.042134951272443495,-0.25396373346827134,1.0452124808010277,-0.5488304533279489,0.011286611970953698,1.0704713787599252,0.1158695573437084,-0.09436910542009871,1.2738418591762704,-0.5116329967791152,0.03872335008780237,1.1613195323795096,0.056527087655361484,-0.04809814840453845,1.3118332612464414,-0.7425972551732728,0.1856280682906498,1.1193883058405052,0.3069777802388023,0.03779842060225126,1.385806971605223,-0.744992845908031,0.18723843053748648,1.1585313888413462,0.297498294929742,0.0443767946071946,1.4194411081731824,-0.7873397516090037,0.26790617662228655,1.1377735390678931,0.37354799430165325,0.11252135964389176,1.4140098472841642,-0.7941731025761054,0.28479925875446227,1.1680765464029852,0.36679643867571443,0.11842147478843834,1.447221956226275,-0.8054708213628324,0.29556355333783935,1.2114309502574918,0.3537787801055087,0.13259482454479976,1.5128037328452981,-0.2882325600520521,0.7396981620920526,1.1476975266519696,0.011903867266724473,0.6915755580642542,1.2889745988953067,-0.16454682923291597,0.7232145464551532,1.1762729773658562,-0.10844730057052235,0.7141153089991599,1.2453110576065691,-0.3165124906557215,1.1688249464984484,1.3125026068580374,-0.05438541563128772,1.1433728652532156,1.4611531128188369,-0.24406589521503502,1.164495957395134,1.2983600989536297,-0.11435488465280388,1.1525567436143296,1.4090776272683032,-0.31220137657344205,1.222504594358543,1.1726312140503299,0.022318390165378305,1.2091404390419918,1.3515493676011756,-0.2288188839658867,1.2223641246277852,1.110797707731602,-0.003955217340424196,1.2124429637190304,1.2185255220452427,-0.2896521652992181,1.1853825991857163,1.3895818871377208,-0.12447390853853194,1.1495394791170073,1.4826692993673483,-0.17507693015198425,-0.2507417761168337,0.7804832097797311,-0.215287205203902,-0.4646084741692126,0.876360213048818,-0.26949880481998695,-0.30873817621007377,0.8950315409397267,-0.1181214597887954,-0.3332072543467832,0.9053715168615573,-0.22038158545238373,-0.2972079858464174,0.7996196843838672,-0.15053103139602375,-0.307361515388275,0.8038304878117642
740,-0.24118682408210046,0.30421609723016474,1.0527869264282383,-0.010498242604992058,0.2854488676568748,1.1240976331193855,-0.24354221298032908,0.23639866587082475,1.2483197191245463,-0.12068446931080407,0.21626301056735164,1.2856286070854124,-0.20691775559443776,-0.25305248691574644,1.0384666579924382,-0.1983123420975394,-0.019477678322483594,1.1901200831785368,-0.21118087928036572,-0.1486180585723595,1.134408604938168,-0.3375727612090119,-0.18548957062053606,0.9628996768994891,-0.04077491198746052,-0.2523152738181522,1.0411826315937578,-0.5473103697887327,0.01442334631590875,1.0659239019722129,0.1162571511892933,-0.09284137341694776,1.2698094469198096,-0.5098263364192648,0.04137438797674586,1.1557130663091497,0.05666101003094644,-0.047372037126783895,1.3087241623562629,-0.7432483153766097,0.19157066964713262,1.121170519863766,0.3075941946283903,0.04021498578426501,1.3808808724002741,-0.7449572451440392,0.19261253989082075,1.1601169001757796,0.2984586913986268,0.04640663312662411,1.4145692617845127,-0.7902789062414628,0.27344213095916337,1.1429432243825182,0.3738691740588661,0.11571724425993135,1.4086564060197202,-0.7967724304902325,0.2898546351239527,1.1735074842423483,0.3661179107479524,0.12179125724659434,1.4416805979147571,-0.8084039044588727,0.30074610676798463,1.2191611782585325,0.3542065691664851,0.13527589551952304,1.5069041207399172,-0.28604802692088993,0.7386206388576333,1.145591174686028,0.013317498145443751,0.6912578524201021,1.287476691067698,-0.16267321759867276,0.721923980638755,1.174154833117015,-0.10688229767295149,0.7133569173044767,1.2439508281215812,-0.3140598397116312,1.1667055360212584,1.3121344749554456,-0.051584916743949175,1.1399029284001156,1.4620208590857573,-0.24118796101696827,1.1622104968391056,1.2976752814833368,-0.11236562324842289,1.1491783619616747,1.4104584229969466,-0.3096376274768083,1.2202285404903397,1.1726637701727243,0.024535673358978296,1.2064301697478967,1.3526466191491167,-0.2257029820710298,1.2200693715392388,1.1103649567368659,-0.0026998235566792423,1.2098996067156884,1.2207753991483292,-0.2866519455425341,1.183056878539361,1.3894053391156835,-0.1217456647597942,1.145756226847253,1.4837549302454374,-0.17346699343489863,-0.24849313529755546,0.7769847344000232,-0.21400569107937645,-0.46261503140150295,0.8724674835231313,-0.2683567293026374,-0.30707830706956923,0.8916164284592845,-0.11705235500986055,-0.3311420471632102,0.9019463679094328,-0.21879285643622629,-0.29506188045626336,0.7959424975676197,-0.1490691589878082,-0.30503971920070594,0.8002427222382456
741,-0.24230416953510642,0.30131217266760657,1.0636520261612532,-0.010724491459016586,0.2829357841006723,1.1329378114354207,-0.2429603845344714,0.2345920634167144,1.260554783964296,-0.1196276549954926,0.21573936352223036,1.2964811986090239,-0.20693156961596243,-0.2548840548015272,1.0486533582314799,-0.19792688677208842,-0.02114738879739156,1.2026045435658235,-0.21087570171120668,-0.15058847940109307,1.1461223163121692,-0.3385889946905014,-0.1882341781446603,0.9736543645319082,-0.04022834284546251,-0.25470562101568706,1.0502646424708109,-0.5506041518941338,0.01952425081487685,1.0705044873836909,0.1178417690916781,-0.09341135537598122,1.2787593818996528,-0.512359275566246,0.04617090732931724,1.158801405753401,0.05753606564679939,-0.04739388586288728,1.319629542305984,-0.746751497933712,0.20363749526015337,1.126804605429185,0.31084832721594113,0.04593195617267527,1.3792809410259321,-0.7483947482597197,0.2045913085115384,1.1654228654497443,0.3030043369700123,0.05217546767136934,1.4127720543614997,-0.7947301397790163,0.28488043457857304,1.1510405173118854,0.3780042222470517,0.12333529856651076,1.4027482864299672,-0.8026851284515014,0.3015225039866762,1.1835766607194924,0.36798741776149835,0.13124800524415997,1.435214272320077,-0.8155301862348914,0.3128658484798553,1.2316598584162155,0.35904298417354424,0.14404567309176974,1.498078628724854,-0.28157838319734774,0.7424201607522074,1.1618244627981889,0.01722953161791924,0.6975033880540766,1.288888901451646,-0.15923399820188328,0.7285009540812932,1.1913337494789702,-0.10288269893643913,0.7194246388397858,1.2485306783701,-0.3027200454162762,1.1742493268762617,1.325079561049788,-0.041740497279680266,1.1440428007963281,1.4666966374296655,-0.22889299157131635,1.1713675990680195,1.309352789382992,-0.10411367071763708,1.1540770420526179,1.418604593605655,-0.29662181495574913,1.2229628308304228,1.1800417109486983,0.03472544375189941,1.210433960533373,1.3564480983217104,-0.21192544195583138,1.2226401658294388,1.1174065745384423,0.005424930313145743,1.213297356667237,1.2298440198339575,-0.273584836346318,1.1918892056792414,1.4006149651054285,-0.11202427664777276,1.1517440269666719,1.4930982824366605,-0.17345551992798414,-0.2502971881981147,0.7870971974055339,-0.21184457027331713,-0.46236913191009354,0.8836672029274091,-0.2673596411234377,-0.3089736709336464,0.9021729319963812,-0.11731496904057034,-0.33100354986609093,0.9115756779838358,-0.21768879085103032,-0.29710167014836397,0.8063705849357191,-0.14914911373090572,-0.3058762067424517,0.8103096726093323
746,-0.24054398821978562,0.2991134979057105,1.0706140795135404,-0.009346438582138974,0.2811874195961067,1.1405534489788387,-0.24095459390161128,0.2323943042717703,1.268217582956873,-0.11798961232538892,0.21386766758087278,1.304050269470614,-0.20532671756161047,-0.25716419884111974,1.059873236395641,-0.1961154079021377,-0.022580865409974914,1.2123882231836016,-0.20895483190878195,-0.1521403660247719,1.1568541650442965,-0.3374575691795272,-0.19151628105650126,0.9843908434511573,-0.03884639808189755,-0.25678157223868736,1.0604683446715701,-0.5484221066832247,0.020189416143887022,1.0773240680226397,0.12089545818716418,-0.09175125972463893,1.285637457636775,-0.5102103602412277,0.04742156084980216,1.1653374374603747,0.06019792431202087,-0.04603660214017301,1.32626780180907,-0.7408415953149353,0.20735714865734123,1.1217706733801225,0.31475176751424905,0.0522118624330606,1.379896986727836,-0.7433095821702769,0.20909699264124953,1.1603519659515429,0.30743888654867674,0.05844914898648751,1.413327328306231,-0.7866579777876193,0.288866740177935,1.1401844368105132,0.38226327914201286,0.13099020047834115,1.4000818212434258,-0.7962626424421824,0.3072044927768218,1.172635829576016,0.3707100865518297,0.13967364761640394,1.4322416257049309,-0.8098763475434465,0.3190491385130374,1.2184012425488926,0.363449946532072,0.151965293483793,1.493740993205885,-0.28087890366727963,0.7416793984387579,1.171167207026532,0.017939693154841053,0.6982999618619898,1.2974167359883642,-0.15976214690486554,0.7290970732311652,1.201824944793234,-0.1015992448000716,0.7197442292829397,1.2574435921216207,-0.3025898527947326,1.1724986364166339,1.3328910729508698,-0.03866026226003638,1.1419133657420404,1.4757349772578978,-0.2291034535566352,1.1707357930818412,1.3180032222182962,-0.10136571158977953,1.1523032623792206,1.4283738582468148,-0.2961354585209498,1.2205027377620092,1.1866017305535475,0.0377645660551697,1.2083303750962622,1.3665938571940248,-0.212236863168211,1.2203125515300313,1.1258850067056287,0.007793395413778127,1.2111203066700875,1.242644393523113,-0.2730977302325889,1.1909663396655095,1.407699811277609,-0.10881044370013501,1.1508237223269548,1.5028328357954144,-0.17164468289714974,-0.25278937983945754,0.7988441361280341,-0.20981924614070596,-0.46398820334657265,0.8952492533890433,-0.26566184644259494,-0.3114825125101868,0.9138399644786657,-0.11638971554498395,-0.3335009136832102,0.9233145607253799,-0.21576081397634098,-0.2995873942782814,0.8183369115426601,-0.1476339930803735,-0.30815388408953115,0.8222752609487785
747,-0.23404416212258405,0.29943483564782797,1.073181448775058,-0.004557626486496628,0.2816471741760618,1.1497117881027328,-0.23812927464957817,0.23435072975860946,1.2722215396698329,-0.11643251534387952,0.21506485662920888,1.3107967169845682,-0.20274950983837486,-0.26245340062080336,1.0844301719732703,-0.19515696169721208,-0.02095941861125695,1.225996396688446,-0.20753227848076172,-0.15236121597004348,1.1766492896743603,-0.33412572216109365,-0.19819711512233407,1.0036103446145184,-0.03630386871998746,-0.26090347878156506,1.0857634683437045,-0.5411207579452924,0.012868577766941624,1.0949547560871309,0.1276478374763173,-0.088052968052334,1.3030463800422718,-0.5039938226485969,0.04218076219486028,1.1844090558309914,0.06695779299245161,-0.04267309214497317,1.339861234221969,-0.726206081099549,0.19718513369069768,1.1109152536768083,0.320944922237817,0.05881817140722435,1.3934531030816368,-0.7306549693358344,0.20070955905050336,1.1493234106676284,0.31358744864877,0.06549640021647232,1.4273677752717857,-0.7662579036282602,0.28180548886389456,1.1123422967433259,0.38673772097743975,0.139017898085841,1.4107504722506765,-0.7776557493224816,0.3036953368788132,1.1412423138245156,0.37584101622557353,0.14783071713473503,1.4431602811291986,-0.7909023757133742,0.3157280522966629,1.1767264544759413,0.3680301513801961,0.16072702615173107,1.5038229976315018,-0.282767162359169,0.7406633172092796,1.1740779227074238,0.014848452031224025,0.6954363477293375,1.3132602674052334,-0.16247095326225458,0.7275658409498418,1.2056202586916773,-0.1039326719055919,0.7176503549079292,1.269357968518322,-0.31169149420296294,1.1691085893273594,1.3302742415503803,-0.04355311158536691,1.1462374863153961,1.4767188082818654,-0.24075127739586177,1.1676383193607063,1.3172231944277628,-0.10388778686875699,1.1560339224699385,1.4263220297137678,-0.30645436444440965,1.2194805136904254,1.1868243441713993,0.033402409302935615,1.2083126921071035,1.365741166657075,-0.22490287577131063,1.2194355852151668,1.1304605864526533,0.005695688868463613,1.210888548640826,1.2398527974777918,-0.28458734667798796,1.188079524237771,1.4034434039035415,-0.11372650208411321,1.156999780601751,1.500964333953012,-0.16980574817664912,-0.2608646183182227,0.8251813106374555,-0.20819547164879537,-0.47257096496064277,0.9212680110947604,-0.262835197350453,-0.3194445366821784,0.9401585138594397,-0.11406271953689529,-0.3438545849789627,0.9493595655238634,-0.21416587981888,-0.30722272592041466,0.8454962192304176,-0.1458525299110714,-0.3169854280098721,0.8491424479081187
750,-0.22636878732287957,0.29718273925253125,1.0787825126931145,0.0008375854404229406,0.2821153827622843,1.1603315188496224,-0.23267418632263298,0.2370303907850144,1.278698996188354,-0.11259421446805065,0.21886162582179092,1.3191544126269044,-0.19552669886326307,-0.26404800241592,1.107930752328552,-0.18982933298097193,-0.01754505080656881,1.2405694984603484,-0.20140311511102132,-0.15029800636867802,1.1962072020868335,-0.3261670027858561,-0.20296913044296888,1.0237807527950697,-0.029580192016355086,-0.2621581938551144,1.1093122130482473,-0.5330275296675016,0.006666750746460141,1.1145582172649973,0.13764735912489778,-0.08160184349166841,1.3204575361381563,-0.49639558635024383,0.037762416352062955,1.2039045165012556,0.07724368791736358,-0.03623916931290587,1.3550747833572863,-0.7156431373150776,0.1887202814851318,1.1196297963580513,0.32852198383294806,0.07102345287447884,1.4036737581327716,-0.7214755465149845,0.1930867831484763,1.1577812474154237,0.3219652950760298,0.0781246745311737,1.437847808637068,-0.7551432878486527,0.27648299171217217,1.1126666580400058,0.39381563147719845,0.1532518479855795,1.4162503600552374,-0.7685157344293692,0.29955333902538916,1.1403568228424592,0.3839086665886834,0.1627746681492458,1.4498625312304092,-0.7818848625464807,0.3112753937640459,1.1699744614945398,0.3744209965293869,0.17558809561301458,1.5095454606989556,-0.27706366536977045,0.7430677843809714,1.173116378289272,0.014462676362623729,0.7012406208684887,1.3228376967830906,-0.15802873625592695,0.7327151869402151,1.2058773346789557,-0.10263879198270323,0.7234284834843797,1.276380923481455,-0.3062401201176109,1.1733316303379957,1.3197258835838972,-0.047005352285349425,1.154511341424854,1.477450719519166,-0.23602883385895712,1.1733486743996937,1.3061042462056764,-0.1054558885939914,1.164494746806814,1.4260507910669435,-0.29949690915972577,1.2225739456813516,1.1758535686626228,0.03215890369726925,1.2135874911917552,1.365234173796476,-0.2176594446698704,1.2223966506933626,1.12182683048417,0.005999737648144434,1.2155039194592905,1.242078294868611,-0.27965167657824797,1.193854219572036,1.389958127194293,-0.11703179018578713,1.1685369555178269,1.5015611422745168,-0.16395905765394098,-0.26869039820264917,0.8505222479702882,-0.20131235569430783,-0.47722838711688487,0.9515369741807069,-0.25535444458176715,-0.32433198931189955,0.966614921086571,-0.10736732816490407,-0.3498020588386823,0.9756048118189219,-0.2080472029852261,-0.3143304069647894,0.8725954307929573,-0.14016057006849858,-0.32454467169709467,0.87612675309875
751,-0.21646119921634427,0.2915133644322262,1.081461826449802,0.0066533577715957685,0.28352344141365926,1.1653874344548507,-0.2227013407773379,0.2403195553886232,1.2799387539795437,-0.10525976225325603,0.22558652551396213,1.3210638084406463,-0.17927212552516414,-0.25601484043391176,1.1143558109252738,-0.17585417840427983,-0.011218309789997348,1.2436933072815237,-0.18586938879141207,-0.1431939267224221,1.2004908387590167,-0.3088611944743451,-0.20039888951678753,1.0319355874944032,-0.015388822864180215,-0.2544626407426388,1.1144222321650754,-0.5205621147850019,0.003087601006663464,1.1268746016896047,0.1511687691519828,-0.06920867597869762,1.3236034924630817,-0.48355651861643556,0.034901817324203194,1.2133808827599346,0.09180028673512167,-0.024561971792560297,1.358886738896961,-0.7112706370805771,0.18208948157288385,1.159125062654404,0.33568104217589917,0.08999232464707507,1.4014502229804586,-0.7166861839320873,0.18507398555903548,1.1970040530188866,0.33072187122131935,0.09695010266047949,1.435555701231976,-0.7610225026662734,0.27238348411153257,1.1617527750718564,0.4020956393597631,0.17441325984966088,1.409261828556558,-0.7752057735947968,0.2915914002674963,1.1916546520635123,0.3941073266555293,0.1843671865083525,1.4459048227141849,-0.789159778444823,0.30198216023759417,1.2248136044322222,0.38016366117912825,0.19558421685654365,1.5059006585300385,-0.2598367229689369,0.7466889679856576,1.151744441610588,0.01751120299858241,0.7168892572227484,1.3178328186429291,-0.14243011293410301,0.7425835214059449,1.1855600267063335,-0.09629776304928225,0.7369956789708842,1.2697294289997214,-0.28166949402427116,1.181957730616744,1.2871855781227364,-0.052068280554037734,1.1605320607244214,1.4774394918794487,-0.20901348213747126,1.1842135744980067,1.2694670586850476,-0.10954393841568455,1.1716637836691508,1.4269379079759565,-0.26974443756516137,1.2273358820775742,1.1413555118727805,0.031120008585221768,1.2208918670502822,1.3668896971877378,-0.18304029019412946,1.2266964327889007,1.0855827548123207,0.005401569633509136,1.2221014370963927,1.2521976607742187,-0.25267102735761193,1.2046237049983677,1.3541200833600087,-0.12151755171745579,1.1781255329128792,1.5030615780012337,-0.14986042091789598,-0.2709118121759232,0.8586142294422163,-0.1861161329646091,-0.47155777816782857,0.9721937689973382,-0.2401333682856899,-0.3191743800370417,0.9773976599362417,-0.0925334590196645,-0.3442216261984206,0.9871873259872361,-0.1936775286839011,-0.3153473658353644,0.8834597764599307,-0.12653385178471924,-0.32525170568673,0.8876430633461527
755,-0.2095414726693387,0.29561912947287255,1.112000041654643,0.014708414705325204,0.2927371032858264,1.1970607480108506,-0.2147142044999729,0.2508614741715396,1.3119028078036372,-0.09612085912954144,0.23766978009043502,1.354308020992486,-0.16571291441289798,-0.25832047624498944,1.162439747238141,-0.16484346247075515,-0.006194029357827395,1.2828037712045792,-0.17333438150404212,-0.14145083565160113,1.245028605484828,-0.29725609340415826,-0.2062605901015665,1.07638076064966,0.00044650337971476614,-0.2537418193860448,1.158040701450719,-0.5101758478541284,-0.002289534750090636,1.1664576925350327,0.16765649742245636,-0.05527145725025845,1.3566995560227886,-0.47308237320518587,0.0317523986114833,1.2539196781128257,0.10811763319447532,-0.011465155461360706,1.3947463222615968,-0.7034004584726001,0.1726981101311744,1.196977625570712,0.3467435695662655,0.11027127015248567,1.4222910579900259,-0.7091910871910799,0.17607341810429344,1.234008836296205,0.3433459772034898,0.11743722794639916,1.4559332859200453,-0.7541776682689582,0.265875387243923,1.1962772737221292,0.41260660923173403,0.19934246234810726,1.4254569087826963,-0.7690281362441846,0.2883765071159704,1.2226085135960711,0.4079202291712077,0.21088885305495386,1.464033757375513,-0.7824061774636938,0.29469642229168225,1.2536559218073613,0.3887630761664579,0.22045375231813125,1.5205900373534345,-0.25234765065313947,0.7415451379285013,1.1569036096458847,0.026138864192867095,0.7241990499858333,1.338189416108662,-0.13140297959595124,0.7369024273022204,1.1843087618989678,-0.08975069490197546,0.7379913172953112,1.286940424039361,-0.27398394255671055,1.1905161271251612,1.2770290991363082,-0.05549435362457804,1.1707694812742913,1.487017240748083,-0.1986502724297156,1.1856076373917366,1.2435857579667657,-0.11204634271822658,1.1757770846055844,1.4319559263948063,-0.2644603961859606,1.2320644887565322,1.1299254421109153,0.0307635834755476,1.2250602047877153,1.3690379069812377,-0.17317465814878186,1.229497067103097,1.0628221919273342,0.0059169953451015615,1.2250284518343344,1.248564210430037,-0.24373088052420488,1.2084794427583838,1.3379549664601478,-0.1246354171766168,1.1789136514135596,1.5102665512442686,-0.1385946971025282,-0.2807804427428935,0.9070591141857589,-0.17485612022978853,-0.4781351716404295,1.0252592590847658,-0.22991328430756355,-0.3248737356424741,1.026537510910797,-0.0787246194227291,-0.35140309849804596,1.0363636848255953,-0.18399132187590728,-0.3251220463991353,0.9336156855475005,-0.11461937903275324,-0.3358089142045451,0.9377813288096629
756,-0.21173775731871497,0.31490880672514854,1.1949072902017912,0.02396038955526196,0.3131077555543984,1.2750720636255108,-0.21162497909079642,0.27027694700262717,1.4011897333981824,-0.08452899362594936,0.2558116645501874,1.4439904025356132,-0.1595602852765729,-0.278347697630965,1.2765113601771076,-0.160140032692634,-0.006468528387186557,1.3841732409263239,-0.16764259840041762,-0.15112837855327838,1.3560368345129166,-0.2992266521374717,-0.22591709829003995,1.180205401085776,0.016475130991114816,-0.2657393259353917,1.2611850337982944,-0.508406846123242,-0.005134846275798295,1.24689444195973,0.18582972687361082,-0.041724863503263335,1.437150027542665,-0.47109048437399526,0.0328600775392931,1.3410461065297108,0.12356255445179665,0.001300955253054157,1.4836317273626347,-0.6946601736072218,0.1692325545279817,1.2295222060178814,0.3632076576999296,0.13145443417904293,1.4756055202312086,-0.7018033177534717,0.17583477487637714,1.264820227015289,0.3616522586734584,0.1392490761896642,1.5077713542628763,-0.7308448704532164,0.26389764693852613,1.2074839823118337,0.42697633545849706,0.22941970147846957,1.4735684397091982,-0.7464933927426036,0.3017015060829561,1.2223635825543693,0.4259242845183673,0.24524128625592598,1.5113764018758784,-0.7582040245138186,0.2998220719097171,1.2454389366342096,0.40278844279981696,0.2525492041484019,1.5572540757659366,-0.2618216458530951,0.7217954159810496,1.218191689670421,0.046531876849668724,0.7184145006714271,1.399963525662145,-0.12892127815200644,0.7059815976212331,1.2268798241125571,-0.08102241362223772,0.7182327879691507,1.3462754667106278,-0.2916990731819968,1.1998769133709013,1.3187572780189052,-0.049212999200300686,1.1843121783041064,1.5197002975254779,-0.21237500580603302,1.1724880372580653,1.2498948149107434,-0.1068291803101889,1.171404680849138,1.453462595071932,-0.296927558375665,1.235547331792897,1.1683166384744004,0.03772760716315457,1.2222807952763333,1.3804287306454424,-0.20145320879146278,1.22862747278225,1.0728419461532417,0.01243650188469858,1.2201568142926704,1.2325678586606137,-0.26068456961608066,1.2017776132708609,1.3696425476937197,-0.1185075004139324,1.160561389223136,1.536604609417374,-0.13412162941250133,-0.3010854692608046,1.0183974656472636,-0.1717514742367789,-0.5027478625121405,1.1262634735994235,-0.23075535021931254,-0.3474534848048875,1.1348177960607637,-0.06966261135799137,-0.3771247646696854,1.1433337751994508,-0.1838724415534618,-0.34764806487898126,1.044244886464567,-0.10771861977170093,-0.3600162767295759,1.0472625308148253
760,-0.21039911311165566,0.32402399905539137,1.261306324424674,0.03361076715835813,0.3256745667939782,1.334448411449678,-0.20332517430181019,0.28288280626087814,1.4718722922458989,-0.07051529527513883,0.2694759895198907,1.5125678340722124,-0.14364094803435595,-0.2866764756789103,1.3649081644373675,-0.14761175927926073,-0.003164659295696543,1.463584658364971,-0.15257306638563123,-0.1531981146781722,1.441879043816229,-0.28992704967041505,-0.2369870147013018,1.2640954560937592,0.03774098324874009,-0.2674476220556852,1.3405010446009196,-0.5000981088199211,-0.0067036283875120655,1.3181573767689008,0.20262441520146024,-0.02315737280843478,1.5027266291248662,-0.4619112267328108,0.03506474418980153,1.4145456246709114,0.13823209120198046,0.019539937275317762,1.5537343480066792,-0.6849087390132764,0.1617468679500193,1.2717618065212584,0.3775926711700304,0.15580132674865718,1.5187448065443432,-0.6923977223661653,0.17061218778576842,1.305912588168518,0.3768921585225552,0.164830219189889,1.5496460264245515,-0.7176622959052738,0.25473668812842487,1.2367057732530269,0.44270818651734933,0.25705873256817946,1.5090229898930305,-0.7364547071388252,0.3006246021786063,1.245150847395117,0.44371595827196286,0.27710296585240074,1.5454587222292924,-0.7471664017506752,0.2964129284575425,1.2641826211900962,0.4180485801890089,0.2838977752474869,1.582975516839104,-0.2621997584632273,0.714477964082191,1.2646710408944275,0.0614075047368037,0.7219093128160952,1.4456422588888826,-0.12303415304183792,0.694866340896997,1.2627105229403723,-0.07278035340275872,0.7136516019629275,1.3932805274119608,-0.2925194852529972,1.2107069950136478,1.3543219966112188,-0.03818755460126022,1.1981979689144264,1.5494127092663508,-0.209330974037715,1.1706867589714303,1.2622321301981616,-0.09770928915486479,1.17522619618321,1.4797713969762551,-0.306418753713695,1.2420317881386527,1.1994432631984444,0.050350749318554135,1.2273488154198002,1.3963078847529666,-0.20802757247198467,1.2314192268979327,1.0827271154216902,0.021839532193749588,1.2228327127051162,1.239460124342747,-0.25803884887283557,1.2045835207848614,1.3987438491483528,-0.10641008502735869,1.1585268713087253,1.5659572143578329,-0.11931043499800163,-0.3126130435804151,1.105159896066611,-0.1559141815435865,-0.5147662239264814,1.209128721782026,-0.2188043803461044,-0.35920270195536563,1.2198502892389742,-0.05176421826575675,-0.3889274721929213,1.228214992218289,-0.17068812698410324,-0.3603571151445028,1.1305855181896858,-0.09124292127657974,-0.3729357044062357,1.133714249140532
761,-0.20196236357562308,0.31518535253727076,1.2901022645478637,0.043881125253619056,0.3220687514627647,1.3566486255367853,-0.18815449221351382,0.28200093747999966,1.502096390152362,-0.05538123683435532,0.2724702428489322,1.5378755426925341,-0.11585964661509404,-0.2787185342477635,1.409984558347101,-0.12668807169561783,0.005646853227421049,1.5013853773827868,-0.12686585705388742,-0.1433604282427646,1.4832645286647683,-0.264934094513741,-0.23639474902711166,1.3115454347398838,0.062649758948008,-0.25580176329089543,1.3822374606121661,-0.4812673041706225,-0.009705158479145218,1.372104624606771,0.21484143976237172,1.0776188470041324e-05,1.5448481419037954,-0.44191223375354,0.03616446056572643,1.4641206729278466,0.14942070599610346,0.04366997296198588,1.589936385078886,-0.6677682749916258,0.14295632797047464,1.3085636938521863,0.3880654204054883,0.18077437642149996,1.5483139326729338,-0.6752046682235328,0.15361546415068866,1.3427595221870645,0.38586225753183545,0.19245812794839284,1.5788327143977718,-0.7110410035201632,0.2300703628734803,1.2638007867070515,0.4593253069209401,0.27482255096144925,1.5267083448712406,-0.7378980240633046,0.2731049943395838,1.273172900473546,0.45923135935178244,0.2985717187464428,1.5601088366895641,-0.7485444810673723,0.27813138718372526,1.2881228919338499,0.43495274159170216,0.30917503353029696,1.5938752890784174,-0.25199699777598866,0.7306566542702255,1.2881106597047651,0.06136545844377432,0.7366819815406109,1.4667603971934993,-0.11782334077559417,0.7194846785414776,1.292070851630907,-0.06990060364661574,0.7336780109652833,1.4207804881285004,-0.27391870266617846,1.2206361976228264,1.3828086482030315,-0.021074521571553685,1.2145382943244707,1.5689125544825533,-0.18996125011992543,1.1875290090446373,1.2952371312581084,-0.08246807569725267,1.1966434979390919,1.5087083217002402,-0.28622588230265744,1.2529324634709846,1.2235595016394143,0.06996517632747916,1.2461955315087248,1.4152881634243224,-0.19052266208420332,1.2405290909081796,1.1048439351412673,0.03500195198202189,1.2389643293362531,1.2808782181131368,-0.2337257998860044,1.2222452011133842,1.4277945306883582,-0.08636916297757494,1.190982089568359,1.594559501483452,-0.09136848864191431,-0.31198529712429035,1.1514696314844932,-0.12262929881968096,-0.509934253078056,1.2603391147191627,-0.18806899739247135,-0.35699809194113624,1.2663965761063727,-0.02349019056101071,-0.3825507196216601,1.2761007369941506,-0.13916158109641072,-0.3589200902215054,1.1768821072531748,-0.06307621996075416,-0.36973098718934183,1.181911982258251
764,-0.20015245716479144,0.31159329947076575,1.3385701121312659,0.050596111069894714,0.32190557258625974,1.398386948798434,-0.18005414965034022,0.2805991715027957,1.5525188745867946,-0.04466303915062379,0.2736267098475858,1.584282193815643,-0.09728127886073706,-0.2816900051599366,1.4735399138346534,-0.11397857832286219,0.007153839677086327,1.559050605777656,-0.11036387597428826,-0.14292430146076768,1.5443570433109257,-0.25068689890380635,-0.24423771424636673,1.3750038275975474,0.08099758220903658,-0.25414424202912456,1.4432410686494275,-0.47085657925071167,-0.017880901285288082,1.4392120291442565,0.22381577300333075,0.009434332362656839,1.6060758927195748,-0.4305842196831723,0.032002800357548954,1.52824835411687,0.15662987801815464,0.055420642400015284,1.6489263585855685,-0.6614542199466472,0.1133471719567321,1.3479092261687433,0.40519490841601563,0.18255836979239232,1.5945783987022581,-0.6675714631690253,0.1281590079246318,1.3804008685370794,0.40197536922420507,0.19682610960767766,1.6234621954362138,-0.7141547075999671,0.1866381059930636,1.2879347826418237,0.48405244038119466,0.2638110841020338,1.5652599385239008,-0.7425033820918217,0.22903434161083502,1.297684531156774,0.4839851008318227,0.29061700522958245,1.597075658993358,-0.7516969990287323,0.24278834354791787,1.306653556022348,0.46149166748429654,0.3051871975935817,1.6262227911477691,-0.25154907072301136,0.7378888940842963,1.3335709274553447,0.05935846217591723,0.7446984721036236,1.5083875584002797,-0.11801474800853423,0.7279030942060746,1.339447008850017,-0.07226249893577535,0.7419216428133792,1.4663572114596424,-0.2730117393469376,1.227607259953679,1.4327927871755124,-0.015235132865146842,1.2275977675872616,1.6049296008634555,-0.18845696605306017,1.1930016222527997,1.3454349713589715,-0.07826831194443692,1.2081899756451606,1.5494989882835406,-0.2865301896297542,1.260111451009648,1.2638630349144246,0.07621669632301989,1.2582020787987254,1.4464653755230317,-0.1917929433383042,1.2454851120186357,1.1406258312626143,0.03634526769924008,1.2479738226601755,1.3194937189424998,-0.2306742741155598,1.2298389067006519,1.4806033349943692,-0.07763035696228332,1.205513950795252,1.6345467268676699,-0.07375245565921168,-0.3166465542683363,1.2145979678356906,-0.10073887536022166,-0.5141290120451723,1.32094190547677,-0.16797576820932364,-0.36339638906027216,1.3295696323710944,-0.004524796311267277,-0.3867692074037532,1.3381600919242358,-0.1196222482605819,-0.3639109334911807,1.2394700539811678,-0.04475385359841033,-0.37370579386242136,1.2447301325581588
765,-0.20398572377291385,0.30964531900721054,1.3908867099077598,0.050607663936386896,0.3234921935977576,1.4479094595436308,-0.1811827518949476,0.27538491746883,1.6044992614501838,-0.04284795730046009,0.2704503829983666,1.6350097968466466,-0.09016025797773532,-0.29291156402582147,1.5295828280079937,-0.11124638383500314,-0.0004846263120465515,1.61404319839773,-0.10549532906651872,-0.1520558379820683,1.599923257198404,-0.24684462945473218,-0.25829461659627373,1.4303933304229672,0.0885588760471582,-0.2621254578382316,1.5012949622363179,-0.46995705056840165,-0.03643611403559019,1.5031966579430633,0.22799489611183454,-0.00410644620549948,1.6699448650428261,-0.4292797813840425,0.015954908070413498,1.5886727816581265,0.1595152123950241,0.04611231498301573,1.7153016991538423,-0.6761873008011428,0.06311867889308728,1.401227018001137,0.43078436138178755,0.1454964835381246,1.6480298756951077,-0.6780434684574286,0.08388652856320929,1.4294043010197677,0.4278083055439589,0.16156605921805603,1.6736627452640929,-0.7459381633871043,0.11116975379532687,1.3308920611492336,0.5198744326448074,0.2038652807465814,1.6193217982143886,-0.7633244332200371,0.14989338705668803,1.3444131756860183,0.5224970500403253,0.23078289338301752,1.654632801033891,-0.7692959642141948,0.17169134887082604,1.3493111471549324,0.5001311453135016,0.24889318557969745,1.6820197345217487,-0.2561521586391711,0.7354619430309829,1.3781453361328357,0.04930125929048621,0.7496022262727495,1.55894066172843,-0.11942166355796757,0.7197444662685591,1.3842153829797352,-0.08324821092135812,0.7407976591190131,1.5150188457407516,-0.2856296934489864,1.230059770250521,1.4797934013968317,-0.03743175687493196,1.2325214340110233,1.6541076092376987,-0.2006445226063599,1.1863821046792649,1.39269291395319,-0.1002670430518662,1.2055778265054256,1.5975151240456356,-0.2980675611467628,1.2614166509761309,1.2935422977932456,0.05276015211697222,1.261182208304422,1.490629370706316,-0.1992125379698012,1.2450838539809224,1.1688924102656173,0.012265580062050068,1.2481202617817473,1.3547882370426279,-0.2470349610420658,1.2255722958229174,1.5353917183202228,-0.09700348311279333,1.1961305765766341,1.679850693418882,-0.07041028556916934,-0.3251599302006323,1.2690314910411602,-0.09487998101606543,-0.5234105825519388,1.3702431821966958,-0.16087283016409973,-0.3743256213640093,1.3862293395529786,0.0011374259894460633,-0.39854601536252043,1.3902967160683417,-0.11635271829102951,-0.3733694270991975,1.2943263059885517,-0.040868512043403055,-0.38317425932451765,1.297485736026725
769,-0.20534203223005237,0.3023887386059887,1.420811644023901,0.05041769795542181,0.31808620066524884,1.4733582943461747,-0.17967205987225915,0.26598196671662866,1.632348383649159,-0.040761798846108865,0.26321341751349736,1.6605103889952382,-0.07944923506864326,-0.2967088897688481,1.5528292067363572,-0.1049337686543172,-0.006572402237900829,1.6397856643533475,-0.09652762516378202,-0.1567762871338309,1.623720583303779,-0.23848608824281148,-0.2647016548848933,1.456564935794006,0.09760254891957958,-0.2638243304461446,1.5268113254511388,-0.4607546133640265,-0.050489335857822046,1.5428686169104862,0.232558294338408,-0.01506873861549998,1.7027830458333328,-0.42058036037643043,0.002845926418543655,1.6261085337628063,0.1632409065501188,0.035572574034822266,1.751234319861236,-0.6610295989379338,0.025953406406061072,1.4286002788691325,0.43541037470250726,0.12380699518680807,1.674015567881571,-0.6615968530550633,0.05006079798411151,1.4530464509983823,0.4325578100288824,0.14126540244484542,1.6994013050718206,-0.7352392390088125,0.053799367028239724,1.3482518834326669,0.5214695115064211,0.17478080971960624,1.6384106607037343,-0.7493525656054956,0.08794054725588217,1.3689508060701105,0.5250492691902924,0.20307488874033994,1.6741155374337837,-0.7534694480078259,0.11773648531544154,1.3708384000520337,0.5056193308192053,0.224437190733974,1.699018056763494,-0.25588117105373753,0.7372933428123261,1.410621387297668,0.03899484199021187,0.7528607358444741,1.5883336200757523,-0.11988073320149543,0.7216281814566958,1.4197896471898295,-0.09138113603988021,0.7436953511748684,1.5479548831660916,-0.2816524923069336,1.2222331675102927,1.522713802042189,-0.048965038898118,1.2277715946306955,1.6901628799412054,-0.19528077371364527,1.1731363394932408,1.4449939850687712,-0.11187713380282055,1.1990324881493835,1.6346190176522313,-0.29168911143263077,1.2567609222444656,1.3318484639485915,0.03839230277777929,1.259084480623101,1.5277087805290965,-0.18958204197897177,1.239319213541005,1.2137471995789977,-0.003775701751364366,1.2439015693204754,1.3926490579905804,-0.24243699362011117,1.2112636773845544,1.582647125132155,-0.10545254013524352,1.1851692019543667,1.7150860632860816,-0.060647620448133446,-0.3281348446512132,1.293519557282635,-0.08223010002814238,-0.5269104790198591,1.3932419317126623,-0.1487859382495415,-0.3784482905973139,1.4114493224760662,0.011480606411270128,-0.40172283962802613,1.4144757848737868,-0.10579860653971843,-0.37677822886102014,1.319109573174428,-0.03082657898019208,-0.38593194180648116,1.3218772057037913
770,-0.20751661586712378,0.3008676405684242,1.4469127338612835,0.051241924825321375,0.31392143366346625,1.4899223684279863,-0.1769880629167927,0.26155081222212684,1.6566263447409062,-0.036385932155135046,0.2589545389034143,1.681809583568734,-0.06908671428670311,-0.29994564054615225,1.5628363634043363,-0.09674196246833057,-0.012488466002023501,1.655573928053979,-0.0860539611537692,-0.16183078854552746,1.6364930654686305,-0.23282085610636616,-0.266855003472075,1.4699532406233806,0.10956605365091288,-0.2637051063413983,1.5333146922026373,-0.44383391776153397,-0.053168859636021054,1.560724875335736,0.24271230541480943,-0.01940190657858471,1.7060693717295239,-0.4057378043295529,-0.0011990432384880569,1.649585830545639,0.1720921939788984,0.023821527854830816,1.766044112995421,-0.5959507879320725,0.02432955168951484,1.4140503654564993,0.4063196719969782,0.13699961933015478,1.666229027368892,-0.6012529929406543,0.0475951685662845,1.4353374150097906,0.4048749256688965,0.1543458711526394,1.6960111806399585,-0.63982491176354,0.04583803947924543,1.318982274115209,0.46269070988268707,0.21724648982687936,1.612084822745365,-0.6628884797092345,0.08395256305384353,1.3455057521931102,0.46613301211678876,0.25048066393542057,1.642690598807111,-0.667019705727258,0.11281541522158034,1.3453351539345269,0.4519077358721537,0.27144000063956863,1.6588931773395705,-0.2557537132074841,0.7294468123408557,1.4466550861313539,0.042767030617788346,0.744477171471847,1.603210334033899,-0.11860500663894036,0.7149212242061354,1.4503863988052808,-0.08830557977245176,0.7350779757701928,1.5733498462637332,-0.2633600317543061,1.1990584213463458,1.5709731918761802,-0.039264556368223444,1.2072354897593138,1.7117958600402159,-0.17134407649757838,1.1360237069945323,1.4948545917412526,-0.10347539111380827,1.1751006723902866,1.652180951293576,-0.2783691622868011,1.2401310150017026,1.3983332659583123,0.042076905895999994,1.2396488163595096,1.5490175503557497,-0.17137766556521095,1.2207029804082565,1.2828324652366416,-0.002416657908474657,1.2236019550260449,1.4090993856081844,-0.21635613714188695,1.1705976891879892,1.6225776274199828,-0.09358023661228311,1.149197527877855,1.7354599423921244,-0.04669501785633805,-0.3309446992439103,1.3073286220837566,-0.067679319230935,-0.5338375336362924,1.4041595246698897,-0.13996512404546568,-0.38211496605386963,1.4210771105395503,0.02517598529419432,-0.4039635379322353,1.4285044817824895,-0.09332259700204108,-0.3807692018844011,1.3321845385200932,-0.015705633334002947,-0.3894591744862954,1.3365636724194587
773,-0.21169186895801684,0.2952701619362152,1.4619534179504574,0.04968590119554496,0.30741704463707975,1.499298903095596,-0.17757439523675878,0.2542705594598693,1.6713354800759648,-0.03687598693609055,0.25240285904258103,1.6938895669410132,-0.0678523353673032,-0.30459529497440363,1.574962153083336,-0.09524072284600292,-0.019412109762470493,1.6659873964310377,-0.08417148606645251,-0.16753526458022566,1.6468955548155368,-0.23311331936444996,-0.2697720184895779,1.4805294302285978,0.11267505052719093,-0.2653424423083883,1.539858148112218,-0.42502177916688644,-0.04548340167057717,1.5587922453565735,0.2416256413802958,-0.017159752211695405,1.6916370030543562,-0.393110071908936,0.0035827186794784973,1.6512505322611177,0.17545504444628585,0.02183019790953284,1.7619884824786491,-0.48809843682680815,0.029619108111781922,1.401321529791086,0.33405754528040926,0.13206181632815928,1.6146941708095528,-0.4973338245688054,0.05518446759318971,1.4144226214779883,0.33696387668231353,0.1528048918353589,1.6378969277154791,-0.48055392983853507,0.04576605203196281,1.305134556665581,0.34854136534167524,0.2140065428582862,1.5455910444033345,-0.5005713541445895,0.08847526743001602,1.3307174312424186,0.3538875145036153,0.2523656971531048,1.5684230861814226,-0.5044090256624658,0.1147728499935212,1.325873415267124,0.343064336248563,0.2729597583381745,1.571360327921187,-0.2574428395894169,0.7155649537826139,1.4746582666040027,0.04289496886754288,0.729134622528804,1.6080117252104356,-0.1199649656170371,0.7005398295968961,1.473618830627271,-0.08773925836402757,0.7176763527283013,1.5849914101121918,-0.2560173208097241,1.1776181583805911,1.5986807452150398,-0.038531454088148905,1.1838946818548672,1.7150424796880763,-0.16393940179034944,1.105103460453967,1.523252224694388,-0.10227086810695733,1.1463641867934484,1.653622936653292,-0.27525222146255235,1.2175372069912171,1.4327876764497542,0.037836849089955146,1.2142321071969588,1.5513269223018686,-0.16778731468502403,1.1968628884600452,1.3158759946294052,-0.00702697769635005,1.1959229895567496,1.4045313505366281,-0.20616444624603303,1.1393483654421739,1.647022808385235,-0.08921989097189115,1.1131892308090645,1.7405531522232847,-0.0441646197190745,-0.33551784909766635,1.3233778301892514,-0.06491324441412873,-0.5420614877059495,1.4197331787128962,-0.14013235926808604,-0.3879571031601858,1.4359774450340992,0.028057632058260895,-0.4082151128028555,1.4437705206581581,-0.09209749585523636,-0.3865740228893514,1.3490156988319133,-0.012165156986239595,-0.3946576996096016,1.3529751380846877
774,-0.2145369150183272,0.27842025227196676,1.453981071050626,0.048825673679153886,0.29362025578016576,1.4900864778701062,-0.1765302650629228,0.2422188634981028,1.6669717142485725,-0.039338257125842414,0.2431438123076901,1.6850975690759729,-0.07224945419635066,-0.3042802558788854,1.5962206204120584,-0.09727806990334256,-0.02100078650632287,1.6688517325159415,-0.08744167648028592,-0.1662298431570104,1.6568348019421029,-0.23371813835042227,-0.2694103628531501,1.492963457889831,0.10858747132229135,-0.26201857787665983,1.5504763238723291,-0.39679342815261354,-0.015324138130005622,1.530321576777364,0.22309634770270553,0.011949969509278638,1.6511098173034915,-0.37721967838379056,0.029966737514033785,1.6208821545464773,0.17089142597573964,0.05268581123354671,1.723428758058664,-0.30288344292098124,0.05209921701430798,1.390500021909956,0.18990333153255617,0.11662929985039103,1.4912714684924802,-0.3154031702396485,0.08500309570389708,1.3887664270884676,0.20061529001141715,0.14784850391368246,1.4894842913479058,-0.21195067891397104,0.06876865771151053,1.3135261747655824,0.14662569927775826,0.15118540223022503,1.4092261428688526,-0.21553422737120254,0.11634666782406966,1.3253102363330047,0.1551978803134611,0.19639020800111603,1.4169298314202396,-0.21948810173221486,0.14135481406169287,1.3096189819687623,0.1460756471868716,0.21842152824521427,1.3984750059076667,-0.25782481371036076,0.7032854383432162,1.4887610656903467,0.03797163492093569,0.7079249672300609,1.591250919447511,-0.12578493340567237,0.6909690101970349,1.4890056015553288,-0.08836233748472233,0.6973068994813125,1.572361376726148,-0.25900442889797104,1.1657578903688401,1.594675630893628,-0.03604024619835512,1.165661490386705,1.6810074102344594,-0.17747516940979702,1.100694936145639,1.5230973347367032,-0.09752210411856331,1.1256303202421982,1.6286600708538597,-0.28033246778166604,1.192348959219687,1.4162608689961194,0.03902899835713079,1.1907436917690122,1.5169798339793572,-0.18468308171581618,1.1716354381806182,1.2915930341511146,-0.006464297937785272,1.1672953505026071,1.376453604436842,-0.21166279255364778,1.1401275825252766,1.6484761306721314,-0.08010121097960074,1.1038602827837152,1.7206113681198798,-0.0499155901742789,-0.33897431910352505,1.3492659902248416,-0.06867816757332738,-0.5463825109464093,1.4519143732784812,-0.14312218246224168,-0.3930445724616859,1.4654734271597094,0.02287293884293208,-0.408771668252712,1.4681851538393969,-0.09628895604900095,-0.3905785858625941,1.3777030838098483,-0.017369272448115224,-0.39676223428440927,1.3792461172761725
776,-0.2168845401460865,0.274349047172858,1.4578120679174529,0.04903363579734332,0.28950629699116326,1.490710082384619,-0.17427882070443496,0.24087488405087493,1.6724963350020916,-0.0385936812466866,0.242124973437234,1.6873980128021224,-0.07398368536381826,-0.30488570968355894,1.614135954529473,-0.09633034571965973,-0.019874053442296737,1.6758084251807324,-0.08716008290018334,-0.16526036963465257,1.6681981589660213,-0.23528055254333372,-0.26958239901578,1.5068336120476298,0.10841587891489024,-0.2605780279301787,1.5586108720175509,-0.37604737552364786,0.006986419549961713,1.5143772473680526,0.21364557626177336,0.032773292360261455,1.624364808359989,-0.36294382415088844,0.050397413939483354,1.6037450690043153,0.1696490675534843,0.07334649010344599,1.6996865661599068,-0.1767576176498507,0.06815925238010134,1.38353927401086,0.08957342168767231,0.10434378896245422,1.4175342603366854,-0.19125020664504172,0.10410942885080371,1.3724043040860447,0.1031750646988612,0.141313530537104,1.4014450466897383,-0.030645132128731573,0.08380232251253719,1.3164870827691146,0.004822236103858367,0.11306266600156317,1.3255763568911365,-0.027070148342609665,0.13619146137603622,1.3187563955391606,0.01145747387411309,0.1627669044290348,1.3207766714709432,-0.029513673273974986,0.16061778844890057,1.2977718631205293,0.0005063010606312611,0.1861576983800591,1.2893726864746853,-0.2592528942974949,0.7013554270527969,1.5083551287691617,0.04080199097506075,0.6994232866535897,1.5894300865672744,-0.12934463687682213,0.6893195862621747,1.5063072096452685,-0.08426461671782656,0.6885091099665626,1.574220308304521,-0.25756487477454293,1.1614993998570604,1.6052490186841564,-0.026647301898119,1.1566119446133123,1.6701468085277398,-0.18092307921431294,1.0977008157534,1.5316986171240963,-0.08678305672396994,1.1138730817087907,1.6212127891411514,-0.28351641279202866,1.1806612787920008,1.4244516819087853,0.04735355030217186,1.1782542505554527,1.507424185690419,-0.19508203819956715,1.1598382923981396,1.2943847035454812,0.0008409285285079347,1.1514719629983832,1.3677739783192633,-0.2092387008793506,1.139033450142457,1.6587049651666854,-0.06640324879120521,1.0953160941373628,1.716715804212857,-0.05366576950984708,-0.34184066390498025,1.3700808478010436,-0.07044010905869419,-0.5504934033376487,1.4750642100277038,-0.14574456417078618,-0.3973438481471928,1.4875942376381746,0.020296440540398468,-0.4105677154207025,1.4876834113723798,-0.09927469300860689,-0.3939858985912019,1.3999452163728168,-0.020256161782863186,-0.39918852798529963,1.4000873492460597
781,-0.2182199018461088,0.29178462077408396,1.489665997901731,0.04947448838634211,0.3046500429601857,1.5219143718465982,-0.17272211232931775,0.25513474331142316,1.7010743965256876,-0.035392119280273124,0.2536935867722081,1.717251510769015,-0.07143625840857659,-0.30890495693093334,1.6317066321781966,-0.09175933253146693,-0.01564553940416089,1.6973311552180672,-0.08221007697669591,-0.16663488571977075,1.6880963971796523,-0.23823227073899736,-0.2740244502859721,1.5302631755221923,0.11305364297118617,-0.26583249539948517,1.5748302158349574,-0.37857486438316373,0.0020100141633078335,1.539169079289678,0.2214699014721121,0.023678354100512305,1.6496383461606563,-0.3593867383368057,0.04918160540370329,1.6226684014066133,0.17453679643859682,0.06620708119906155,1.7256739113493775,-0.20783976877281274,0.035477449143747786,1.4129604658357637,0.1081432032445195,0.06525891581815041,1.4707178374268997,-0.21694052106408235,0.06910922210732301,1.4014594773197941,0.11479807048943441,0.09939790697748496,1.4590792626746103,-0.08747586041508348,0.031076837731972465,1.3391775949365314,0.03355790445396244,0.06427907403687383,1.3819663205749415,-0.0848634683647218,0.0800724347291914,1.343905652874768,0.029824309180738466,0.11045608349039415,1.3752201334027552,-0.08133335863543134,0.11228575678780241,1.3288541623065873,0.009326481231840248,0.1378406885557441,1.3525664518180012,-0.26276977988040684,0.7250633080613138,1.5443138436218296,0.04680380951574274,0.7240118715631635,1.634997700521356,-0.12975380575061157,0.7077141015994336,1.5408059795151061,-0.08084315059950051,0.7099748939675314,1.6153810701049234,-0.25680143021035995,1.1809530085861408,1.652740017263804,-0.02454304222291245,1.1738663288759414,1.7245434183325556,-0.17678975202084968,1.1102923623740775,1.5755415461984823,-0.08435746458239879,1.1284601813307615,1.6692810993907656,-0.28453960978525455,1.2039313839528178,1.473486148377848,0.0514945846562287,1.1978540961249922,1.5682294882283088,-0.1930585496335891,1.184089192175325,1.348798612570826,0.0045732638417364975,1.1709214224163356,1.4181089645294578,-0.20729708424179866,1.1472328228519637,1.7042456018341559,-0.06503395789393279,1.0975902450293593,1.761537704173516,-0.057532765920391464,-0.3438040318278285,1.3854163470095884,-0.07179202410310388,-0.5522175136705529,1.485058459577302,-0.14686584734450664,-0.40032666021242447,1.5032553057732576,0.01908563430764348,-0.4160698235292922,1.5018317383218616,-0.10295055631348668,-0.39593067796289716,1.4146935169114663,-0.023456586390445577,-0.4021151254326484,1.4138134574378758
782,-0.21739680860452493,0.30307437484761285,1.5043537609120743,0.05069989218518947,0.31722119339249993,1.5433562940021834,-0.1722817168480123,0.2646904545855018,1.7145200995926146,-0.03500025645197838,0.26269318387946883,1.7339706729799433,-0.0722771985852647,-0.3093667493513714,1.6461960422437008,-0.08937116152250824,-0.009693906092589858,1.7100878984794785,-0.08084791933160695,-0.16447414928104023,1.7014844679201706,-0.24146646842013325,-0.2739158229301979,1.546746207153265,0.11436522224644002,-0.2679050256899359,1.5891502979939403,-0.38248400776631397,0.005885174888495057,1.5455873035167071,0.22825849076982188,0.02134295630604425,1.663437366428035,-0.36089455986013963,0.05672220425653379,1.6220255226857123,0.18254071917022563,0.06816306542061423,1.7373221742773577,-0.2129983313593094,0.01032150367924352,1.4287585973604884,0.11120003255866318,0.033736264547105675,1.488843531919982,-0.21765723371796727,0.043415608276854124,1.4137071096185556,0.11509603330052368,0.06791007988296954,1.4753852255108417,-0.09973870397166201,-0.010402018165502649,1.355473386611393,0.041731359598632944,0.00851682918262827,1.4009151398217194,-0.09375872101484863,0.03447202009455178,1.3584804609083805,0.031933421280953514,0.05158299735174142,1.3915175986405934,-0.08694599508030032,0.07252587311645976,1.347253264164312,0.004533170903688926,0.08240129436555875,1.3731615518902522,-0.2635531419528968,0.7426083724409818,1.575360266286736,0.05081746979187553,0.7408936980622346,1.6689568843616136,-0.13090413803203904,0.7241821744649406,1.5760464472693043,-0.07786307023374642,0.7259518926298272,1.6408566371338005,-0.2569210414106237,1.200837047750277,1.6894150542829958,-0.022651663257527124,1.189215999579462,1.7576855245693084,-0.17862671352396703,1.1312921601802581,1.6148444705952092,-0.08231521092544453,1.143225618598526,1.6992057799384108,-0.2816070778348375,1.224654252587345,1.5055438355620345,0.058872244231763,1.2147260476436434,1.6068866534763628,-0.19035257984851228,1.2071079849546322,1.3844325339529127,0.012323360370828436,1.1878513890401918,1.4493001831329555,-0.2104433018155965,1.1648877292102426,1.7421732837992672,-0.06542491216503295,1.1054933594016354,1.7894635240993484,-0.06325554302141213,-0.34406204456640355,1.3983379909236104,-0.07718051343874716,-0.550992865229265,1.496051474649337,-0.15004190719685084,-0.4004623569735907,1.5177939639220446,0.014690660690913673,-0.4176866684319891,1.5142764130439028,-0.10821736504512698,-0.3955963794252186,1.42756854911713,-0.029200891250837677,-0.4024514956367162,1.425439672087668
784,-0.2164565724027684,0.30013956889901716,1.4942671488250348,0.051164196093410844,0.316404496303874,1.5353925812271547,-0.1722946463029322,0.2642808936370167,1.705564028578274,-0.03578967229769753,0.2638582388332147,1.726567443401521,-0.07440650559811551,-0.30649844468865073,1.6457115405253906,-0.08952150592563743,-0.007121122371328297,1.706424386331338,-0.08229444816411594,-0.16152383841870882,1.698487965070112,-0.24266276338069315,-0.27031720814413773,1.5442435980077875,0.11299396508767373,-0.2655193831047097,1.5875265598700596,-0.38536915015937945,0.011626551781403212,1.5304279237153415,0.2346875097665569,0.025879069848367568,1.643695160069381,-0.3662390762327974,0.0633123988406543,1.605018709921126,0.19174300121578342,0.07569862215221713,1.713110694629823,-0.18778338895767965,0.009673187972821415,1.4094700605576937,0.10233781684295054,0.0338413670443652,1.448831446272727,-0.19438754259668306,0.04201725519401692,1.3891175806290286,0.11017841399453997,0.06814794006055369,1.4294324092226214,-0.05661824217641571,-0.014889480794407802,1.3413794175906326,0.026764030064990407,0.002783755675960859,1.3574586578121064,-0.04841958351746957,0.02625364986247318,1.3388869717419145,0.02163119000925668,0.043424197068148235,1.3427128096383414,-0.042976305777369966,0.0616094182639468,1.3246348972527238,-0.002227276496363128,0.07287867718538998,1.3173027777378965,-0.2650439567917322,0.735475083697321,1.5662309884487557,0.05086053441540378,0.7339531199098298,1.650790849986571,-0.13347927627778977,0.7200696980464534,1.5666273502972683,-0.07711277805691427,0.7188659516175555,1.6226929595806472,-0.2599056240304852,1.1964499850099555,1.6726033030916092,-0.02373710171654418,1.185429474873583,1.7313878331611905,-0.18282268136500754,1.1289205436935716,1.598414241255972,-0.08324958035216949,1.1401651508794552,1.6725740806566978,-0.28407664296415164,1.2187095884536194,1.489331407264002,0.05911967774601161,1.2090964573481238,1.577745561934396,-0.192996238481381,1.2006728576596255,1.365817328895088,0.013306308897257629,1.1824446169543619,1.4210157106849515,-0.2139476458578462,1.1637440788933584,1.7236271170852318,-0.0665253723227158,1.105438274333395,1.7674611495031614,-0.06348861608678383,-0.3434004676012443,1.3993645901697733,-0.08027436068532547,-0.5500956707033604,1.4999150950491265,-0.1530595110569677,-0.39897673939243894,1.5190513434044175,0.01317500320221908,-0.4155195741224899,1.5166463633564797,-0.10936734429135103,-0.3949195331847085,1.429034818888406,-0.029649835119085068,-0.40170071068629054,1.4275150730161656
785,-0.21681776379228834,0.30110477438809047,1.4942261986604537,0.05097376744355093,0.3171740972143131,1.5262959530727727,-0.16907776401653815,0.27204088994922154,1.7052960993788977,-0.031869477253361506,0.2718434305058301,1.7253442392508607,-0.07302649170117526,-0.3040494325231833,1.6518067799941876,-0.08720707117972779,-0.0014086549831761543,1.7129011690070826,-0.08010846394751031,-0.1580410130234708,1.703654866023641,-0.24276916409118282,-0.2712211846515924,1.5521635437999945,0.11319171918038695,-0.2645978897862199,1.590645677150559,-0.39678040858914854,0.0032576957476559186,1.535744420873478,0.2462848916787635,0.027298283846451818,1.6259527037745598,-0.3743681966013148,0.05840446817115697,1.604323693009613,0.20112486268263946,0.08468518214658835,1.6807328924118354,-0.22543796195122856,-0.013472604313622186,1.4081280079403458,0.13979092591025574,0.012500270616261232,1.4373146798493788,-0.2321851236282822,0.014670642228973674,1.383910712622347,0.1473626378719174,0.04128398533719761,1.4137577724377492,-0.11595831595382936,-0.053637935818063864,1.3436469363391448,0.0826355119465646,-0.019721553422427877,1.3533912620887025,-0.10678129917873751,-0.02447315285628727,1.3341633143810077,0.08121511793625336,0.011356512668881732,1.3299458937498478,-0.09899753806287781,0.011584487356603439,1.3155404325695184,0.05975288234663162,0.039591227244229095,1.3007812708852693,-0.2743535574195337,0.7365663511686837,1.5281659218584709,0.04826459180467729,0.7386325839883554,1.6181751992572673,-0.13962269340954345,0.7201078624022381,1.5196733175874786,-0.07940580349916727,0.719798431624203,1.5964366825474665,-0.2771012955438199,1.1958728353198138,1.6211268256272435,-0.033346678274730285,1.19349346980903,1.6964805149432816,-0.19492283247947217,1.1261545480992512,1.5351077899270118,-0.09144335619110308,1.1491049253751453,1.6361119741669292,-0.307622260165344,1.2167873308405235,1.4389772584380867,0.04750067792826805,1.2142560253254926,1.5365833974244207,-0.21341855115205452,1.1946709994991505,1.3122474244730495,0.0017422769299034668,1.1873315141858574,1.38631411728216,-0.22659995927077495,1.1654346847529116,1.6677693161617513,-0.07208590059660228,1.1227820590409232,1.7381137866341574,-0.06222854298888974,-0.3434840333305427,1.4058621473667836,-0.08013458323315156,-0.5493163767291891,1.5088080024593538,-0.15410086650091817,-0.39939740298384674,1.5261110579359851,0.014062558890782464,-0.41613314069789653,1.5250867604948586,-0.10906075508079148,-0.3955357980552669,1.435948649600713,-0.028156413638261414,-0.4024690797306406,1.43593430750063
788,-0.21641619834381168,0.30201944890970317,1.4994876829078687,0.0509474323630303,0.317983065155099,1.5274289391762932,-0.16681305495383258,0.27747730529358416,1.7095483987951265,-0.030409703013280616,0.2771636905885333,1.7290000954585505,-0.07380477068705041,-0.3001677483056416,1.6755971609629885,-0.086255309099952,0.005918377228309155,1.7277109474412855,-0.07985637264984757,-0.15113302731869915,1.7229887449280168,-0.2452150111997367,-0.27052364472402074,1.5729283886185201,0.11032951376639447,-0.2633025828039319,1.6073575762809431,-0.3958006708749314,0.0027751409726875236,1.5233232406765058,0.25274116952747405,0.031906853234619045,1.6024804620248103,-0.36901300178274743,0.06335929140946897,1.5784790001822269,0.20902521404408103,0.09685595024929211,1.6446350337078075,-0.24607928533923673,-0.05238082140537051,1.3942078684063164,0.1578950702698364,-0.03712276962440061,1.4218245104582845,-0.2514937574618249,-0.025495185040646948,1.3624533533908316,0.16714203538714617,-0.011648568219290707,1.391543687374757,-0.15410653283511389,-0.11736622583644031,1.3357166963148328,0.10932868955185321,-0.0996623082916287,1.3457259142959042,-0.14218896556390967,-0.09868257632709107,1.3184756413326721,0.11081686424604331,-0.07912934796562085,1.311624343809336,-0.13247677938984154,-0.058352899807920446,1.2916138890531945,0.09167573368202993,-0.04866953002843816,1.273971038087897,-0.2773834509070072,0.737715411804438,1.514893390000719,0.04577536299699608,0.7423693171599903,1.609303257594913,-0.14200755919079194,0.7233399502789579,1.5036678713387919,-0.0815109650213368,0.7246444851589393,1.5920153421464822,-0.2886191496288509,1.2034252286441203,1.596967643444298,-0.038110858994503234,1.2062893433051045,1.6833100811823738,-0.20605757425755555,1.1377297109202766,1.5075459931578785,-0.09631552878388581,1.164918004288243,1.6263969361908441,-0.32171876555592616,1.2239446235229265,1.4133006095265217,0.04169400632124663,1.2265944866191871,1.5191730227807136,-0.22875457528881654,1.2010464787473665,1.2864575596989578,-0.0052823774877296436,1.2009978210144534,1.3783120738629107,-0.23736145906254866,1.1812337420377939,1.6433729554798047,-0.07620808154221262,1.1477794767390215,1.729978319180677,-0.06387261618711773,-0.3433368152563919,1.4285231647100312,-0.08169361690914759,-0.5445134856539433,1.5315266283762428,-0.15625086186423404,-0.3993538774716402,1.5486084615873121,0.01285569046707357,-0.4155439019407886,1.5469929747490405,-0.11063390976179752,-0.39561218435850665,1.4583518634616421,-0.029572956257845527,-0.40220710636872065,1.4588222461219575
789,-0.214020977716786,0.2943578966961745,1.4979116906965726,0.05032242750058857,0.310254296241841,1.5301270962579903,-0.16911213481497497,0.268476712936335,1.70608471463978,-0.0356258423754147,0.26857398366983426,1.725953876111904,-0.07770074386675703,-0.29324730364151563,1.706123845863596,-0.09016142420353832,0.008763055431880487,1.7399188005057935,-0.0848740406158324,-0.14146050052106418,1.74691998318615,-0.24898036835471588,-0.26481439757873027,1.5913548284169385,0.10182892046910633,-0.2598486267274604,1.6291662439184105,-0.3772154915947815,0.007094489884468051,1.473825266258011,0.25215136094210344,0.03289499982876643,1.5661050637289007,-0.3458958483254304,0.07346297595835218,1.5115547889578607,0.21315265485478152,0.09969669338291687,1.6044796615931367,-0.25951426823256907,-0.09842983548322928,1.3341564536415231,0.1695296750315894,-0.09340723494808688,1.4010269391852774,-0.2656286880627316,-0.06823345637479666,1.2938133867206347,0.18746179123408513,-0.06861078028722768,1.3674827331928285,-0.17571521893970193,-0.18818361065553024,1.2795344571345335,0.1142268065579844,-0.199861626397664,1.3297482212421308,-0.16488090490508378,-0.17378799011484494,1.259899539685922,0.12480734769159108,-0.18870982511352014,1.2895923506989375,-0.15914669697713274,-0.1301984623868157,1.2177633282638607,0.11648461209693851,-0.15435979189114402,1.2343557978470558,-0.26604007446414357,0.7187265508490737,1.5238689370840652,0.04089854343043618,0.7274394316477819,1.6183641480284594,-0.13422858696626272,0.7146744711197525,1.5201352170493942,-0.08576762732671579,0.7207935578169714,1.605958301568477,-0.28349571034803345,1.2041292979208935,1.6019573729118224,-0.037267319548562786,1.2097706925521239,1.6869766543772604,-0.20615618710603117,1.1502980328509906,1.527109524155505,-0.09963966060679683,1.1760451744222709,1.6415263889061262,-0.31082888026362687,1.2299824334085145,1.4210196655657912,0.03996339202241424,1.2343776053051299,1.5174021405738822,-0.22239653838194703,1.211116326517867,1.2995308103798728,-0.0097444603953354,1.2148337198597798,1.39188514045546,-0.23695409772419818,1.1975032037976776,1.6530601757220715,-0.08246254774181588,1.1684745638889793,1.7378702301896007,-0.0630292404588324,-0.34128638611763074,1.4564918918621166,-0.08177485052793279,-0.5329767912402015,1.5560443791495464,-0.15767702987805537,-0.39576110264282094,1.5723154265607286,0.013092353478275327,-0.4098240347699134,1.5708747928868563,-0.10954097050536216,-0.39347517167310464,1.484188148476992,-0.028975851033322546,-0.39883472184163005,1.485200477135948
793,-0.21267928632865268,0.2915579763887095,1.4953660042514483,0.052152614107048204,0.3048332183875748,1.5273510870051825,-0.17021777488714984,0.264518897448079,1.7020003423496157,-0.03651093551689475,0.2642358487016149,1.721300225477492,-0.0794538320245543,-0.29139403670336084,1.7173581167979863,-0.09143715625227461,0.009605259827562787,1.744755742980674,-0.08695285271746653,-0.1383578644670946,1.7562697177205822,-0.24985694188080437,-0.26482356909513083,1.600112148883361,0.0969759929632405,-0.2616356088848937,1.6393483936528042,-0.3767852862972145,0.00836999969968798,1.476286533466472,0.26285717341471737,0.02886570648329317,1.561014085401319,-0.34229437121501294,0.07615847868398225,1.507417109599553,0.2256788931360337,0.09647890423545179,1.5941276189315263,-0.3159468024925288,-0.140822795260897,1.3356675380951248,0.21244233867242063,-0.14154407629573415,1.4226413424856315,-0.3257862393206513,-0.11204426296110755,1.2996561519479608,0.23501561523909986,-0.12067009263095625,1.3922682457448525,-0.25439270746124015,-0.25346637968542485,1.2823291149943055,0.15646940296662487,-0.268913572190112,1.3600263853806478,-0.2536933224326303,-0.2479250840747515,1.2626884667056386,0.17346770681087106,-0.26593157450369537,1.3232692457695423,-0.2554866764123969,-0.20725816014815243,1.213785945741755,0.1751781552498419,-0.23190646992015998,1.2626339864305365,-0.2618920258656554,0.7155232164555909,1.5193682735333995,0.040917452896296544,0.7264841871436918,1.6160792216628295,-0.1301493523695742,0.7161482316595033,1.5182062823128573,-0.08638748638695909,0.7265163700107693,1.6066883646342507,-0.2831495309575907,1.2129459505179092,1.5943319704161056,-0.03395776353575432,1.2222644312936635,1.6809383800602276,-0.20788007264384112,1.167308847125574,1.526189932296603,-0.09811117426998381,1.194836814733703,1.6408124378836073,-0.30746315170069527,1.242415569110875,1.4146215101616282,0.041980490346979205,1.249355500442492,1.5079841746291471,-0.22121304805529532,1.2257935957075499,1.2975127953321213,-0.008010333957941677,1.2340596579476009,1.3920259637102037,-0.23877957429854424,1.2156727617917287,1.6474916205593977,-0.08297782647229865,1.1945854370697329,1.7342676216248214,-0.06134858528272914,-0.34038777192195363,1.4665936114639715,-0.08243005362885122,-0.5267093836337977,1.5628004547321566,-0.15781711939878224,-0.39384602803905444,1.5789044559854242,0.012875392932933313,-0.40822497047441747,1.5785878038963903,-0.10805069109087284,-0.39229377615288996,1.49252486616891,-0.02789594745482834,-0.3976147323509817,1.494441581937793
794,-0.212875644936772,0.2968922572670858,1.4878455755217161,0.058854114954275755,0.3049686469998817,1.518353454043225,-0.17030624390947327,0.2673456027157895,1.6947186539199766,-0.031812910464567246,0.2661522399790811,1.7133027158718308,-0.07965565476975298,-0.2987053993601487,1.6934170283837573,-0.08856491959677433,0.00650001795746907,1.7327824168217247,-0.08527392257901523,-0.14713126227024464,1.7369345274850057,-0.24686521206650394,-0.2725244200987766,1.5890685494331032,0.09857712572454108,-0.2718703059594638,1.6278788591436193,-0.4029396149410187,0.016307509743562244,1.559535327213617,0.29021662168409357,0.021316626050332306,1.6089444034351352,-0.3721800358969398,0.07635496349208216,1.6053701345816238,0.2538280710796167,0.08642131527539794,1.6397506838347544,-0.3880573092349594,-0.1605351090919198,1.4400850595010346,0.26555407448207125,-0.16425727969225867,1.4907310732269679,-0.40730422941628586,-0.1394402843841871,1.4280179744861514,0.2873697435794124,-0.14870611291897168,1.4705734551545564,-0.340963013172216,-0.28655668165951687,1.3863752838122112,0.20085857860851614,-0.27942650827898363,1.435145256420863,-0.36276608911241215,-0.2930137798043047,1.369438047577828,0.21814353061202868,-0.27755399694111366,1.4174459473206595,-0.37885680439288244,-0.26733094473584773,1.3305194947522723,0.22650730705201017,-0.25092309238774113,1.3707189302464897,-0.2678571702693229,0.739358519860458,1.513511202722528,0.05233714476896485,0.7459605381362955,1.6045774587652586,-0.13259907881753347,0.7360147197810256,1.5105783408250022,-0.07747104643651315,0.7453818183031002,1.5899557608630532,-0.2843399176137593,1.2358733142794716,1.589009117372742,-0.02052465835276181,1.2441803961513096,1.6635487066211903,-0.20974949424777228,1.1935952838593102,1.518993099642937,-0.08223013415647211,1.2191977039665702,1.6174313166304146,-0.30748429128053434,1.2638874613451714,1.4059064953007563,0.05942759618460773,1.2701546194390674,1.494163487259156,-0.2218479810922786,1.2481875745258004,1.2907150707660207,0.014051692255606317,1.254958192257481,1.3718431236216384,-0.24041582393096844,1.2364694593325223,1.640641988420794,-0.06871453663473068,1.2180365303340959,1.71573013420464,-0.060928300355926036,-0.3417373099400554,1.445210381491993,-0.08746143403723305,-0.5311957555637818,1.5393648421586121,-0.1579889669445969,-0.39478027171861907,1.5562809341793722,0.009092533051019026,-0.4132288134249379,1.5577919016656807,-0.10845083630398109,-0.39271597575557216,1.4705961304139965,-0.028786571734281,-0.4000267187045465,1.4730724710330252
798,-0.2114678443751964,0.2993119736976036,1.4826543316508154,0.062028401601366315,0.30489736133914724,1.5153384209650724,-0.17084216859886509,0.26704893591952106,1.6881839014950448,-0.030231338155217714,0.265168195477393,1.707173701832172,-0.08024451011951342,-0.3020395485788585,1.68060690103449,-0.08734335480986985,0.003611199764812614,1.7241396469542805,-0.08484619699277218,-0.15180856702099954,1.7258806889133234,-0.24515180893221472,-0.27537642132278206,1.5833886447272332,0.0976767241289202,-0.2773100028347739,1.6215215855975533,-0.4126134423537716,0.021847851486081166,1.5967729527445202,0.30322920425041067,0.015190562359077226,1.6347840726844163,-0.38441573644032767,0.07724024613335193,1.6495747877609093,0.2689291769349803,0.0769352769104818,1.6665752639693614,-0.4302550098968456,-0.1723491289585128,1.4904687469080204,0.29776018635170187,-0.17704128925315238,1.5294381054194965,-0.45502191880281423,-0.15423819275230563,1.4920265515780358,0.3217569013982679,-0.16342384157553314,1.5169970105729536,-0.38914711395176005,-0.3032758521378037,1.4390275605060174,0.2254903309968173,-0.2887438072584355,1.4752812246313494,-0.42351439331202967,-0.3139787185918204,1.4274532539881086,0.24481068403687956,-0.2870974687529164,1.470884697999203,-0.4484206920111008,-0.2962645686282903,1.3938550657620725,0.25961217426584826,-0.2640365716295499,1.430762185568814,-0.26712981512727574,0.7467583756662264,1.5103154900654476,0.0589395817569405,0.7510787059052736,1.6038516655449526,-0.13103362757272138,0.7407919123854465,1.509627301052704,-0.07241224471584243,0.7506477276785721,1.5842851578430566,-0.2801362369423148,1.242239980937089,1.5899652172777725,-0.01868650699337534,1.2442655824207702,1.6649178563564997,-0.20720463178441292,1.1988508031432776,1.522337647180586,-0.08070423082540165,1.2182521125825592,1.61566327058265,-0.2991900488152629,1.2699667345107448,1.4057454687267488,0.06342808839673524,1.2711547559487923,1.4997172199141162,-0.21338919529474518,1.254323811045902,1.2947483808767841,0.01942229089503863,1.2554475132379328,1.3716482605364901,-0.23969637931530546,1.2384155014257043,1.6434414118318312,-0.06935754037875808,1.209020330368482,1.7139940005914922,-0.0612619156104975,-0.3418562799498719,1.4338236498388903,-0.0909737955733724,-0.5330592865038202,1.5263535522994984,-0.15870455576082582,-0.39435151027831494,1.5436476684346927,0.006455827800207697,-0.41472759739045884,1.5456987332475043,-0.10927805729524076,-0.3923397333430987,1.4584925048336737,-0.02992597499909795,-0.4005686533230065,1.4609944460236244
799,-0.20863736642756275,0.3013919536775478,1.4884590175630823,0.05852129584507171,0.30942059406406797,1.5222790277452343,-0.16853823082831143,0.27140820765418,1.6901452776761283,-0.029760951682165377,0.26884795705971676,1.7103351500395672,-0.07934643940891034,-0.2986848398599642,1.6915501643045183,-0.0860294018519989,0.0058874900104025395,1.7283479826664192,-0.08320546589805511,-0.14853791339344957,1.7335891170902822,-0.24552078814285638,-0.2723576395256772,1.594984840440117,0.09519607131983152,-0.27431715160613046,1.626135548314828,-0.4014730178597728,0.017778793356739226,1.5660050864604007,0.2936768725405187,0.01567677936190869,1.618986762926455,-0.37198144721979093,0.07589803176154719,1.6099228330669137,0.2613840695514005,0.07830580663027815,1.6487390894499236,-0.4259767179456331,-0.17338129427856847,1.4611275468333336,0.29857175656348567,-0.17790908213361614,1.5110293490940445,-0.4467845088887027,-0.15250126588340665,1.4547683465239394,0.32558041919480807,-0.16254792073738894,1.49729271118601,-0.38758073195523635,-0.2989335586693229,1.4189157623205602,0.2350223563589414,-0.3000302770835522,1.4524580544956143,-0.41181738464613216,-0.30562214976525703,1.411825097300921,0.25619273264810527,-0.30046626376099184,1.4435946323516635,-0.4299614317503216,-0.2801379196065799,1.376401428730801,0.2715392514733294,-0.27402583584688894,1.3995861508221648,-0.2642764260983739,0.7357296082613312,1.492444090038179,0.05626334463326109,0.7418533485451521,1.6079492591564866,-0.12925781829992083,0.7250264257997128,1.4932699215391483,-0.07471128432426552,0.7368668220039855,1.586367956335558,-0.2805582639523204,1.22290242780981,1.575022804944022,-0.04359152501148526,1.2134062808648551,1.6858864832712261,-0.20673982968919127,1.1660769134598197,1.5043335719625501,-0.10838212810887582,1.1780117373116985,1.6351954332212202,-0.2971964239194332,1.2489053917752062,1.3912374543672412,0.03709548334101663,1.2416866806366826,1.524744972027904,-0.2078909232889889,1.2282243827337922,1.284481034040526,-0.011157153220746037,1.2217684256625763,1.3922432861349114,-0.24459277527244616,1.2084978419665755,1.633007354599572,-0.09711702592081803,1.1513235635753625,1.7306095638195154,-0.06449048884393041,-0.3409253389033253,1.4444511640365054,-0.09186274114204375,-0.5329554613616211,1.538482160913249,-0.16085645467320256,-0.39388341055766996,1.5556183663393202,0.005551177174285279,-0.4128378966101512,1.5552060812505606,-0.11239808234184238,-0.392092667856865,1.4692682095009382,-0.0325256333265122,-0.3995964472111416,1.4709828305702466
802,-0.20833534555335567,0.30534250186309486,1.4910626013294248,0.05799318009994371,0.31397921944713264,1.5242678884945104,-0.16722309430733315,0.27710773408598033,1.6913826032834598,-0.027835530851211022,0.2739527707311928,1.7116740717422716,-0.0782159655703768,-0.29896064390757715,1.6891334649314742,-0.08430710534920745,0.007061072542349497,1.7273490721439129,-0.08121365443323858,-0.1492220780909203,1.7315481506507453,-0.24503196294163293,-0.2723894476420109,1.597444977883443,0.09601152518817141,-0.2742714472491384,1.6230708754501058,-0.4041613912815662,0.016674809307789744,1.5731587166119059,0.29280444897848956,0.016336530253285207,1.6232908153397565,-0.3759403388069087,0.07391323074196582,1.6181446858780268,0.26101110666951666,0.07870673240046697,1.6523606753525817,-0.4287035310447437,-0.16763769693975183,1.4732176744744927,0.30357062300834853,-0.17196960880791762,1.5146213086756055,-0.44864326175888336,-0.14684706075514464,1.4674210416564035,0.3308962728766991,-0.15587433613453505,1.5021848599800396,-0.39095002620701336,-0.28791010440207776,1.4354031674314718,0.24491173787669024,-0.2921770029825587,1.4535355926500948,-0.41272926166662705,-0.29324724735679364,1.4316840379928917,0.2658078596922143,-0.29205549229377914,1.4476616412071404,-0.428368632587796,-0.26616575907054796,1.4000430964225847,0.2803327646733316,-0.26525665666638076,1.4076577988570373,-0.26466198261605023,0.7368417903844823,1.4794961653837106,0.05855144721362811,0.7427093500635228,1.6048970862786116,-0.12835992943647864,0.7216748240121024,1.4790188594384026,-0.07295160364299152,0.7338979568244179,1.5811835449927654,-0.27704343090756806,1.217472737825771,1.5616908394122926,-0.051701517100952867,1.201565658821603,1.690705080311676,-0.20189577101942327,1.1524868785729985,1.484215507142836,-0.11563830894174623,1.160535346879921,1.6355138977814778,-0.29355771316657997,1.2401369499316763,1.3757364386423145,0.028649546040391192,1.2288840760987563,1.5325845380241019,-0.20279140055967765,1.2162900775235153,1.2687192325326935,-0.02006845802885907,1.2061309070922084,1.3936159957945624,-0.240988467728399,1.1955360348524242,1.6204854443773884,-0.10349484353940583,1.125064692405498,1.7328586835703501,-0.0684099505595902,-0.3414420404487869,1.4424599307373027,-0.0932221478272876,-0.5355583673644326,1.538295401886912,-0.16213224008174087,-0.39471346750115716,1.5559869128394994,0.004136888810092719,-0.4128235807305709,1.552980326527577,-0.11578981597772173,-0.39295223782235333,1.4682576457944077,-0.035608363684793864,-0.4001423822213638,1.4687559284833362
803,-0.21130483653517507,0.30578803827146184,1.4891870195160668,0.06041585274254771,0.3125345448033373,1.5205859669587038,-0.16938890022354516,0.27765819919325296,1.6913983747437114,-0.027895268381113385,0.2744042525583943,1.7098484186201903,-0.078442802563578,-0.2998665153448151,1.6860089393226292,-0.08544631997119978,0.0077227136054432086,1.7272815401547015,-0.0821646057626193,-0.14931331263219885,1.7310266813836952,-0.24559889389418088,-0.27293260207657466,1.595607853857142,0.09733121701391945,-0.2748376669588788,1.6215924380885482,-0.41356920116168033,0.01813297948747663,1.597492760415492,0.29890623663545723,0.01785534677720184,1.6311341519653304,-0.386469462607182,0.07357286037473837,1.6475839805727608,0.266118906686714,0.07899589351557146,1.6609731377342454,-0.44473350433718256,-0.17207549946033618,1.4941784765270432,0.3165583558535848,-0.178845522467046,1.5358156058511976,-0.46719780749242246,-0.15249520707658049,1.4938994067437639,0.34408063565039604,-0.16344650644985043,1.5264854451493903,-0.4114658736181536,-0.2974447825728944,1.4519844648454467,0.2574826983787913,-0.29973564816565806,1.4782396180846842,-0.4405201055825416,-0.30517775244864526,1.4485701193952023,0.2796789722396743,-0.29956262748787016,1.4810826253530924,-0.4601015605213725,-0.2816271470553642,1.418622608589402,0.29587409237628204,-0.27364331801021546,1.4457635424208146,-0.26206724343400645,0.7411385596614024,1.481255048123098,0.06268430010539608,0.7474225836983197,1.597658714904083,-0.12303617039194768,0.7296186510336895,1.4790839422978759,-0.06996035689866067,0.7436195999003612,1.5772189788387916,-0.2631873931748756,1.2309823373866466,1.5557259358895017,-0.03218973498478381,1.2218657364672922,1.6744024469533916,-0.18811154913162012,1.1740999762376956,1.474517543957996,-0.0921314117620144,1.1869051483460893,1.6184780654057787,-0.2809024498545841,1.2523108791355804,1.366583415510804,0.046323463336237394,1.247373660060243,1.5123124693317198,-0.19446169019367193,1.231118555685025,1.2542304004085891,0.0009987811030863817,1.228578620613149,1.3758470883011895,-0.22092267833499418,1.2175190777350728,1.611731496973039,-0.07865561294346535,1.1658146537342011,1.7198330901023666,-0.0716696911219224,-0.3428106584494761,1.4384381415130034,-0.09253122585198612,-0.5344059642724421,1.5343868595386985,-0.1614161531962878,-0.3953269024238172,1.5532919645769705,0.004250452339621067,-0.41144203387375783,1.547661668399013,-0.11742298701017892,-0.3942595163284017,1.4652818151835594,-0.03753150898299171,-0.40062103314802844,1.464283200367201
806,-0.2132010061453723,0.30639005756219184,1.4899245159612406,0.05973301468836903,0.31172575837183225,1.5190474508767662,-0.1697882257021776,0.2788498184301417,1.692705425115788,-0.028200977425236737,0.27493479763729267,1.709965689579143,-0.07926501505993033,-0.29791650454250906,1.6892319208292121,-0.08704092841648386,0.009580428316522354,1.7292948254310032,-0.08343756412457708,-0.14663398164278854,1.7344649215328234,-0.24809588403912192,-0.27111535363890304,1.5974170021866194,0.0965580917413793,-0.2721516974060568,1.6218021564404075,-0.41471459439876734,0.01703317365967562,1.5888328130992841,0.29486395308952423,0.020939688109625036,1.6199161048878863,-0.3869722998004286,0.07358453934561476,1.6372269614088073,0.2617823245817389,0.08267703613658617,1.6497309385221226,-0.44357804659944977,-0.17370958780678963,1.4810767073450708,0.315440819212431,-0.18037007611736042,1.5277202257103282,-0.4651159277303496,-0.15334889356833656,1.4779650917537168,0.34380498666344694,-0.16451011180263908,1.5174559467672766,-0.41219368191217914,-0.30053175369042795,1.43725397295917,0.26166440171305433,-0.30720885271610743,1.4707392605090766,-0.4398415422628327,-0.30791130945828915,1.4333415148035238,0.2851710450824781,-0.30808603681098523,1.4728657152253422,-0.457816278632907,-0.2821954781411983,1.4020429473015585,0.3008120741786731,-0.2810124631451951,1.4368640258323335,-0.26017531018604106,0.739437576413245,1.480242616928983,0.0632679010541366,0.744743404961753,1.5923450717684344,-0.12055652300843005,0.7298765824990265,1.4752537364479643,-0.06937130406696364,0.7449194950034508,1.576414756594808,-0.258589745930216,1.2329824994182197,1.5520283927370393,-0.024449720119833165,1.2299169343738114,1.6644200431197715,-0.1829883626333058,1.1786853557556496,1.4669688114776238,-0.08253611618135577,1.1982749126325958,1.6101956810482188,-0.2790035463510027,1.2544972650851616,1.3633071501210852,0.050595663717969586,1.2536889639847133,1.49938434307307,-0.1943188364998104,1.233896252896975,1.2454828614946276,0.005666324012610089,1.2374657581487662,1.3679906267292354,-0.21286692270925572,1.2241459098288585,1.6055491728143376,-0.06794818642534013,1.1864439467130337,1.7131532308166026,-0.07514669935099441,-0.3428380606861158,1.4403320714543533,-0.09253256475215008,-0.5325542678734292,1.5368488879752324,-0.16233421726049663,-0.39482682307756906,1.5565774558926821,0.003837224031080048,-0.4095623074479299,1.5485010422429022,-0.11983248535737977,-0.3943743644003871,1.4679334613280624,-0.04004584657639995,-0.4000237827907198,1.4658077753781535
807,-0.21368834614584686,0.30907930674213535,1.4871420832315434,0.058627188054213214,0.31037941692767357,1.5143531165862696,-0.16854650794778064,0.2791923983886489,1.6894956458818045,-0.0271581940588222,0.2734646608317962,1.706536224986848,-0.08173058844520885,-0.2970376805907167,1.6812290982881217,-0.08846440575499764,0.008981391522555103,1.7227183344311516,-0.08515261227316878,-0.14679193875468294,1.7266724039495531,-0.25156493774864197,-0.2703683236816574,1.5907950323984625,0.09393250505338072,-0.27109129588351155,1.613587996418135,-0.4185429604884157,0.018856925631049192,1.5799667989688384,0.29050783335706054,0.020756159678656537,1.61320579370342,-0.39089634256275463,0.0749868820619034,1.628645023520776,0.2586120493672625,0.08251114811481514,1.6443697310049932,-0.44767453929543544,-0.17338337847278354,1.4790013081208253,0.3138284735195962,-0.17517913797603257,1.515092390765946,-0.4694656891733129,-0.15350208191913794,1.4763854888417507,0.343075210959309,-0.15939748751720392,1.5046031790838907,-0.4145313861835669,-0.2991686657616912,1.4346818300269244,0.2629665283674245,-0.3017121092120118,1.456419967282905,-0.44244729948586003,-0.3068499939845549,1.4310815298951833,0.28701997202080665,-0.30301185755641047,1.4561317366920696,-0.46054192445780806,-0.28135718939300947,1.401047214921317,0.3020380276115874,-0.2770534252152914,1.42031880688818,-0.26242060358142805,0.7431317833369111,1.482305820649227,0.06564454752916038,0.7411784958189835,1.5872457976641894,-0.12440944133486317,0.7314617719988881,1.4730498844900697,-0.0665810600886346,0.7444339909895263,1.5734530276415222,-0.2680498751922167,1.2314820035204552,1.5634665431878418,-0.021926663588566507,1.2332800354526787,1.6551122612250548,-0.1924200052461504,1.175262769768838,1.4771939574356643,-0.0803144092691411,1.2033678997450559,1.60336084511757,-0.2920442133431129,1.255972964768703,1.3799861227613404,0.05045509332631222,1.255047552976352,1.49146880881553,-0.20572753767206303,1.234853522596507,1.257563898028529,0.004660707521638263,1.239844791065591,1.3645400497372457,-0.2241882176432013,1.2202061818845653,1.6136403546657392,-0.06672169376201963,1.1924557717805984,1.7061286523501409,-0.07703427130707041,-0.34138141885933415,1.4322580945881864,-0.09653739898564365,-0.5330010663935456,1.52819306168049,-0.16531960658862727,-0.39274560281468096,1.5484581770168178,0.0005610746656696886,-0.41031537244311345,1.540575200286796,-0.1223657727855163,-0.39238970376127225,1.4595506707496038,-0.042882251354085715,-0.39908477084482746,1.45754342024663
810,-0.21590484383480413,0.31094909625237166,1.4799821063173872,0.05733600521332366,0.31056738442276277,1.507293016568253,-0.17119732293804624,0.27979119151753873,1.683595399510037,-0.02962186282315825,0.2736227484521945,1.7008893972569519,-0.0861734723022281,-0.29712942547778554,1.6734956699516053,-0.09233031633338845,0.009638333168512637,1.7159833652734808,-0.0895180184893625,-0.1465171136054444,1.7196298603668385,-0.2561865230140354,-0.27003247785032475,1.581705723536222,0.0907697229773148,-0.2711748307884563,1.6072229887494065,-0.42554939086499033,0.021776914399523742,1.5761738109535999,0.2893407313159396,0.021180631984995008,1.6095903420144317,-0.39766425498187274,0.07793741654415846,1.62575403595925,0.25766304384244465,0.08297202820026733,1.641719234186987,-0.45742539566426654,-0.17479980546411725,1.4750256195737756,0.3156466041146242,-0.17506865207847844,1.5119428200705465,-0.4804843896046146,-0.15554813346761456,1.4739493200348992,0.3455919246470468,-0.15984051895828866,1.50222262447635,-0.42425152889185613,-0.30317127630989504,1.426907792245824,0.2650312547124692,-0.3023190549918599,1.4542645654275674,-0.45564693925061783,-0.31211138841436825,1.4223731380950284,0.29000132715488247,-0.30404159444388823,1.4547198530668535,-0.47615461695164607,-0.28875657094809126,1.3924595872869907,0.30548957133020604,-0.2791590826080735,1.4195143590781716,-0.26515083428430486,0.7466077001323248,1.4848243611501175,0.06759692789720786,0.7424710168749588,1.5813216169289612,-0.12713134073791632,0.7358856010810373,1.4730784521235396,-0.06513592965133852,0.747912891304622,1.5687663006851047,-0.273677262401646,1.2358153789291109,1.568716932811536,-0.009881043042616479,1.2431858418872046,1.6426278770545837,-0.1987606708265487,1.1822207672544307,1.482393815747915,-0.06908887135778405,1.21607986146561,1.5926876436624013,-0.29906847211321397,1.2621577542149667,1.3861187750246535,0.06106737216491053,1.2631234601252739,1.4789070759902587,-0.21325702276970168,1.2420382466745885,1.2577997813881945,0.015537566045476897,1.2493868372572992,1.3545280802674302,-0.23025138297160266,1.2263312010065253,1.616700969383586,-0.05653407811721984,1.2098757293525926,1.6964711997136024,-0.07904537788129537,-0.34078698086262554,1.423867078965304,-0.10081733482413444,-0.5317895258941489,1.5192255001528743,-0.16888540083111636,-0.39150824070368184,1.539378352659357,-0.0030911553296340466,-0.4108421767576014,1.5327149310505157,-0.12493732015611242,-0.39125239302633813,1.450850416068617,-0.04572857657954646,-0.39864778711940374,1.4493582252883068
811,-0.21885813146336702,0.313789304864286,1.470595461105888,0.052976691172140655,0.3187033150189723,1.5021672061515527,-0.17791615101259226,0.285557194873426,1.6759317404536183,-0.03685952331236313,0.2811559381796071,1.6956084928950572,-0.09235248174576086,-0.2976915236986264,1.670558802020914,-0.09813721140286213,0.013749080841115792,1.710948171532214,-0.09583835203715033,-0.14482958714328437,1.716242695528613,-0.2618711355373503,-0.26926155076541264,1.574571338914019,0.08683857790464986,-0.27158889292731203,1.6049798683246008,-0.4307054365019216,0.023107366516372678,1.5627098013332321,0.28604826773883424,0.02343873070779965,1.604557478089954,-0.40184951996787144,0.0815824565348363,1.6098531723272207,0.253667553099734,0.08639930738342563,1.6356503852069517,-0.45946742019239395,-0.16895490602115537,1.4524469287580875,0.3131744559594802,-0.17203883125025854,1.5073261018007107,-0.4817603396175108,-0.14891511185918457,1.4483299564209144,0.343497639624248,-0.15645775047335259,1.4977796569876314,-0.4258528315432004,-0.2967333586883062,1.4018727122723684,0.2642786530819259,-0.3013015693824197,1.4502183528089714,-0.45617231088356525,-0.3044326831647333,1.3965206962526202,0.2895142993939227,-0.3029460457407739,1.4514756639438655,-0.4761134931795854,-0.28063921247632195,1.365623669955602,0.3045658242976109,-0.27704267585124465,1.4164212542336685,-0.26992621241264975,0.7446939932608088,1.475052450935606,0.0663904568293246,0.7481082541904647,1.5775142854882547,-0.12986133407649014,0.7344506463308995,1.4642647312731887,-0.06788304285859054,0.7470707561541594,1.5612004012713057,-0.27744946840842155,1.2339432086821038,1.5532581820823559,-0.0037024407844923205,1.2376621164806227,1.642479244700166,-0.2030147815831531,1.1779009864631012,1.4650459477688287,-0.06656121612317621,1.2056581240780537,1.5899936601350644,-0.2995757143871879,1.2577303118330367,1.3638488130267858,0.06856682327364058,1.2566661437405786,1.4806788507004889,-0.21392538811215486,1.236478216264611,1.2308244093899254,0.022160536515982755,1.2398650058109724,1.3484911632445933,-0.23540077525590888,1.2218801834864284,1.6040596122561392,-0.054700859346008435,1.1937568247418793,1.6956180772206946,-0.08258033287313515,-0.34131760613012685,1.4198988234711951,-0.10598840686187233,-0.5302476231926574,1.5166714715307064,-0.17460777429377294,-0.39231043401857524,1.535173751005448,-0.007768655845426663,-0.4111707156634242,1.5304915498558804,-0.12923789489673554,-0.3917756118066296,1.4469473193271125,-0.04966908346116515,-0.3991230555276556,1.446409006899248
815,-0.22262059227117426,0.3155527371484448,1.452055819711046,0.04814160536463628,0.321244667640625,1.4841497793758187,-0.18254733391297567,0.28654235711470377,1.6582499413665572,-0.04264256748489686,0.2822567272883701,1.6786605153048137,-0.09851820063986455,-0.29562607996855916,1.6451229597449344,-0.10356667234597455,0.014804695413683198,1.690411029729991,-0.10169073896533459,-0.14380866307775503,1.6934320827092781,-0.2670891310907866,-0.26616953312428704,1.5484691483745885,0.08130268705085729,-0.2698203370862524,1.5810418221175693,-0.4364832196599218,0.026964949532976366,1.5384274035197771,0.27994562369879494,0.023814080252551467,1.5852819881195566,-0.40729738127295145,0.08615451878332062,1.5846562902432886,0.24796096662091913,0.0876528147119856,1.616805322495913,-0.4624696702240452,-0.16296830932003858,1.42536765388197,0.3063100378581274,-0.16550280699929487,1.4830838577932313,-0.4847696291662732,-0.14290504657050995,1.4201743583892075,0.3369302519459614,-0.14986227608371605,1.4734760747490707,-0.42776621305234275,-0.2873691036199323,1.3737083905442637,0.2568541742193645,-0.2916747950094033,1.4238452170730063,-0.45802437508990634,-0.2941584218538554,1.3680706784064602,0.281689363400304,-0.2932090270325911,1.4236114657799042,-0.47830832259786904,-0.2717336287358262,1.3387487938393439,0.2965317857486678,-0.2677920988516582,1.3888457905749156,-0.2761300577800849,0.7443087195555246,1.4571781577836065,0.0653516408249947,0.7496708328287163,1.5600501829467888,-0.13579771906040913,0.7348135613041953,1.4472719439169501,-0.0693566344877022,0.7469962844682535,1.5434182854002136,-0.2838171271918831,1.2289482889676713,1.5472590026389308,-0.003277592337167726,1.2352923606624686,1.63230371376385,-0.20978395061111005,1.1733290093202133,1.4631807754766402,-0.06888371368290505,1.2034732994536534,1.5822523427987094,-0.3067428663476728,1.2574896767819155,1.3614778054783732,0.06697700468932268,1.2549830582865475,1.4717223866009328,-0.22215428009984262,1.2375688070313817,1.2331783253493929,0.01900024826031265,1.2382259196394585,1.340000625121035,-0.24309553538368733,1.2146421150578368,1.5987022835046956,-0.05858187865972572,1.1876648441960194,1.6858201497197203,-0.0853859932536051,-0.3365354005970377,1.3932593826646116,-0.111812214674616,-0.526093369207908,1.489238981649988,-0.1799492421657169,-0.3880131629190487,1.5077644240480805,-0.013159806608004528,-0.4075447935448634,1.5053761471445488,-0.1328622670968983,-0.38679070543081384,1.419896314464569,-0.05358281816654813,-0.394453536370555,1.4203540294974994
816,-0.2290636971387828,0.313407096458305,1.420987010670462,0.04359252191987134,0.3124462798395813,1.445771599518013,-0.1842255814377731,0.27859197059610513,1.6275792099214423,-0.04611438024389318,0.27202604441795486,1.644506365681101,-0.10317157757672638,-0.2880762711828768,1.5892822413711987,-0.10839093011522843,0.011886891240946355,1.6500583326646208,-0.10628570708673059,-0.14181613170169888,1.6458346169042164,-0.2708187115347497,-0.2583190630097303,1.4959092803774112,0.07468313959600836,-0.2628000644371131,1.5259714837712839,-0.44205855585055276,0.033248144776509975,1.4978981502201467,0.2696695038876219,0.023494826332923126,1.537760614478692,-0.4131353586383254,0.0912002900993637,1.5451393084742178,0.23881550553974748,0.08797528371170495,1.5717286912682558,-0.46399939162445647,-0.1599876427550052,1.3850527380900464,0.29243198628188016,-0.15897078515055946,1.4287964125879997,-0.48721059080803747,-0.1405326324136476,1.3804251198481439,0.323149921163442,-0.14357843463444658,1.4181211270698006,-0.4299154867329334,-0.27945785577020327,1.3325820866073244,0.24008213563734676,-0.27818558131109644,1.3650680541899787,-0.4618260964409082,-0.28607294039394093,1.326424348776916,0.26415556066985446,-0.28015670831226214,1.3606197959473572,-0.48346488716270797,-0.26691206193074507,1.3009486459585755,0.27928175717328196,-0.2564932912016265,1.325668900131114,-0.2809939977285093,0.7437195194734891,1.4273759177957128,0.06392029336853675,0.7440898743965845,1.5182190898523378,-0.14210791915498133,0.7393729085052507,1.4182349942489256,-0.0694107500198533,0.7514352697646871,1.5107916628939653,-0.2837126926232678,1.224072895207129,1.5511249842089954,-0.004811073574680693,1.2482294762601627,1.5995601740620806,-0.20963700496787419,1.1796833527032224,1.4797490606896218,-0.06901907776200278,1.229234654051775,1.5612345413755213,-0.31514071270900856,1.2688157943378287,1.3847571177791664,0.056222688284796055,1.2711319848095481,1.434493089259668,-0.23628026293760152,1.2561922134365218,1.2753538644038076,0.0069924654328068474,1.2625163683987455,1.321138647372824,-0.23924963077762054,1.2159584711903715,1.5985261706101528,-0.06006342651052479,1.223698035988945,1.6575843697340462,-0.08789587078225108,-0.3236840953230691,1.3348645159703982,-0.11527683907321501,-0.5154776501476197,1.426695715611134,-0.18248215659474154,-0.37579199145256514,1.448713812155539,-0.017205941109416152,-0.39508668455134455,1.4468868484120998,-0.13480768679712762,-0.37373187301923344,1.3610720678046042,-0.05695175358102952,-0.38108511531801575,1.3614968316961502
819,-0.23607734730191174,0.31204246132635544,1.3834866694350865,0.03407704289432863,0.3114573814456053,1.4090934297640192,-0.19249224238830923,0.27435026944483376,1.590054119118511,-0.05689429719126676,0.26802707615215327,1.6075830529238004,-0.10948082647421728,-0.27985123868597694,1.533470030271827,-0.11579348075269533,0.01209149779871671,1.6057898709907232,-0.11320799717341573,-0.13851734834124718,1.5957101933237345,-0.27529439959157265,-0.24814747956025204,1.4409200795737758,0.06754788185634117,-0.25510630071633483,1.471556448961454,-0.4442824081844833,0.04172027724079653,1.4487264761781222,0.25514131172890275,0.029608398942215668,1.4846705307974037,-0.41593746409764554,0.09846355518848969,1.4963041840963163,0.22390733643388536,0.09417567916559937,1.5187919828345895,-0.4598263154913312,-0.1422871578454522,1.326488608292199,0.2734080178990969,-0.13777236504546214,1.3653058337673554,-0.4825220585533305,-0.12239256831495406,1.3205264108609525,0.30267641265156087,-0.1205292131365536,1.3526966270758558,-0.4247299674694436,-0.25720519988492274,1.26909449470938,0.22255376591848736,-0.2485579028311332,1.2945866167532731,-0.45633171125773864,-0.2643627620406869,1.2620374858142702,0.2448142377117888,-0.24890606773960933,1.2856458934012813,-0.47692653207886443,-0.24721004836481666,1.2377522094584643,0.25836563200052604,-0.2239266799209302,1.2487651401210642,-0.2861900209660314,0.7365873109227654,1.3894919934454897,0.05219919402263876,0.7375766445777796,1.481595287875297,-0.14826732332611578,0.7363701350653749,1.3837230178715731,-0.07985010695768663,0.7485459031362944,1.4761989583533675,-0.2885178181816296,1.2145355051438285,1.5293401390065298,-0.02315444631846811,1.239934062668766,1.5788558024662533,-0.21354182486374487,1.1767335664531928,1.466075766153667,-0.08670191332915923,1.2260266199172638,1.5455685492195934,-0.3201619003947239,1.2651071465375308,1.3743279420433252,0.0361007923893059,1.2678497372466013,1.4153107183467653,-0.2418362069492083,1.256600776564799,1.2750144987199228,-0.011808678635254182,1.2629868168220382,1.308252246099204,-0.2429171892723867,1.2098548515458156,1.5773512179270308,-0.0789870589009602,1.2216871483037188,1.635443416060732,-0.09294511853314841,-0.30987796116142863,1.2787214632968715,-0.11916460719868582,-0.503662365393517,1.3687882433365686,-0.18651145488032372,-0.3644199804055718,1.3922584047015782,-0.02219646697032834,-0.38166530219012235,1.3909470049595098,-0.1389207280781639,-0.36034329813542254,1.3046815122797146,-0.06207585767575365,-0.3667501610563314,1.304877547066469
820,-0.2429076856343714,0.3122324513941715,1.33888034732598,0.018246012410493603,0.32012746555163346,1.3777915784104753,-0.20958790040047426,0.2742951740890378,1.544492442327073,-0.07712482157567163,0.271299773669873,1.5689959028250704,-0.11802850927236189,-0.2713936835434084,1.479943436802816,-0.12650095553408874,0.01573043872657142,1.5571831597172379,-0.12322433761349062,-0.13440231708150646,1.5431143583819722,-0.2809111303143269,-0.2354651584974217,1.385176549559166,0.06000682280037144,-0.24728288236277596,1.4213853527044686,-0.44254299435139494,0.054895085082456836,1.3947491679713404,0.2357378836098428,0.04518701094969676,1.4292200491895186,-0.4156832820105959,0.10919156379920657,1.443606541311248,0.20218949932206826,0.10812064143975396,1.4608006889607248,-0.4524755712315317,-0.10447950151821152,1.253401572644288,0.2500129075469902,-0.09355966829711079,1.2929364124002172,-0.47367465262927466,-0.08337465055085769,1.2460803027851255,0.27551431142153315,-0.07159745415433783,1.2775537631752538,-0.41318231488610113,-0.21829655972603784,1.1828265543863001,0.20722940228361347,-0.19303587815066983,1.2117751339188962,-0.44440065829759623,-0.22902934483654624,1.1740397713617194,0.22644695635362727,-0.1885349085963406,1.198058166911018,-0.46212983068453006,-0.21350514890674593,1.146754021952435,0.23584502776883637,-0.15851859014638686,1.1565801893310046,-0.29118313512016303,0.7228605906639001,1.350544008212471,0.025549760816651244,0.727731635563992,1.457554456939729,-0.15478086561682886,0.7243128136912356,1.3498418959544458,-0.10497072700609911,0.7354771133401196,1.443602469625782,-0.3060898647348176,1.2016822622870449,1.4792187485344424,-0.06484928815185673,1.2041393152577335,1.5737874197722332,-0.2291454882119609,1.16400108192427,1.416216527416879,-0.12808092400994456,1.1853095253259327,1.5357315117091672,-0.3258165941170913,1.2416808561680628,1.3246344982019242,0.004791032159941158,1.238825787826851,1.4219384445944168,-0.23823456954610983,1.2322194620172824,1.2162522376590195,-0.03676954524168434,1.2318772936745388,1.3047919882945234,-0.2646555810042639,1.1969357222801247,1.5328550757683508,-0.12197389661061335,1.1712358357935846,1.620732239810173,-0.10103404681949704,-0.29524494776602656,1.2292493020420023,-0.12408402152896027,-0.4915039372725778,1.320682859007087,-0.19239197622153253,-0.3545219124934787,1.3424557893182607,-0.02865587358242875,-0.3689546588756009,1.3417790043611024,-0.14578820077784516,-0.34670732568520457,1.2548565261013096,-0.06951006181129712,-0.3519642351639403,1.2545749671534157
822,-0.25455270886270287,0.3141092331353185,1.3042999817189678,0.0019385313382411541,0.3255280972872663,1.347889341201362,-0.22569252429926462,0.2742217366076426,1.5097374793930625,-0.09452536075415602,0.2719224420798123,1.5374110498003282,-0.1283737882009188,-0.261164237236856,1.418446704708458,-0.13823336330703284,0.017792400856479262,1.5100894405618477,-0.13432836888655222,-0.13057553056666,1.487907011388799,-0.2899625502525647,-0.22083799200581034,1.3243101057900182,0.050766086143599565,-0.2349523406813176,1.362982182350997,-0.4463412480993394,0.06519743588926159,1.3418890114572046,0.21672925357593353,0.055277810738123434,1.373618503993467,-0.4209744879175369,0.11775989595066991,1.3941894190757866,0.18185059944546073,0.11802237480101414,1.4041469862749523,-0.44723567212098736,-0.06173966044192419,1.1826964886609237,0.2295293218038999,-0.040230403033803624,1.2138074188898802,-0.4680510496955379,-0.038630817106212814,1.174161523876397,0.25174502528499065,-0.014074078538291908,1.1970405873612846,-0.4051097282419195,-0.1663390714004026,1.0976562999671966,0.19450713196539565,-0.11893512807760638,1.1178417834267007,-0.43605881543020786,-0.17557224911104463,1.0870243608177346,0.21263496262127965,-0.1074373322005408,1.0989889024517283,-0.4528858237547969,-0.1605009489378772,1.0603281757311351,0.22066411518890053,-0.07451924571251636,1.0608220186021668,-0.29342226256211096,0.6989291500020807,1.2927523919171815,0.007978822919219688,0.7178659505744378,1.4272680866902763,-0.1577074051295065,0.7027887140182619,1.2962381558959668,-0.12117535447831268,0.724947585471557,1.4102760449475937,-0.31178512828558164,1.168784852908011,1.4307044158637365,-0.09378176877252425,1.176697884109546,1.5595404413085627,-0.23044410070985566,1.1262253844937655,1.3688709371531407,-0.15531817770179873,1.1566908250326429,1.5203798015165346,-0.32843534135718166,1.2100079620982545,1.2895816955612807,-0.022924338607514024,1.2159453571736043,1.4148594378742094,-0.23164989369513694,1.1987320222254128,1.1802336093381691,-0.06041126694155452,1.210150144183996,1.2977498219216397,-0.2695866350695755,1.1566479300598465,1.4880100526811877,-0.14893116942962525,1.1385293594823478,1.600355026972137,-0.10914430178684664,-0.27577416589157944,1.1684375748135039,-0.13086191179256934,-0.47692510150211664,1.2569702155891866,-0.20055988856526027,-0.33937458303843415,1.2803158471601188,-0.037058815707328795,-0.3522613481597921,1.2818027596580708,-0.15328542577605325,-0.32794516514414696,1.1926494136035433,-0.07734881261483662,-0.3325494054674504,1.1929304620458674
823,-0.2725723517084507,0.32149100876653525,1.2964594827733282,-0.01440629945268279,0.3323939315372302,1.3335971377053202,-0.24088933591300923,0.28017184513193055,1.5036632827162224,-0.10740067000708003,0.27541900573497097,1.5300166189535527,-0.14278636116172655,-0.2520760172484993,1.36456396889736,-0.15177278931009552,0.01960752659930292,1.4803219483366477,-0.14791260224279262,-0.1280824813514011,1.4463136421523486,-0.30590304554594483,-0.20690447356013864,1.273394343268766,0.03924947903668401,-0.2189758216445013,1.3120066589503454,-0.4606325565613384,0.06790074421632038,1.3025414535179607,0.20233661373102896,0.054507472099559154,1.3386860515521541,-0.43607422454273487,0.12183204178828172,1.3600728439901508,0.16763099944287116,0.12017341736733325,1.3696514531339328,-0.44703721538437646,-0.012081459433319728,1.126853126118511,0.21959424252275686,0.02386899042980638,1.1466777608815857,-0.46879847632249777,0.014749798623534597,1.1158609085398097,0.23995930668193358,0.05296223309475174,1.131808880235453,-0.40371001910045845,-0.09370821407113819,1.0268944870485863,0.19188904777276927,-0.02129872920194444,1.030925196469504,-0.43307715530465435,-0.09142380299031465,1.0145749405297493,0.212663498402139,0.000596251819668249,1.008397477572249,-0.45187096988362724,-0.07347244100807979,0.9938109965832482,0.2242166552220486,0.033002106846823295,0.9878682591015177,-0.29255043307867656,0.658954428904584,1.2104290046515258,0.00907093868108085,0.7145614203608333,1.401234118273755,-0.15456094839576706,0.6637310716585818,1.2167800692974122,-0.12049700392444765,0.7173052535453279,1.3852637523512858,-0.2996066243795799,1.101880441317726,1.382170455981632,-0.0950859117424279,1.1566674994062347,1.5438461453094892,-0.2103606515050981,1.0390183098085402,1.3187024811215444,-0.15601678458203871,1.1340057545296638,1.5048101894503056,-0.32469008618757156,1.1593618884581556,1.2668452595078699,-0.035636222614058355,1.1946570873376783,1.400921384947499,-0.21750106603265293,1.1414302547066033,1.1645795485917194,-0.07442513378272508,1.1903674081186417,1.290410967173659,-0.251128194028139,1.0639288774988223,1.4427201908086507,-0.14632344837022496,1.1119561478652256,1.5828703125273977,-0.11691611144067807,-0.25414393640870736,1.1095174822836582,-0.14263088903074628,-0.46293663400242807,1.1897933744894047,-0.21463781992588338,-0.32086376890165963,1.2182217678427594,-0.04972349349091364,-0.3350944646314519,1.2260030499156533,-0.16266025066866996,-0.3064374130934279,1.130579107513764,-0.08590360854373046,-0.3117209559851851,1.1341367576849473
827,-0.2860482326072973,0.32350196710079615,1.269046359543768,-0.03246698654056962,0.3359149576203209,1.3094025874197968,-0.2579555469607216,0.2829644721167444,1.4774062262428358,-0.12555154391170945,0.27686695784047555,1.5052103380383826,-0.15597280842420402,-0.24166909737823403,1.303795752867821,-0.16565441053843621,0.020433182541402785,1.4402290113650986,-0.16092056251388437,-0.1244003211251467,1.3956725529531544,-0.3186339274108346,-0.1919360771567147,1.2149305033451758,0.027282091146900753,-0.20414840563583833,1.2548581753353079,-0.47299726544187043,0.07704816425987064,1.2476167653336123,0.18738026464309676,0.0644208635300269,1.287926348038026,-0.4488655140501547,0.12791291600587482,1.3131465582849124,0.15184859777198256,0.1252083938335284,1.3212443181869884,-0.4504215626709783,0.0742377252916906,1.0528291292636678,0.20134843540373737,0.10459301202598328,1.068475091576729,-0.4725548991532146,0.101121424607925,1.0467868091168038,0.2242151712535432,0.13659119753753324,1.0608547347140622,-0.4067308129268636,0.0421459951763745,0.9487970444350747,0.17433453698198564,0.11077211047166394,0.9565130082976873,-0.43727309270359993,0.0594145117279916,0.9444352987680096,0.20066927857910427,0.146814037245537,0.9414046030836299,-0.45873566607593946,0.07754396863212723,0.9325971059385371,0.21731196643019185,0.17891179400104051,0.9283509594384486,-0.29126574753420076,0.6480123480498259,1.1608161493805045,-0.0011739903300779586,0.717611234986725,1.374704533950176,-0.1554916208383506,0.6550700676040405,1.1725610300850815,-0.12688971232784801,0.7166447531045913,1.3527554775189077,-0.2991991161132966,1.0831572707568378,1.3345497402474262,-0.10867494974623831,1.1416834493245314,1.5252252237455983,-0.20769188492286567,1.0213361070544404,1.2734164512113275,-0.16759781119453762,1.12049663870178,1.4833156477700342,-0.3242275138694625,1.141879596771578,1.2275394614508979,-0.04884208474914363,1.1816331448085737,1.3888925724391905,-0.21180629653830915,1.1222522020366492,1.1287254939458267,-0.08310084228438913,1.1776875786807934,1.2804843228702039,-0.2503046723430591,1.0443834054534493,1.3954430843296002,-0.1602260774861055,1.099681072861204,1.5600899566864128,-0.12298924915449948,-0.23069198829162596,1.0488088954243024,-0.1521748707483146,-0.4438246138136095,1.119002412808288,-0.22609475918866287,-0.30068064151526236,1.151230434786605,-0.06251416047249259,-0.31701172723979565,1.1667955941408348,-0.16965463724650143,-0.2825896099224363,1.0645976721333525,-0.0934455514354613,-0.28883938282428323,1.0720963784851543
828,-0.2909749895216436,0.31357958607667646,1.2053050174117135,-0.0491002388275944,0.3252964050012376,1.2578919954031225,-0.27186152358683313,0.2749936584919545,1.4139402724339578,-0.14683308355576047,0.26767521422504614,1.4438463762526919,-0.16449089194394795,-0.22812503458051325,1.2231413918591918,-0.1773761733720525,0.016724004601427443,1.3785506049467013,-0.1701257074938767,-0.11882004417354519,1.32436614359306,-0.32341854769361517,-0.17608671989344254,1.1376419618843856,0.015075284542134196,-0.1914072898333214,1.1775975826882856,-0.48249218313819575,0.09581011445949095,1.1634974297088827,0.1731150579909645,0.08801503001758708,1.202964775246162,-0.45771757673864727,0.1360839882779567,1.2407767661449123,0.13620624590003758,0.13126869773443697,1.243681489129139,-0.46044187440359496,0.20683290381342695,0.9520090718202138,0.16841743747144347,0.19501600042754996,0.9701994188757577,-0.4824170285544506,0.2265821583801759,0.9638077921485552,0.2024368349474951,0.2280991128571842,0.97858724359029,-0.4198810897646177,0.26920262329529643,0.8684598021986664,0.1259325546307614,0.27851481639902875,0.9050500370179417,-0.4566208701494127,0.30729229537245484,0.8889616168158304,0.16267823147065585,0.3319597937846046,0.9155786028827388,-0.4826040019950403,0.3198136630534886,0.8932915597908722,0.1878347351703865,0.3620852409500973,0.8914297678111689,-0.290159536140778,0.6942462224951451,1.1700339344845174,-0.02437271243312797,0.7314857943185001,1.3336379378170866,-0.16465109962313074,0.7085329758262366,1.1907529425676582,-0.13856582351349098,0.7347850609377999,1.3015859488114856,-0.31277503321920064,1.1554429250435798,1.309134146135131,-0.13352866632302549,1.1543620128130292,1.488149974178777,-0.2300337525846064,1.1400932271062079,1.2646073628209817,-0.18717405503548326,1.1505265788982073,1.4461933997169538,-0.3303678344435895,1.1999114789700958,1.187984958572771,-0.06013226997938273,1.2022446463055136,1.3599086707058472,-0.22935696351626164,1.1924579668289916,1.1007883698708372,-0.08243616376099108,1.201685471355252,1.2582911562396508,-0.2702461268583285,1.1656004964678783,1.361580714683094,-0.19206787682870297,1.1486170147685966,1.5200842029886634,-0.12411168777101515,-0.20396420462081272,0.9747904457993237,-0.15588994671835696,-0.4151525981825882,1.0303440528880317,-0.23022465794490182,-0.2761927599200867,1.0661036332005724,-0.07345101969866567,-0.2956049365182216,1.0908108878381557,-0.17008946008303535,-0.2543288543356302,0.9821744249471654,-0.09746187376008139,-0.26176974256552754,0.9942080622669269
831,-0.29417950468411763,0.30610374088246406,1.1487001823184593,-0.0611963027925613,0.3160346076367884,1.203902849590137,-0.2792935147384315,0.2662478379072878,1.354789744831776,-0.1593080210230549,0.2574922558450684,1.384233986109343,-0.16743628157291668,-0.20795293312063015,1.126767521783294,-0.18501929415716686,0.012522533112607537,1.3058426525260636,-0.17466958008227412,-0.11083048871131179,1.238500386884042,-0.32193350622380124,-0.15364786839398795,1.0468083948702334,0.0071311941624792995,-0.16791528699892402,1.0857518182164556,-0.4859260174097048,0.11490050379325437,1.0783918185083565,0.1599430724781808,0.11307560360721917,1.1009430961939388,-0.4634489625102933,0.14783521055930993,1.1637087131028563,0.12546930081802268,0.14605464381687747,1.145805089126716,-0.474648258540571,0.31781569955295264,0.8883134426360608,0.15013664380605643,0.2893917118924363,0.8950690366175105,-0.4940414486168605,0.32697878831945537,0.90985089905518,0.18762025373716767,0.31864556145250456,0.9139868809319701,-0.43379974087350703,0.4353608881123483,0.8273727712630841,0.10931709321493757,0.4221135010290016,0.8498232337780915,-0.4722581676660242,0.4799582738472859,0.8561440925650401,0.14857231106225677,0.47633206852213317,0.8754653292588757,-0.5082136953303262,0.49071749285269545,0.8719025398839645,0.18134057122039565,0.5036500450018883,0.8503170696482693,-0.2877309952917199,0.7148207013507389,1.1423015529258385,-0.03395697726191295,0.7371648639927548,1.2772848691807712,-0.16977112657412996,0.7297597628980007,1.1665053858262142,-0.14043726806765144,0.7446936828505829,1.2426214296490303,-0.3136644660421226,1.1867916704941979,1.2678133962252072,-0.14041754657659475,1.164329606635465,1.4249329337643957,-0.23687430270373797,1.193997941324104,1.2320068700998,-0.18964567326386625,1.1703322268751761,1.3865231863821248,-0.3279829869991624,1.2269482671018648,1.139909384493114,-0.06236381548962974,1.2130094296639473,1.2955347696929178,-0.23536089615035166,1.22507595988213,1.0627088789057595,-0.0784222005680753,1.214433329585629,1.203651360851142,-0.2747232852207101,1.219703258359076,1.315137932512212,-0.20294026198235937,1.1800140007276867,1.4602607993997112,-0.12037302118157245,-0.16731406512068953,0.8835458455749717,-0.15371605135686603,-0.38187401315945513,0.924285780745885,-0.2288298137447976,-0.2424256497994078,0.9645102083432009,-0.07722460312037852,-0.26419260232429487,0.9964471031436488,-0.16536864443586174,-0.2164029956956815,0.8823605508111025,-0.09518648733383861,-0.2247750539623713,0.8974501090721623
832,-0.29200652288809614,0.3015019211374147,1.0911527000042462,-0.06697316025385398,0.31212708571272074,1.1401659758372493,-0.27841945530652207,0.2544662691240295,1.2885522140939054,-0.16086422326244817,0.24650647712416587,1.3170253077732788,-0.15935890935245514,-0.17601680469103062,1.0011175687513094,-0.18546978523143526,0.009033528590173479,1.2048647732360767,-0.1708358647722779,-0.09799295028155333,1.1208238846139946,-0.30677696761183915,-0.11898834734870288,0.9282144462337277,0.007936774143869781,-0.1279531042992597,0.9669682813139505,-0.4715282310309673,0.13870051286538487,0.9863422020413595,0.14403121579980177,0.14684795895887975,0.9604760918102504,-0.45723029709078644,0.1689825644622116,1.0715062778275999,0.11721430946488133,0.1821834874922189,1.00143957465847,-0.49002279271232985,0.3801611314857528,0.8791338673414084,0.1511101305456109,0.3844172112406045,0.8514330112782349,-0.5017482000877065,0.3733902975947794,0.8946922027656307,0.17568441194692047,0.40329328487939514,0.8670828339328334,-0.44076222719013003,0.46615627407124227,0.8379745154908758,0.14585493177367825,0.5045840612931444,0.7737225696840911,-0.47315076890421026,0.48409797762433343,0.8428894412824879,0.17024937891524156,0.5287601463367892,0.7913138156316899,-0.5255385583642861,0.49852657641535625,0.8560841173988617,0.2044392740141162,0.5552345293234616,0.7757195573482376,-0.2851403392622374,0.6893846212964272,1.0549865888701224,-0.03343257045590919,0.720908056786717,1.1955989128696345,-0.17060162487068703,0.6936989824864753,1.0738762641726978,-0.13894818233911083,0.7329616811857887,1.1678870155390162,-0.3041940074288051,1.1520517550049862,1.1901623117437392,-0.13819059189845606,1.1544750666816772,1.3238442449646968,-0.2284097028932412,1.141763843859576,1.1478101499458706,-0.18422225858057018,1.1541914949220091,1.2925195720732103,-0.3141988367768622,1.1955123324094035,1.0633948224746788,-0.06298421016292445,1.19517640926082,1.1824357196144846,-0.22073113900623637,1.187961716098091,0.9838386688414418,-0.07947687547326975,1.1948013461769484,1.0979168501117171,-0.26705733834076817,1.1653490717634387,1.240862706208672,-0.19933582769274127,1.1579811694093567,1.3687777349867727,-0.11026639379380618,-0.11544868108952715,0.7636915741195441,-0.13930939861746724,-0.34198366819768256,0.7944829493929422,-0.21563515904805144,-0.19602873775038465,0.8380162680514838,-0.06639238320987409,-0.21638055940822373,0.8705875036143533,-0.15241054764465695,-0.1644798408169029,0.7556064030758305,-0.08289390215786341,-0.17223951693493914,0.7690656978089514
835,-0.2917571830304414,0.28950744697377667,1.0492268684804755,-0.07391296343437945,0.3003283518301849,1.0963341601843197,-0.2798317296843601,0.2334823112349679,1.236370244795404,-0.16615666749681535,0.22719504880775743,1.2641982319985785,-0.15504827027277704,-0.14958435518455723,0.9082487201108085,-0.1879249923986252,0.0008568683101117052,1.1281857501226114,-0.16995817546234704,-0.08798171016815526,1.0321607314115748,-0.29598610552387083,-0.08901411760713351,0.8404217662608798,0.006326062388313682,-0.09557395958747596,0.8803683291556357,-0.45667892371800056,0.1658543955319211,0.8977500918906488,0.1312177222343458,0.17728984710220963,0.8599880796007752,-0.44815227148110426,0.1926960257230031,0.978991178534074,0.108167517246963,0.21034687955240017,0.9009790985419618,-0.4919401686341802,0.43631569368864476,0.833813321681278,0.1464750081825336,0.4432483464701119,0.7973945135896281,-0.503615498999465,0.42247465234700254,0.8493777370656835,0.1656757768812291,0.45538616602318105,0.8142711595905054,-0.4333993131974374,0.5075357321695478,0.80101794987951,0.15871266855838084,0.5566296977620677,0.7042560090459377,-0.4636552854109368,0.5094363582814416,0.7973255650840668,0.17738485782982732,0.5654522426387025,0.7203597469513713,-0.5320457138981629,0.5285848636622641,0.8151863739063316,0.21368615074344588,0.5900083840850772,0.7075533812345434,-0.28580842322243427,0.6823779825338081,1.0169034381617714,-0.040684676957620625,0.7051498639847871,1.1364868073671677,-0.17739523228197165,0.6795326131448536,1.034541459101744,-0.14302911599380314,0.7209915930946752,1.1141464125869875,-0.29977422404094023,1.144474093345166,1.1401786208016782,-0.14104586088889406,1.1434728093591398,1.2460026547752627,-0.23004025195218428,1.1366905523581878,1.0988848421770596,-0.1832812317192817,1.1443705891969356,1.2191205586098584,-0.3049960591142974,1.186889610357133,1.007248178499745,-0.06539065441494764,1.1824066608876618,1.0977406133795682,-0.2182553677665583,1.178657550327561,0.9312044774209374,-0.08006688422223866,1.1812160169403394,1.0209852397832677,-0.26573938157616395,1.1619027197229501,1.1895716907976284,-0.20181261885843044,1.1511546276978337,1.2982749910920255,-0.10326703668606649,-0.07224369756099137,0.6800560831447546,-0.1287203894452412,-0.3040966777732549,0.7001717136486425,-0.20600889117611715,-0.15747491349492215,0.7465310957099827,-0.06015151118479864,-0.17632134170188335,0.7796358404436611,-0.14246967770121927,-0.12089726793441896,0.6653982376462123,-0.07484114135317346,-0.12821977923877748,0.677807985084128
836,-0.30313926664730945,0.27377393457863086,1.0634772452927086,-0.08568618213173189,0.28470178204496494,1.110368802041118,-0.28962545522294386,0.20633284770385524,1.239948767755903,-0.1778489926619928,0.2022652648179255,1.2669571852182628,-0.1636743643171783,-0.13737962809459814,0.8923914838162106,-0.19742384332289964,-0.01207169005788368,1.1164714253627805,-0.17924838431463264,-0.08532738815832192,1.0160050310100843,-0.30246419117468104,-0.07015953137070041,0.8254470113576554,-0.0015661029709712233,-0.07750234960497862,0.8694911053848258,-0.4484992107860527,0.18993064451452996,0.8389398832479795,0.12408491099718819,0.18929822888374873,0.8627499599904497,-0.44108496832840294,0.21668209590708998,0.9094375461448863,0.09756144026374242,0.2188043480623499,0.9087112373037208,-0.46663917409696454,0.46230779285525375,0.7353851194160377,0.13978110015455833,0.4371033466334294,0.7337014066717569,-0.4928468644368664,0.46304478981067754,0.7552487033850719,0.16391869293054576,0.4514214800972727,0.7566984538729876,-0.39675373786272494,0.5364777344739747,0.6740656453775407,0.14322879654708764,0.5510856899354746,0.6338931195812048,-0.4295323684015797,0.5449355721195261,0.6826639885859755,0.17258904814658016,0.5747563700750147,0.6519616456219552,-0.5107945252459732,0.5740242989105799,0.7160036449222897,0.21172985250187207,0.5960079188716645,0.64349429010581,-0.29132451496193235,0.6730028757761204,1.0292911264203146,-0.05216961308568884,0.688053169780283,1.132699758047151,-0.18839881188726118,0.6675414872887923,1.051853182540829,-0.1517961197741856,0.6998959180395771,1.1140003255637934,-0.29409226765901825,1.1270282146438384,1.1275585477488441,-0.14371488886020362,1.1148659007782555,1.2294918573343536,-0.23153175025851963,1.1294549792520874,1.0925839042566219,-0.18328273032921116,1.1212242115363669,1.1994830996251062,-0.3004170684212172,1.1718972874842577,0.9919381555506762,-0.07109910910962393,1.1594801746078554,1.0841717337451722,-0.22262734035810716,1.1630560777483838,0.9264879665235269,-0.08444319200609327,1.1576541653806254,1.0133707443373612,-0.26027200569625664,1.1597590028358158,1.1722490513996755,-0.20184020493061092,1.1369872854387109,1.2832248913622089,-0.10663881622796678,-0.04885646879860621,0.6737723881242849,-0.13229601001343488,-0.2778286719236697,0.6834246901434777,-0.21129584203220436,-0.13747994214964743,0.7326693992483386,-0.06701885391071621,-0.15520302785347195,0.7672641048507151,-0.14461342625355106,-0.09707597370821272,0.6546669785466037,-0.07898339841681294,-0.10462829367335148,0.6680247872181699
839,-0.30934568742130375,0.267733500115623,1.059988143082851,-0.0921995819107029,0.2792176831700308,1.104620286279487,-0.2938405489403364,0.18889072360401726,1.2252204889765033,-0.18226873030704616,0.18691562601636513,1.2516292323403124,-0.16516036588840804,-0.12075932148441698,0.8612249832499441,-0.2012926523869572,-0.01667385370082965,1.0859108272635316,-0.18232040048537615,-0.07755424678713999,0.9827031523532207,-0.3007332919612953,-0.05008642586393482,0.7947646415116452,-0.004359673602443774,-0.056261051292993455,0.8434734356443008,-0.43356796076322074,0.20962489543332635,0.7850617842811272,0.11799575808529682,0.2051911402848406,0.8377369118748483,-0.4283700102812974,0.23801284697675767,0.8472018406047183,0.08875226830003416,0.23587183464647585,0.8845114517832573,-0.44673091484726524,0.46020381533335275,0.6708758083347618,0.14200509585918047,0.43652008807152576,0.6850180407420126,-0.47916918738189274,0.46785913354997166,0.689986460397182,0.1640860997308454,0.4501633515939252,0.7087106610965943,-0.3691524589462286,0.5108638635591468,0.5816790647825716,0.1508043841043013,0.5308735166944865,0.562111026437619,-0.40193515484049724,0.5153092081016067,0.5912980444548295,0.18168572503251657,0.553746045060099,0.5754025711560096,-0.492257582074716,0.5508575103108049,0.6286622690404813,0.2217232047495186,0.5729271400287901,0.573326828282863,-0.295552822345487,0.6509979193641384,1.0143744749953183,-0.05982396634497751,0.668099111361818,1.1176243979019254,-0.19566498146336403,0.6391820346766707,1.0371782018138527,-0.15936017210708267,0.677109683899165,1.1047611585242407,-0.2891804993780234,1.0898722588229708,1.1050515866470636,-0.1444781366330577,1.0852799115492933,1.2040637083529866,-0.23055071236087812,1.0852595015571722,1.0704134464433548,-0.18273329040031644,1.0901599143537521,1.1739170348416594,-0.29550751918827095,1.1385872193938418,0.9699849910255829,-0.07729139741895086,1.1297526136266154,1.0585288093447969,-0.22147375541807696,1.1254351774806146,0.9068509222770884,-0.09157559171366768,1.1261440843731814,0.98809535677333,-0.2563655884034285,1.1185220073012503,1.152181389590995,-0.19944197249497264,1.1059085426644146,1.2615328999627917,-0.10541061277093394,-0.02407373802139343,0.649469864180945,-0.12902560810728037,-0.25376734435726883,0.6552024612294525,-0.20973865928912233,-0.1155672410325368,0.7041812417334057,-0.06602673454799052,-0.13111789629974932,0.7388263882559805,-0.14198347023493857,-0.07253975339613442,0.6279541169159444,-0.07719044121654481,-0.07953039408714108,0.6412238145605823
840,-0.307073522622816,0.2754095739158892,1.0105843988015448,-0.09312556178218856,0.2860094193544659,1.0563593870502048,-0.29227459185862004,0.19025077722314448,1.1680729957521963,-0.18110895033551017,0.188304673710967,1.1945931225304753,-0.15911436688347314,-0.10148166977268903,0.8054125300949682,-0.19903124406229006,-0.007286957111650354,1.0269036960223197,-0.1781956141143371,-0.06270902898135615,0.9246274398770137,-0.2902351637517404,-0.03407416270686634,0.7388722817607629,-0.0035555950516287316,-0.03831269557124494,0.7917117497367845,-0.4186486624187722,0.2203221761659938,0.7341396298047358,0.11474278908878169,0.2272003234110933,0.7661607402978183,-0.4141753877994849,0.2481639590430405,0.8000823813182363,0.08192253909845595,0.25646591402617225,0.8122046295592478,-0.4426113759839857,0.46036519924237185,0.6333699961172097,0.14441491704407022,0.4622174925158538,0.639104527746643,-0.467583152275024,0.45992191214435496,0.6554288563740704,0.16343371345010743,0.47270290261346737,0.6647039179504235,-0.37038856209339033,0.508785312355876,0.5314116874614003,0.16170297928304062,0.5502621952958344,0.5072432728990641,-0.4041499167442041,0.5115278354855742,0.5439485203541483,0.18834420653565326,0.5619184474007768,0.5231675216883811,-0.4936433144176158,0.5419174713826908,0.574962096153508,0.23109540973189882,0.5795921456709854,0.5210552500581849,-0.2964298171249038,0.6489496745727643,0.9923450056021597,-0.06830829287981255,0.6614453968843684,1.087536165269848,-0.19961603632921648,0.6320945750302591,1.0128642025242642,-0.16617788266452266,0.6719662736333156,1.0771485310538536,-0.29453473557044063,1.0809513858383197,1.0863834671032353,-0.14882787255296834,1.076514784447283,1.1741908305251543,-0.23913787100248352,1.07300058398225,1.053552257463981,-0.18651359679709784,1.0809122394816386,1.1484251313628033,-0.2977687076888139,1.127814728783148,0.9478886597910752,-0.08346232838001122,1.1161445841837987,1.0287439294990837,-0.2271606063961904,1.113857830216185,0.8816676642759788,-0.09673578979779189,1.1118262487836548,0.9521160757529378,-0.26682223127440985,1.1070536468108014,1.14140474543023,-0.20505362062375215,1.0951550324536448,1.2364594647967415,-0.09785182377483122,-0.0027076071649324287,0.5961377355900888,-0.11917015260621437,-0.23409607794869317,0.6044712883176026,-0.20096413810434674,-0.09441290785697226,0.6487837211403724,-0.05925609626810093,-0.10898300183870831,0.6860604660955008,-0.13358026772720283,-0.051500007752069824,0.573358640692367,-0.06929526463990984,-0.05767548197168032,0.5879736540015117
844,-0.31092544119551424,0.2818260068790748,0.9945385114776496,-0.09544784393675015,0.29114443032919923,1.041860060935373,-0.2960724368502067,0.1905658440456405,1.145796664815013,-0.1835958413577029,0.18772111755476822,1.1723836654687148,-0.16126152758361142,-0.089749290948131,0.7893015700071105,-0.20130117974488418,-0.0015481649003032088,1.005637193267214,-0.18033146277492984,-0.05292596566409191,0.9060709197044126,-0.29203931091261304,-0.021375806041080372,0.7216222504190419,-0.005916759335890457,-0.0269421118202931,0.7774634192056217,-0.4127191332054735,0.2334268554429783,0.7056138155646254,0.11578275143368574,0.24074007714344176,0.7561872513846457,-0.4076497833435927,0.2611099046650005,0.7713327845814226,0.07914395981814273,0.2681809737420373,0.8025813887720041,-0.4274630198649758,0.46067473778722007,0.5873981725286256,0.1469908797193598,0.4672060734497926,0.6157899807954135,-0.4526550758498969,0.4619029236619238,0.6130210665339515,0.16804235856199473,0.47804452612417236,0.643752210090361,-0.35558400621520503,0.5159907023807053,0.4649468676272958,0.16105521268822376,0.5535135201039444,0.47787281314942726,-0.39143545433225524,0.5257259355686359,0.48778605743887643,0.18976202923084123,0.5662559455221973,0.49742807558007046,-0.47839554672352147,0.5542401621777089,0.5184148822075462,0.23608869248887848,0.5815826356331433,0.494434176401668,-0.29745890974757694,0.6483117786971992,0.995035449794737,-0.07581183903281513,0.6561617253455098,1.0859278995808277,-0.20232774920923582,0.6293888236109764,1.0168332929919741,-0.1726673436632551,0.6657763219023527,1.0749562936008181,-0.29541777284322623,1.0774624558373822,1.08551691717786,-0.14767352605876144,1.070946820702448,1.170854477834299,-0.2423274629160069,1.0706421462619788,1.0567365369922401,-0.18506157405505297,1.076177607027195,1.1447875850659335,-0.29629761817029954,1.1237110610117629,0.942975890413966,-0.08365885591978675,1.1090162597641275,1.0272783355457722,-0.22873146755924306,1.1096866123084936,0.8784516780724256,-0.09622827347346771,1.1039140235733778,0.9451722976786558,-0.27092261354126557,1.1065127203739522,1.1460439305982617,-0.20418739747045744,1.0921974169357695,1.2340119419649365,-0.09867640784796469,0.010107615874522802,0.5814881895499059,-0.12085742608706239,-0.22080130410564286,0.5903056310573358,-0.20275310475246858,-0.08174094898178588,0.6330607070910459,-0.060876975081644,-0.09605044254609944,0.6715433796883087,-0.13472568401163137,-0.039461681257622,0.558214844485494,-0.07004407372336177,-0.04534968927963362,0.5736315347264244
845,-0.3173780383618955,0.28543835067120044,1.0030642022767053,-0.09675785710210044,0.29331138266156154,1.0495761325491544,-0.30261437802825,0.1881703214914754,1.1491600623661946,-0.18723360114730742,0.18321703116344243,1.1755431283395739,-0.16768775947924536,-0.07915570181627898,0.7850866698182284,-0.20628151366238315,-0.0019506069274361584,1.0026373148107868,-0.1858240690488248,-0.04716417632364717,0.9020133006130787,-0.30166826240438616,-0.0034616940377484246,0.7179705834981853,-0.00859913362792682,-0.013197837114255867,0.772919401003769,-0.41440840849382704,0.256066659326152,0.690280488593165,0.11916876957791529,0.25382060262975625,0.7791654296711055,-0.41101579946571154,0.28264333873890035,0.7500733210134647,0.08450858341989737,0.28144268966947394,0.8236641427180166,-0.4103417352312624,0.47769251072294994,0.5663483975825698,0.15362950020944832,0.4784540453000047,0.6411312547718362,-0.44059933434097726,0.48369475573349474,0.5910424396091083,0.1762300484705317,0.4885422255237055,0.6669430531704013,-0.3278627589270888,0.5274634606586865,0.4346116959773367,0.16696152604332304,0.5546071331220978,0.48720616993744953,-0.3632183604063339,0.5375587110534967,0.46094870358000845,0.1956168091334632,0.5653389335212727,0.5055691456998446,-0.45045611149438214,0.5691641975236071,0.4942886223916746,0.24541778428982203,0.577861157852883,0.5012865383900984,-0.29596471262055657,0.6436812004261314,0.9993215537620257,-0.07723381657599449,0.6485992047711503,1.0913831380499628,-0.20044658453431602,0.6226833751518859,1.0233789411944922,-0.17479647490107209,0.6583531551477304,1.0780116742514125,-0.28622782934666724,1.0790740317184737,1.0831940530559936,-0.1350879813718887,1.0777947314167688,1.1621672621852925,-0.23316162171802246,1.071093706126125,1.0567032261324276,-0.17166709805601305,1.0813388323465443,1.1331011719372786,-0.2821001390640906,1.126090116068502,0.9339088371951769,-0.07053877935975142,1.1144595335840703,1.014607216149817,-0.21514638230792996,1.1114994072560331,0.8741737402433716,-0.08371330426580752,1.1077051239927354,0.9311369671520434,-0.26296972815144537,1.1083934848749561,1.1471037756554363,-0.1904529264571062,1.0992317295306764,1.2247818527963998,-0.10629225490112473,0.02604873139659312,0.5781813588374995,-0.13116186977446048,-0.20731872330032852,0.5826264414765752,-0.21108378901072636,-0.06761907048551022,0.6299055708867466,-0.06623046259444944,-0.08188171097703244,0.6650440673197859,-0.1429250630029653,-0.025180754287137924,0.5539521034007147,-0.07621450078113476,-0.031055252110426187,0.5668515902120776
848,-0.320049738143677,0.2959335893930117,0.9978379245623823,-0.09598859710074367,0.3019989326672099,1.0453236450791792,-0.3062262117555098,0.19763338049163415,1.1423604560345284,-0.1887570568901784,0.1906828423287094,1.1690543749475417,-0.17007327623337856,-0.07028779938608251,0.7764222443490902,-0.20871808992708696,0.0046780322333812,0.9955818552735684,-0.1881813215513418,-0.03951330294561706,0.8946561792293717,-0.3072899468962811,0.009487039337014523,0.7096116014603401,-0.009193666987976478,-0.0036735547754403906,0.7649735823735555,-0.41948156482089116,0.27153237964425403,0.6845431272325668,0.12313490783872197,0.2698389272970034,0.7864812623497526,-0.4156091983671896,0.2964611738884937,0.7436174451558162,0.09014821278506746,0.29616164046369386,0.8292923179335796,-0.40958390046363213,0.48873477940433196,0.5599486906792142,0.158103338480408,0.5047769431840944,0.6680052008995347,-0.4388433955049895,0.4934413675000011,0.5849268068518036,0.18168307943185635,0.5134642484121552,0.6928399438282693,-0.3224174700577322,0.5376364497902077,0.4228512064409823,0.17058959526655168,0.5791405069869853,0.5083304524342083,-0.35735903818625125,0.5494458684155936,0.451642813512129,0.19761450748950765,0.5849977348466587,0.527843379511719,-0.44243724711000765,0.5799818585461392,0.48255468213962777,0.2507204735108547,0.5971516500507645,0.5217782712695613,-0.2955991855438729,0.6523072001959949,1.0012340108427449,-0.07620225808147113,0.6537094816687693,1.0922520838109362,-0.19879502207420363,0.6303695379333256,1.0249334287815441,-0.17384635223897374,0.6659023331606163,1.0755255950525173,-0.285523720868416,1.0958099873887668,1.0859153198508624,-0.1257748159108928,1.0951566159109465,1.1584473840974252,-0.2320850358532218,1.0873000319434953,1.0595837272120545,-0.16218038345711316,1.09766231436977,1.128749146080506,-0.27844475767099475,1.1400088679976657,0.9302013862167838,-0.05907077658943657,1.1286942293165565,1.0054833211007557,-0.21205069708905308,1.126156195580716,0.8699300084076504,-0.07207800158683961,1.1213144136073554,0.9192674978355491,-0.2642562786459441,1.1247210972683228,1.1538053539268636,-0.1823211961449985,1.1155201423899195,1.2211469099546284,-0.11235999137808368,0.03550025484531261,0.5665341598180742,-0.13803718700040038,-0.20053208666587607,0.5720722659123098,-0.2161350592606563,-0.05871593269108734,0.6209999268570554,-0.0686448201326367,-0.07288281011746038,0.6534389663435411,-0.1496045069535069,-0.01737403368214903,0.5425123112616599,-0.08068318621228052,-0.0228546155561574,0.5535970978745273
849,-0.3230540826062087,0.30823147970855264,1.004699984707394,-0.09617929368166636,0.31305955439674127,1.0541423307245035,-0.30904991229666057,0.21286928868478716,1.1504550731542271,-0.1907328357081457,0.20611709698594138,1.1778427953149573,-0.17119784501695545,-0.06737231958530399,0.7850569123766564,-0.2111640549271702,0.013781954333257837,1.0058109362792322,-0.19054568353310058,-0.03360721237136958,0.9050967572947011,-0.31222180951368306,0.014846579063642545,0.7175813291321929,-0.009119648927445663,-0.0006851173907089444,0.7773223287196589,-0.42824650542255954,0.2792154725151592,0.6936434043707279,0.12626426446174618,0.28453909539990113,0.8062530268114927,-0.4204459714539116,0.30405541156920773,0.751778492401248,0.09293866557340535,0.30887872010575235,0.8496568795028773,-0.4214997842371317,0.4767368179537548,0.5482479867981727,0.1585624350055002,0.5260082684166366,0.6848892942569998,-0.4501606999388898,0.48284555101641136,0.5737675106170187,0.18365307224145472,0.5351426649061007,0.7108388325745281,-0.331947143215655,0.5177608422524496,0.39352147488301503,0.16503623935095774,0.6022950435869885,0.5275684161607056,-0.36680200218478753,0.534742838595549,0.4245956006420557,0.193825375162501,0.6092517866134791,0.5472517795788613,-0.4520020475499863,0.5654326933884549,0.4519578938742672,0.24839291857019702,0.624755553623794,0.5437697132914632,-0.3009049925480455,0.6676871062178522,1.0091623348972032,-0.0720861602853483,0.6697004066043016,1.1012519438384567,-0.2015148566624231,0.6458404648488805,1.0300993397087295,-0.16988085752107301,0.6838689001031627,1.0826867888275735,-0.2935432415577285,1.1126928727841765,1.098788001815426,-0.1216522289487371,1.1090457402074536,1.1742901147623566,-0.2401571753464528,1.1020427146103107,1.0684553848137024,-0.15874157256808452,1.1113718152776126,1.1444621828382888,-0.2904799129778862,1.152501916644876,0.9412254342881191,-0.05382713429772919,1.1405927672008913,1.01544584925662,-0.22542854328600412,1.1387522024729446,0.8750083161904998,-0.06684585895785267,1.1335913481757367,0.9275484854702114,-0.2726312320634518,1.1394994257700857,1.1681194025402115,-0.17989515772168996,1.1271178650344067,1.23721990244165,-0.11991210949647432,0.03362777703726637,0.5691139528683542,-0.14312954919345156,-0.20320325400347683,0.58175351686547,-0.22068209715086703,-0.06046620243959808,0.6291455313157615,-0.07036500685382435,-0.07334891594506646,0.658829360165083,-0.15745473800117307,-0.02066783394131374,0.5469678275731136,-0.0865770713372798,-0.02522260917299144,0.5571259319602294
852,-0.328661789448045,0.3194503136817778,1.0208645310200755,-0.09508085713596895,0.32324794234398785,1.0706553040923605,-0.3129329151669339,0.22655331351266503,1.1665445098171325,-0.19166772599994897,0.21920001551431267,1.194872198297372,-0.17416165436230613,-0.06464804804738306,0.7977213468257005,-0.2141955889469835,0.018608379564425924,1.0220873088183555,-0.19387072040747305,-0.030174055500686657,0.9201584663048323,-0.3202269620625642,0.023679721686362128,0.7295850663019288,-0.008419513788589275,0.004525210167217744,0.7912182900638871,-0.44153221543659726,0.2947147570843873,0.7072866267112359,0.1313526145867278,0.3032057045689782,0.8326050858340133,-0.43125913105335534,0.31903283739564786,0.761101202960973,0.09914749873698553,0.3244083008653209,0.8748364108088377,-0.43120926100125795,0.4844449732333991,0.5576475439516937,0.15949422245480943,0.5526842589510036,0.7156106888441522,-0.4602448853867216,0.49108597182757563,0.5799189665524427,0.1861842731298488,0.560964841307573,0.7404093018913349,-0.3321259408194708,0.5151553677028303,0.39747427359250276,0.15966216101566616,0.6274948030393386,0.5567040065974278,-0.36519335133064595,0.5327980351944723,0.4270047109915672,0.18897338248017792,0.6310642673441265,0.5718057410375315,-0.4514255093422588,0.5640345460606653,0.45100193080014894,0.24808435090447,0.6493521922576062,0.5679333460635416,-0.30683769820892215,0.6757805847251506,1.0159604561901192,-0.06308293747377658,0.6768973425952123,1.1083380054513041,-0.20378573535103703,0.6530448894694946,1.0338935180004896,-0.16365182593142819,0.692847307039453,1.087235350854547,-0.2983047368209414,1.1247447221448312,1.1073727563723077,-0.11206167946338168,1.119543674390695,1.1813389990043346,-0.24463252622129372,1.109828065508045,1.0713372525206304,-0.149595191196656,1.119140513750307,1.1488933900861968,-0.29728816003292013,1.1613128529402106,0.94578477677952,-0.042759536908292275,1.1490624260343965,1.0135704548812676,-0.2326629843564189,1.1467145362614364,0.8738237850921251,-0.05581203074702835,1.1413217786276535,0.9220685830651614,-0.2776776590213397,1.1478940914555578,1.1783877657173316,-0.17170462436961337,1.132396049534149,1.2450300521115458,-0.12783400932974648,0.0324375367085355,0.5745651859789853,-0.15061634292237336,-0.20936084780599684,0.5957547060839967,-0.22809923094952939,-0.061008164239360965,0.6404397448235856,-0.07238734490896102,-0.07334697307147237,0.6680957121383589,-0.1663789137134546,-0.023991791303600435,0.5541551769827382,-0.09256903878417225,-0.028288368142995665,0.5632820992119578
