Frame_0,Freeflyer_X[m],Freeflyer_Y[m],Freeflyer_Z[m],Freeflyer_quaternion_X,Freeflyer_quaternion_Y,Freeflyer_quaternion_Z,Freeflyer_quaternion_W,Left_Hip_Flexion_Extension[rad],Left_Hip_Abduction_Adduction[rad],Left_Hip_Internal_External_Rotation[rad],Left_Knee_Flexion_Extension[rad],Left_Ankle_Plantarflexion_Dorsiflexion[rad],Left_Ankle_Inversion_Eversion[rad],Lumbar_Flexion_Extension[rad],Lumbar_Lateral_Bending[rad],Thoracic_Flexion_Extension[rad],Thoracic_Lateral_Bending[rad],Thoracic_Internal_External_Rotation[rad],Left_Clavicle_Elevation_Depression[rad],Left_Shoulder_Flexion_Extension[rad],Left_Shoulder_Abduction_Adduction[rad],Left_Shoulder_Internal_External_Rotation[rad],Left_Elbow_Flexion_Extension[rad],Left_Elbow_Pronation_Supination[rad],Left_Wrist_Flexion_Extension[rad],Left_Wrist_Radial_Ulnar_Deviation[rad],Cervical_Flexion_Extension[rad],Cervical_Lateral_Bending[rad],Cervical_Internal_External_Rotation[rad],Right_Clavicle_Elevation_Depression[rad],Right_Shoulder_Flexion_Extension[rad],Right_Shoulder_Abduction_Adduction[rad],Right_Shoulder_Internal_External_Rotation[rad],Right_Elbow_Flexion_Extension[rad],Right_Elbow_Pronation_Supination[rad],Right_Wrist_Flexion_Extension[rad],Right_Wrist_Radial_Ulnar_Deviation[rad],Right_Hip_Flexion_Extension[rad],Right_Hip_Abduction_Adduction[rad],Right_Hip_Internal_External_Rotation[rad],Right_Knee_Flexion_Extension[rad],Right_Ankle_Plantarflexion_Dorsiflexion[rad],Right_Ankle_Inversion_Eversion[rad]
586,-0.267875071691933,1.7584517916147033,-0.3850037177270224,0.641208800640339,-0.09225270343568993,-0.6855416338346588,0.3322248951681545,1.6186776862427104,0.18805978956966993,0.09398765400506494,0.9018757966576456,0.13436518664475258,0.5938244373656669,-0.7853080377258439,-0.7853906893409724,-0.39269747064064786,1.046428170956387,-0.3949438433066733,-0.34906397276618556,0.041224813458591594,1.1744871975444717,-0.3705807721223784,0.2631334011405993,1.1378836493901126,-0.13444534727353763,0.021355021505462507,0.8034035467086681,0.0929078666691341,-0.09805003217043239,-0.29551906855974097,-1.2264729161828871,1.3195411134545367,-1.4888498120628189,0.30114821883581494,1.0647314625140107,-0.0545893890317806,0.09683231527016666,1.4768523673474718,-0.032751123307353545,-0.34177408219337846,0.7913399247568927,0.2223216131513982,0.5013217723948259
587,-0.25752541694756437,1.7676048244616476,-0.386148837484378,0.6410210030450982,-0.09117838494576473,-0.6912700146297323,0.3208182392688232,1.6620639477668595,0.18337815880849292,0.10844797063300178,0.9526007473513095,0.16550288180413483,0.6047325106938733,-0.7853147848964055,-0.7836006367257201,-0.3926975853425993,1.0464860581346578,-0.36971760827779043,-0.3490641248087216,0.0384052468277021,1.178771363327672,-0.4066429814913294,0.2433983960550543,1.1522032999599132,-0.18292489525519523,0.025740390053156568,0.7757924562374945,0.09434137484865564,-0.11562009309837504,-0.2903698494912494,-1.173306286831942,1.2144124887575931,-1.4125013766140875,0.27856210242312884,1.111935437624118,-0.027283443884230235,0.030665041624904153,1.5471055439781163,-0.008756080559809134,-0.35218347424643187,0.8605265449803656,0.2376455299154983,0.5037102978141506
591,-0.25108276664635665,1.7734252135237558,-0.3893308371953331,0.6416567996097893,-0.09268980166545962,-0.6946568223611711,0.31166817503367394,1.6995106529251798,0.1723377810363175,0.11204714188587449,1.003693919750882,0.19710448126490598,0.6157381554101727,-0.7853210260291751,-0.7837354389712912,-0.3926976914419043,1.0465396037745585,-0.3611076718731061,-0.34906426544806746,0.04284073858125311,1.1839365632427183,-0.4237260894335644,0.22514351635092522,1.1701828085533958,-0.205561126917138,0.03044117255183443,0.7414924826737417,0.07094261333200744,-0.11962247932618715,-0.2661305951922939,-1.0985319911153646,1.1536249151635127,-1.3220367478191888,0.25766994474139426,1.186246603349218,0.008089014689528896,-0.030539686496963665,1.605391768765987,0.013538634722185512,-0.35491440746107117,0.9127107653259928,0.24269991673600863,0.5096786289597567
592,-0.25335296643216526,1.7676017387012732,-0.39099159636244685,0.6419801874627293,-0.09614071862288762,-0.6924545232872363,0.3148414431218351,1.693804764391958,0.15748111830592149,0.09430927544072404,1.0127251920447071,0.2143510432109953,0.5993301765580256,-0.7853267990769869,-0.7838601310484444,-0.39269778958376145,1.0432157754216835,-0.38255956283580994,-0.3460003314811407,0.06250678083504516,1.174939696417425,-0.3934949462287384,0.25312730525341226,1.1726920602644961,-0.16199294652289045,0.012582931833192031,0.7323201896199102,0.05645168877498043,-0.09877243157788464,-0.24053475008071093,-1.0311800437368006,1.1955414761108174,-1.2598320717944382,0.23834469888578969,1.23562766855646,0.019515330262915184,-0.056547399195259036,1.5934468941222937,0.01765228774144422,-0.35413536724280925,0.8804162073322832,0.22442996296729828,0.5192858935079673
597,-0.2546487457007738,1.76200898328068,-0.39131698330067705,0.6412802006407633,-0.09828503006077045,-0.691826369606312,0.3169795442129449,1.6951868502977883,0.1534576764172108,0.09421357225973033,1.0195096986540977,0.22345011672870724,0.5928121394449637,-0.785332139146213,-0.7839754712198113,-0.3926978803649793,1.042053688898866,-0.39253455868396014,-0.3453709365508151,0.07745391153842521,1.1735583088232142,-0.3626909661297434,0.2660761801584664,1.1606559762572497,-0.13252013178583907,-0.004002861110182351,0.7350488959568262,0.05432464452045682,-0.08954218057729527,-0.22519120999850556,-0.9737402300770354,1.2068568886825146,-1.2036540331103454,0.22046884646935547,1.280612162158724,0.027811490116106036,-0.035942521642296936,1.5872908599122761,0.018065700086592817,-0.3589137779795589,0.8710212436761532,0.22054985542029945,0.523469362444354
598,-0.25461185016612703,1.7585517120581418,-0.3891331474621934,0.6392196475047721,-0.09872713927013238,-0.6945994507287702,0.3149330044036374,1.7125845017001275,0.17229301054693688,0.1281976961779173,1.0220408213546222,0.2112461508257781,0.6072560789865913,-0.7853370787102472,-0.7840821608783254,-0.39269796433760584,1.0424396622314511,-0.3807908818418969,-0.34564806630950395,0.056062818666089496,1.1766710001180662,-0.3847272246636508,0.24974327773002591,1.164043178539989,-0.14982317155802805,0.0028132869256084197,0.762394534898589,0.07525526097106479,-0.10923373798993144,-0.22159856077496662,-0.9324667231390666,1.186772808404134,-1.1783653162254444,0.20393368298415385,1.3260914642667105,0.04569605051512604,-0.05056308609725481,1.6003575729673258,0.010746056855071611,-0.3654716558012275,0.9207059600986223,0.24745422270937872,0.5178326589730545
601,-0.25646653846114525,1.7560300821451635,-0.3867602900290059,0.638591470752776,-0.09761689960713722,-0.6948836915805405,0.31592487962852295,1.7059845498919137,0.1814067265755218,0.1423869445610691,1.0014105123733292,0.19086407764363109,0.6206167230625971,-0.7853416478069787,-0.7841808488124511,-0.39269804201228536,1.0427966875640924,-0.380790264041927,-0.3459044113362911,0.03583635762737999,1.1739837388574792,-0.41104243129868606,0.24939974835158069,1.1708216745823525,-0.15602974855794563,0.011493497535032966,0.7905871092046556,0.0914168628054197,-0.11191886739429951,-0.22719961311753872,-0.9182224258520579,1.203759645978603,-1.1677061241833775,0.18863865676034228,1.3584295506720112,0.047400759186623447,-0.019623213487940397,1.5832665289990544,-0.00225660820519735,-0.3678370833625414,0.9239912122756596,0.26053619820297036,0.5080488057645323
602,-0.2543894755525369,1.7640139927933667,-0.3866780619709814,0.64295677806736,-0.09330637070344872,-0.6923766862107205,0.3138710358017314,1.6845375354856553,0.16184265743293824,0.1145388768824456,0.9758913961038209,0.1812365967087467,0.6053566685277809,-0.7853458742214554,-0.7842721351515173,-0.392698113861364,1.0431269359967856,-0.3892294499909762,-0.34614153048606927,0.028635323234562943,1.166221191713694,-0.4442074992753783,0.25196201874861757,1.1779949056489551,-0.17282011067496805,0.030883878210245845,0.787053933697102,0.06878458107065212,-0.08730152628292938,-0.22931038000951667,-0.9339192712412132,1.2201264906549911,-1.1493491994001444,0.17449075750331658,1.377915253979896,0.03734619608623138,0.014195959434343165,1.5614319159810608,-0.0010679663922228706,-0.3616349205042177,0.8832818313022686,0.24961363655648408,0.5002185580881405
605,-0.250700882835305,1.7689772355626427,-0.3864157524658227,0.6447772539985791,-0.09171025944851016,-0.6922716204670416,0.31082394459544915,1.6793079276962422,0.15430102524566042,0.10145088751830654,0.9623820474775585,0.1737156130784378,0.5854467345367148,-0.7853497836548463,-0.7843565750151535,-0.3926981803217617,1.0434324157970265,-0.3886687236801083,-0.346360865699614,0.012135603515401813,1.1638875000213378,-0.48671067209535507,0.24349091167783266,1.197476691015495,-0.1965767028611031,0.048104224160997806,0.7815950594273466,0.06564380763709783,-0.07911313966537274,-0.23025277994423787,-0.9339258613785414,1.2241951939435125,-1.1336695257849028,0.16140395069056787,1.3951471918805673,0.03553293752236785,0.022154019794405323,1.560635442838845,0.0013523705279372233,-0.3590707019980602,0.8809152728113163,0.25116016799471125,0.4949195348221614
606,-0.24821146151503978,1.7610052743323616,-0.3860975099330227,0.640189869549326,-0.09765241158821075,-0.6950604489566335,0.312268970174154,1.6957404461331724,0.16442803777722081,0.11187454111467271,0.9759956739424571,0.1780503635354348,0.6004430794464614,-0.7853533998807327,-0.7844346818890169,-0.3926982417976296,1.0437149846122495,-0.3818037944318974,-0.346563750772143,0.010699902425278638,1.1707105760605379,-0.48753426040339537,0.24390325605692326,1.2128425352689796,-0.18217923613603756,0.028828236094641375,0.7770622993149112,0.10486689260129983,-0.09555550956893341,-0.23154468370863346,-0.9074634567567593,1.2367791318476242,-1.1341676619451797,0.1492986543887753,1.3891082368994379,0.039778371283653996,0.02763888579303198,1.5794455724432397,0.0014486098285949114,-0.3663603254373661,0.9191811671411957,0.264569462325425,0.49789684127808637
611,-0.24397566150725214,1.7555660700848943,-0.3868009592892573,0.6376327482801236,-0.09959787442815206,-0.696376381441353,0.31395011880994345,1.7036422296714246,0.1695084884148198,0.11305453958790634,0.9909747837406025,0.18605733020999105,0.6143146984879768,-0.7853567448896779,-0.7845069307473406,-0.3926982986628073,1.0439763607663306,-0.3842979899391279,-0.3467514194642322,0.022373535493492632,1.1741440730074946,-0.4712875101767556,0.2557183267744925,1.2154180807108557,-0.16130184065235884,0.014614864406664216,0.7643627098751544,0.1215671110537595,-0.09651237905948937,-0.22944845444231568,-0.8818758083847471,1.2448901148680738,-1.124741898599172,0.13810125530961714,1.3780912881606453,0.04478175847853598,0.030315397725809653,1.597592656420822,0.0070631130762538255,-0.3670295017514748,0.9324519178505473,0.2590452526603497,0.5078372021981473
612,-0.23924312325224298,1.7525716259781474,-0.3870401563664942,0.6379451165744958,-0.09305641716429953,-0.6958068844727913,0.31657433721570755,1.695163140462174,0.18211620722050184,0.11672844614112153,0.9956110119001311,0.18371237469284563,0.6271459461013785,-0.7853598390229521,-0.78457376094129,-0.39269835126309677,1.0442181337088556,-0.4019270300691531,-0.34692501300441475,0.030134815122204946,1.1695845916295986,-0.45321565421333476,0.28387310675002075,1.1954262123225072,-0.1396987149372522,0.019471000236199583,0.7678386803701215,0.10461794276328588,-0.0747522713748709,-0.23411551689316343,-0.8732937540388163,1.2546019793848666,-1.1038015372250052,0.12774366116139585,1.3725809903816375,0.05161759017078177,0.03217358726655981,1.603917821273914,0.010295269596270088,-0.3568597995527636,0.9113121581530976,0.23327904340887293,0.519467656324564
615,-0.23405814900315206,1.7467101940314684,-0.38824204321073147,0.6369532130600966,-0.08895331871631355,-0.6961487837278667,0.318990254358946,1.6720974157173214,0.195471317507081,0.11753481505303422,0.9718601272211576,0.17328391685120292,0.6301756362195975,-0.7853627010962309,-0.7846355788706935,-0.3926983999183645,1.0444417736806917,-0.41701422226226037,-0.3470855870290836,0.02005329282672413,1.171632434101278,-0.43790221606635893,0.29845973373975987,1.1683365399527772,-0.11498589075215862,0.018543625800975256,0.7712792305205931,0.09772000964909613,-0.07446683036314529,-0.2336788216166236,-0.8714304461893556,1.2581291864469448,-1.0833619003754495,0.11816288657429116,1.3615911396225662,0.051448769693666165,0.046970095971598166,1.5862969931030162,0.01134088935480952,-0.3549394616650746,0.880762790416706,0.21670827432404746,0.526525977736649
616,-0.22650990675208846,1.74563250641443,-0.3925390145525033,0.6375211325332865,-0.0873374926785616,-0.6969409005934128,0.3165633412543855,1.622807220598208,0.18876686044972746,0.09434916659607381,0.8989706176795709,0.14665278309312302,0.5952626794974728,-0.7853653485140135,-0.7843611368755645,-0.3926984449244872,1.0446486406546398,-0.42016380874907616,-0.34660059155957407,-0.024382190531360932,1.1786745679347272,-0.4598118457884071,0.2783688242404895,1.1625851242183594,-0.11315567985246833,0.020382582932735784,0.7590657252806553,0.09469564165031759,-0.10859142672896416,-0.2157244630132187,-0.8941652708205786,1.2351486446746003,-1.0680497716646726,0.10930067008121933,1.3504792532447003,0.034955830235128535,0.08217914216452543,1.5220344034784283,0.013576664971811219,-0.3667451598440037,0.822790788459559,0.21589709839913662,0.5195567938424994
621,-0.21924632387866042,1.7419511847839357,-0.39422783488689084,0.6363488207073796,-0.08878937902069298,-0.6982813200164965,0.3155627079891823,1.57246438501089,0.18555854457916368,0.0766849841615068,0.8315478213536031,0.12361543852454766,0.5495247144832996,-0.7820881632394819,-0.7830629686590859,-0.3926984865551506,1.0448399926055416,-0.4247126234134086,-0.34678549719260604,-0.05382090754176455,1.1766180748337969,-0.47680748451831584,0.26991261801912375,1.1566272537964108,-0.10748232515488265,0.0276550506762986,0.7619002420809096,0.08149195730960217,-0.12939034845765313,-0.21241492179035168,-0.9125818746064511,1.2311202091196698,-1.0491815886883649,0.10110311982512787,1.34211202995077,0.027206607236019864,0.10220557459960829,1.4709706816804835,0.006282153540630013,-0.3883283866321695,0.7856810337607405,0.2140543809878067,0.5045879816540442
622,-0.213569868188829,1.7312712844644917,-0.39088386230013106,0.6304176681805949,-0.09776976518237646,-0.7033615525373331,0.31352378390513935,1.57533048380797,0.18767962132039262,0.07808851798875213,0.8362564794031829,0.12618191891673244,0.5455529415132341,-0.7823364009965207,-0.7832380960096544,-0.39269852506351427,1.045016993160126,-0.4177825576506855,-0.34695653490316064,-0.014796118588616222,1.162293265794975,-0.446230348844936,0.2952933098475862,1.1405944362494451,-0.09211492896676607,0.017264796262032353,0.7781511547341278,0.08407434008473387,-0.12756261902832194,-0.22266375265607533,-0.8730755777309702,1.2543594944308956,-1.0219608544464909,0.09352038583824329,1.3433548078120512,0.04707902101602972,0.08723039390678711,1.5012242360448744,-0.008130856346530258,-0.4194209258049452,0.8486959978293767,0.2272295717164683,0.4912843446508058
626,-0.2088902028015835,1.7293475518483035,-0.38923255082340036,0.6265965132161576,-0.10098805955593002,-0.7074019535136743,0.31106381598880783,1.5886038113962815,0.1854756681284448,0.08110161317221945,0.8573204961345141,0.13509544598272602,0.5525725893983742,-0.7825660209217815,-0.7834000888089304,-0.3926985606837507,1.0451807186731166,-0.41435563954761995,-0.34711474478542365,0.01956335858591066,1.1600585669923185,-0.41843484814725557,0.2934412042292986,1.1228422264262023,-0.09467411163396852,0.010286683121126603,0.7806843615239671,0.09523662817167494,-0.12427940077472961,-0.23214392120686964,-0.8615416693672596,1.2696380954519684,-1.0181063247332522,0.08650635690037504,1.33538995011753,0.050917924011824135,0.07524951868027771,1.5245178070960732,-0.015206121547387107,-0.436058753969489,0.8922974812199652,0.23943767954429693,0.4822840126866135
627,-0.20584498030609585,1.7414908226558847,-0.38935861243526465,0.6282654182186582,-0.0887637303647752,-0.7076989213030953,0.3107503841167364,1.599386945653662,0.1904328909864022,0.08581661774249144,0.8878792283107224,0.15601356833713062,0.563171362861789,-0.7827784193526478,-0.7835499321482606,-0.39269859363246945,1.045332164772633,-0.4307047446878471,-0.34726108892651686,0.01734505305516247,1.1725484542902942,-0.43994781845472025,0.2743705281823562,1.1311552346304938,-0.10600088633586413,0.015001681464236286,0.7707110310581261,0.10630250785556505,-0.10631643374433893,-0.23142670457515124,-0.8794418177229025,1.2624697357539674,-1.0407356909482322,0.08001838013284693,1.3247477560824799,0.027148744066848515,0.08971185102628519,1.5312871758505637,-0.010115930980489614,-0.403081764391584,0.8685575564070005,0.23273356657883845,0.4968744201243538
630,-0.2026823915230294,1.745603558527215,-0.39033325235974603,0.6276634293836252,-0.08505103347518951,-0.7080059571280665,0.31230194650427584,1.6085927975636343,0.19286489993839148,0.0922234017185521,0.90619349078662,0.16591896751245194,0.575521733095236,-0.7829748879011992,-0.7836885372371409,-0.39269862411003426,1.0454722524146856,-0.44033147085925195,-0.34739645725702817,0.015506014447433951,1.1820460587379131,-0.4507017891577216,0.2649260749710005,1.1452263100609832,-0.10546161765654427,0.015634083862468298,0.765160162557579,0.1145792265587422,-0.08720472081498931,-0.23467908961655656,-0.8878307163643614,1.2662759547357862,-1.0479646934721256,0.07401700162288341,1.3193396413923457,0.02650600410643074,0.09274163116841228,1.5335937514882958,-0.008428266617942605,-0.38548433024151063,0.8537094104387546,0.22766675218377247,0.514008660672789
631,-0.19733944555086635,1.7352804259177936,-0.39554965437339246,0.6238595927574949,-0.10053176251868413,-0.7068296750721859,0.31793770409733996,1.5680600153474862,0.18206733768362846,0.08373348326790792,0.8382289789776234,0.13070516608551572,0.549645956836605,-0.7741139308795474,-0.7828712277252157,-0.3926986523017817,1.045601833483584,-0.42969672604383974,-0.3475216729627511,-0.011313177832350344,1.1881444834882784,-0.43886837069050527,0.2603144663821254,1.1358290038423011,-0.0951076285988081,0.011628324605970694,0.765872491332333,0.1053145491745109,-0.09870920519163172,-0.2268877483202668,-0.8888028998727061,1.2645993818534151,-1.0019261474212444,0.06846572650116717,1.325502628711779,0.06043274817046193,0.09061306199112754,1.4711460196465342,-0.013511785505448693,-0.41337767046615675,0.816614634106177,0.22439632316910035,0.5002699245513403
635,-0.19435144907576338,1.731680098712008,-0.39859071330515256,0.6222268557755217,-0.11156316069487794,-0.7023287264673134,0.3272946090394381,1.5176710758830725,0.17700141649413348,0.07754334386718836,0.7885293745239824,0.11721287138722375,0.5131575591634875,-0.7553799055730713,-0.7830607356458243,-0.3924801654317192,1.045721695972315,-0.42970264282521403,-0.34738466492946357,-0.054551847913986484,1.1946280799389515,-0.4482718050599928,0.2538820365144728,1.120722899358944,-0.08697977978963722,0.013724979745739985,0.7642733593870197,0.09191069961873251,-0.10315410018252114,-0.21348924497790137,-0.8740403174372884,1.25157605956313,-0.9583977220503649,0.06333079701357962,1.3290781442725024,0.06806342334564348,0.09209183901855689,1.4149074476646646,-0.009259870889867393,-0.41840016662586826,0.7776106477460862,0.21435634329716904,0.4924812178097811
636,-0.19560686241775208,1.7393549413729137,-0.39622066399646927,0.623795141995373,-0.10414610563918199,-0.7015831288522368,0.3283509141346652,1.552004424192141,0.1735638047756168,0.09120311567761766,0.8585211145796932,0.1539496595410976,0.5205244422913511,-0.7576312626550908,-0.7832360304723877,-0.39249657802434024,1.0458325687743917,-0.44359339191478325,-0.34751076505975376,-0.06836874620439527,1.1928961092879982,-0.4748461813937986,0.26055001970072766,1.1172390605548577,-0.07791799420407165,0.014900504594842268,0.7499140673485296,0.08204402469360313,-0.08845750673465484,-0.2125124577330311,-0.8504108294265267,1.2464363686864561,-0.9858442013714649,0.058580987237561145,1.3257638589244527,0.041592866936517,0.0772201796483244,1.4676832162463718,0.0096150143641123,-0.398292015163305,0.8138124527584656,0.2035661626079918,0.5144499764740476
640,-0.19727484919683436,1.7409321862269704,-0.3947455619973478,0.6241437605463419,-0.10372037805531785,-0.7022373816078669,0.3264189167613598,1.578035640844151,0.17191401466463982,0.0941883452836487,0.8957244557105167,0.1685909343594036,0.5381670737621271,-0.7597137679559589,-0.7833981781869586,-0.39251175967251467,1.0459351261163126,-0.44627249845041483,-0.3476274076802723,-0.07423077096960669,1.1863841989446293,-0.48928809511696736,0.27321269097444717,1.112237596114685,-0.07016629144296847,0.011968285413456443,0.7452156090429974,0.07118346930379638,-0.08087778853726145,-0.2201744414667344,-0.8378999294231244,1.253918394952891,-1.006576169110516,0.05418741319474408,1.3239474203383768,0.03425719510521046,0.06911195641382858,1.5025680696214851,0.017165593996976435,-0.3897714236901522,0.8527073737937015,0.20777664819776429,0.5347710782384941
641,-0.19944640155095147,1.7380051582075957,-0.3934722069889311,0.6235142586668871,-0.10844175051173786,-0.7051569319607492,0.319724971331198,1.591385164045077,0.18622518977414587,0.07840124093510438,0.8846744994118032,0.15661283153941682,0.5567093932299675,-0.761640085359262,-0.7835481648229367,-0.39252580269707604,1.046029991657589,-0.4349019715223425,-0.3477353021042518,-0.04875350350509863,1.178414627119787,-0.469264831913495,0.2832403316959499,1.110164113396417,-0.07788625175884106,0.008596806952780684,0.76745616294859,0.07555207128916082,-0.07539419470462422,-0.22984130835672928,-0.8139541833139001,1.2657214195517608,-0.9625418339963344,0.05012335720513827,1.3214997389127743,0.04788644656822657,0.08557558909052929,1.5020492616174603,0.0037041562219433007,-0.3833445735462933,0.8698086453563476,0.2372496195825191,0.5293365600248475
645,-0.20346979882619215,1.7406848942901583,-0.3918508952630424,0.6224683039490841,-0.10829331597324554,-0.7073160019313487,0.3170328716491738,1.610526242519896,0.19708279100325596,0.06970624862940089,0.9026633677027577,0.16002126613435272,0.57386103873772,-0.7634219289573172,-0.7805133653716827,-0.39253879249479534,1.0461177422832701,-0.428993235454299,-0.34783510444643284,-0.021738592221813784,1.1752057026921856,-0.4469103115768652,0.28137036086826805,1.1088895826245162,-0.0894791852623719,0.007884960644744815,0.7753709898018267,0.08002613632071065,-0.0672240742583444,-0.23878316022997456,-0.80037386282512,1.2759282708397088,-0.931777505154596,0.0463641054147529,1.3106538050725658,0.04430011446685518,0.09836239442930483,1.5298480000523915,-0.0021339620524304685,-0.3806806534141675,0.9040124403135932,0.25196722432129753,0.531022948237332
646,-0.20674685008773136,1.7474541439261266,-0.3942688630829371,0.6238117637228331,-0.10657750237499998,-0.7035003598919468,0.3233996955168889,1.5969812689016487,0.1776360484771068,0.062236700220925936,0.8995614885805491,0.15766647323356808,0.5806689877760225,-0.7650701342855185,-0.7808797129688065,-0.39255080805768566,1.0461989116120252,-0.43244707397457505,-0.34620473073466534,-0.04122031700698274,1.1813749729389076,-0.45060636650879854,0.2607204589735721,1.1036153483832232,-0.09585949595093635,0.0062144913870008315,0.7490332581502089,0.07145136504402286,-0.07055408850295926,-0.2301610669701636,-0.8116920178104721,1.2718749623677437,-0.9242360531305919,0.042886797508646435,1.3079810039517559,0.03535943916449592,0.10351945929693217,1.5597354815294653,0.01992475772686451,-0.39808973290983335,0.9228775282212951,0.22446543810962183,0.5462826658058377
650,-0.21029192735402966,1.7489701434133418,-0.395590397301008,0.6256027165585449,-0.10370675778557699,-0.700833538668239,0.3266473641435461,1.5881679893847547,0.16803789374677575,0.05799817465521732,0.893254802227697,0.1572085936953949,0.5731177046122238,-0.7665947242141047,-0.7812185844961461,-0.3925619224533593,1.0462739932411231,-0.43843732780654654,-0.3419169829868063,-0.04933304377800719,1.1789773499285563,-0.4467096468443712,0.246966975242302,1.1043046817484703,-0.0995274874613605,0.010313315617221751,0.7396263889480132,0.068649970018088,-0.07251320204159815,-0.22698961390918249,-0.810964257216472,1.2722893403708682,-0.8992886680810062,0.039670287695497956,1.310496769052282,0.03585550161361617,0.11799150166505344,1.5730053848862646,0.03129345166887828,-0.41282175874504057,0.9315798201700771,0.2130858893586954,0.5545124410242542
651,-0.21520043131452174,1.742818218455353,-0.3922940426650608,0.6282242298293159,-0.09683613278687452,-0.7015540547814031,0.32214746415580814,1.615857223338417,0.17849270384447133,0.06947014063250832,0.9340021507792226,0.18189518082062647,0.5804227670711921,-0.7680049698980468,-0.7815320406589351,-0.3925722032693573,1.0463434437480386,-0.4445678057582497,-0.34245315926279574,-0.02731897626816939,1.1664105387490822,-0.4362318179980202,0.2680301505797587,1.1176080293129527,-0.09544220067516157,0.01212765643787791,0.7607479422952583,0.07835095937745275,-0.06808830631690582,-0.23614534286599376,-0.7898069079791272,1.2727087535507282,-0.8897298126842103,0.04174373192377435,1.311914993126028,0.038499357420825345,0.12926420127804322,1.5897674324455942,0.023906717759918747,-0.4087907406311887,0.9517645417440108,0.23280214145627404,0.5509028667490334
655,-0.2202441888562933,1.7341409601920887,-0.3918274455640511,0.6296816746447983,-0.0920385413439411,-0.7000979308791001,0.3238715527838235,1.6227205857507578,0.1828786660652452,0.0841561356847931,0.9473717942404579,0.18900037946735196,0.57948384804867,-0.7693094471556933,-0.7818219876095148,-0.3925817130241555,1.0464076854669357,-0.454365034765754,-0.342949122318086,-0.02825205818238702,1.1613519772020982,-0.4370884021424465,0.2785852094440873,1.1263399851541893,-0.09287301320947813,0.016152926058602458,0.7727574847718361,0.086524790889647,-0.06792201436218266,-0.2446143921510442,-0.7946486501123117,1.2757996664763551,-0.8894391054901999,0.03887696540058796,1.3099307570101264,0.04078174624229638,0.1380287256542046,1.5896466981270265,0.02062603982398662,-0.4079258866273001,0.9367695094969608,0.22915167036388384,0.5427077389195301
656,-0.22452452452803748,1.721641898135085,-0.3957025509779113,0.6287701449142202,-0.09480280276623734,-0.696827800783837,0.3318004664056059,1.5992600961392545,0.18515651684748197,0.08907726136325517,0.9057439214991215,0.15937757951541065,0.5764733346037443,-0.7705160886190164,-0.7820901885388012,-0.39259050954734387,1.0459483075861107,-0.45935962706859673,-0.34340788814422957,-0.048251567939808775,1.1644533323782247,-0.44519887829663873,0.274384267639299,1.1092387587392416,-0.09945270075318743,0.02249948108623466,0.7758361944946486,0.09389177249283306,-0.07466898848843832,-0.24108587917602875,-0.8150382259534826,1.269618950792903,-0.8857117629998961,0.04664126606888742,1.3077889173654673,0.04483080858522969,0.13928160779182644,1.5608815571655517,0.018573425438962593,-0.40403775918132984,0.8727118955975278,0.20080056209206723,0.526612934544632
660,-0.23128827254784037,1.714189920482224,-0.3960934189455787,0.6290699381646009,-0.09693161971762565,-0.6974204420377762,0.3293630231588477,1.605918541895531,0.19245167498603905,0.10443849788392555,0.9027819411515988,0.14764068921818332,0.5908868662088685,-0.7716322319725902,-0.782338274398391,-0.39259864633129316,1.0460421845171521,-0.4546288534997014,-0.3438322465334124,-0.0550327798756154,1.1587569269924445,-0.45809883769492993,0.279238371676592,1.086649775906116,-0.1061882157228822,0.03150552728521143,0.7890396351953131,0.09628881645043318,-0.07207905658874059,-0.2464999637765857,-0.8179179231342665,1.2713982378708868,-0.88581917638468,0.04991596598535693,1.301839095269531,0.04457368812290353,0.13866193445546587,1.540435955658421,0.005545391128877931,-0.39298218828857245,0.8344009011014422,0.19844382864901078,0.503608993290099
661,-0.24115075625382706,1.7246343713116845,-0.39319463590607395,0.6329966089557532,-0.09713447003077459,-0.7026351716354492,0.3101354596997587,1.6581287865589704,0.18974600620080098,0.1304261646912332,0.9643224177585568,0.17037961211013197,0.6054752012432035,-0.7726646645746461,-0.7825677538185116,-0.39260617285644617,1.0461290206783658,-0.42979478595376647,-0.3442247780434064,-0.04337735933567518,1.146654007905163,-0.4758991822133128,0.27887344500457883,1.087435497431345,-0.11441824492370183,0.04213541879676308,0.7924314847946131,0.07972657833506495,-0.057677232916959746,-0.2541924164933418,-0.794011757419086,1.2787997015703079,-0.8915297038474134,0.04617226853645516,1.2984817463391962,0.03293542886283332,0.13592942982029485,1.5628212347461665,-0.004063735971315366,-0.3812640234226135,0.8829851439019709,0.2321322755313992,0.5018765247028352
665,-0.24849206329225043,1.7219611407702229,-0.3901000224149122,0.6345893277684187,-0.09941051346188488,-0.7034278833242733,0.30430765330106846,1.6452240744545095,0.19186013778543753,0.1444990571979512,0.944486389184172,0.15885981617769115,0.6189694111499632,-0.7736196647315475,-0.7827800222821233,-0.3926131348922127,1.0462093441274884,-0.41079696568448265,-0.34458786969015087,-0.06844697423957756,1.1381362612378578,-0.5558678948750758,0.3183142887540461,1.1171837015909325,-0.1496336220932943,0.06212929322227143,0.8132056833354795,0.0836888202823282,-0.05968492588690367,-0.26130793525634116,-0.8141520383522541,1.287655335205866,-0.9424749760588574,0.07364211174067263,1.262432761132138,-0.025543945885653833,0.17003674671794736,1.5300982880430876,-0.02007636858739012,-0.37325759932079894,0.8627297785418669,0.23957319146977865,0.5005426871232099
666,-0.24932263303486865,1.696189933352398,-0.39315212612042627,0.6397349506354991,-0.10222979920293604,-0.692899080880827,0.3165108604847996,1.5789890225776453,0.18678203945280286,0.1278380084820589,0.8736499099953592,0.10013541591133901,0.6088549363155932,-0.7702266309536062,-0.7666137932100445,-0.3874455383139901,1.0105521437722145,-0.39420579340483713,-0.34273627704489806,-0.11024004321874388,1.1517218363686499,-0.6268320344144352,0.4122810773871749,1.1301755222749996,-0.22145538446095428,0.11081625375276995,0.8485702163923143,0.12518679291128398,-0.0869446066309866,-0.23970944172056513,-0.8224572846623105,1.2755373368050862,-0.989599352854443,0.18243082465845423,1.2083293464150369,-0.13197053488837263,0.21618884071410133,1.4640414363256296,-0.016686745722052542,-0.35324413650940845,0.798025045151227,0.21030103322360863,0.49870701826643116
670,-0.25310597051602934,1.684707036175529,-0.3934202589721451,0.6440665350802189,-0.10369263375165663,-0.6832270730534485,0.3280653940028168,1.5184377413198746,0.18414374371053396,0.11474424887374776,0.8081261667457074,0.05506804257336951,0.5977129922647416,-0.7665498737455734,-0.7470001111403392,-0.37233076647013275,0.9756040585536313,-0.3660034846141016,-0.34065909945493517,-0.13032897819203726,1.1661317380479888,-0.6976296318333527,0.5614971326658322,1.1441160361462113,-0.31548746875322853,0.1614098847213122,0.8893410365016075,0.16854168907317715,-0.10982679341904322,-0.1901351988425561,-0.7907848391363412,1.2329709946304674,-1.03318940139036,0.3237230429698926,1.1655475320549546,-0.23988274477174468,0.25887952766054373,1.3991832045432262,-0.019224646831659586,-0.34267411131435654,0.738173166764885,0.18603573532951162,0.4976915610059841
671,-0.2624748367707431,1.695794926994652,-0.3895402111984912,0.6463318952096868,-0.10495417967419558,-0.6787818310406952,0.3324077725514431,1.4815379918589695,0.19110872755653288,0.10400710126404504,0.7490480175446877,0.03689752995507518,0.5947109458582654,-0.7679634832146552,-0.7402437547845921,-0.3650603875678661,0.9586506782097993,-0.3568977383716503,-0.3383371891173223,-0.11185046596823796,1.1980206737467953,-0.7631174094458514,0.7157342227408948,1.180471225131464,-0.408024727583541,0.20820899336721377,0.9362284507263213,0.19564486656768396,-0.11546794351024915,-0.11360825931113527,-0.7263773762916813,1.1738392735683336,-1.073510196286083,0.4792950885255373,1.1471621590695036,-0.33970153891386384,0.298368413086003,1.3563066757812994,-0.030527586459161794,-0.33963126555536544,0.6829449532759645,0.17016354507316525,0.49875809748749605
675,-0.2699508521103851,1.6976211022377456,-0.39434634302708726,0.6477091554859803,-0.11287824108495058,-0.6728483541145298,0.33912600159022616,1.4450630292955535,0.19876939240091843,0.08908011679945024,0.7131659254041384,0.013126520839247858,0.5943783524472683,-0.769271071973556,-0.7274198956464965,-0.35536711002864096,0.9291298092022927,-0.35971046031943243,-0.33475126161619645,-0.07716128463638779,1.2635562114729901,-0.8236936037374125,0.8584035310603277,1.2454524237397062,-0.49109167692295186,0.2514981688646727,0.9666419233845396,0.20519593337367115,-0.11229137595646062,-0.05712616044968126,-0.6542389872431413,1.1709852706643133,-1.110806931564627,0.639697331911122,1.1672232450691884,-0.432033923495324,0.33489563210455275,1.3241230658274832,-0.03799850149536092,-0.3368599707600259,0.6420429638248665,0.14725806187686494,0.5003700073404445
676,-0.27511561320034716,1.6890974367760039,-0.4079458208939779,0.6494128006581837,-0.12710576563305626,-0.6669086727947849,0.34254920936301575,1.4022549689546808,0.2040929006052246,0.077317086446516,0.681351343399585,-0.01694683264638478,0.5943020616403609,-0.7704805915755393,-0.7139826962282667,-0.3493836749423959,0.8915359826651074,-0.3708238553867877,-0.33582486699498165,-0.044972656985100605,1.3596902407854932,-0.8797265834571065,0.9903726412558033,1.3269072463819949,-0.5517676874256463,0.2915406561998222,0.9778629295375664,0.20104802590725093,-0.10352736549451617,-0.037898388976554176,-0.5832909352807839,1.23210761222656,-1.14530641169728,0.7880694070427879,1.2206454919941463,-0.5174413792331747,0.36868330969671126,1.300633169560325,-0.0462322030020905,-0.3420774465110098,0.6127721800267386,0.12002918884301786,0.5014789833434216
679,-0.28290884578710446,1.6961508216643355,-0.4193693569146278,0.6496607077668721,-0.13699660610688721,-0.6665054793736027,0.33903294923060984,1.3788526912304495,0.21524598543914564,0.0673974606964467,0.6662098446492144,-0.03269404508912621,0.5949647055848161,-0.7715993972073739,-0.7129440130805994,-0.35037034147041574,0.8816905343382492,-0.39102864524601505,-0.33681795197035796,-0.026015497522258804,1.4524582863022764,-0.9063517799977978,1.112444068186618,1.423114533908547,-0.6024947111460979,0.3285799569848355,0.9778973725832352,0.1866325792658265,-0.09073294198240696,-0.05083667303632129,-0.5057866639500425,1.33499397967859,-1.1772184308199842,0.9253135765395789,1.3006049756403835,-0.5964432757906867,0.39993691146945787,1.2841389714257725,-0.057155603398248433,-0.3456273959368402,0.5968640519610627,0.1069747432319243,0.5014372290767668
680,-0.29386764650271774,1.7221060247444318,-0.4232623312544787,0.6510714533278659,-0.13054958730848482,-0.6705441816062921,0.33080699573780586,1.388027465756811,0.22738905008315108,0.05784407038857279,0.6692009352600867,-0.02602016447538449,0.5949717182806267,-0.7726342924168208,-0.7151358193804386,-0.3535449908601346,0.8941037442628806,-0.402630622026388,-0.3377365555725811,-0.03645067095281908,1.4815661488321867,-0.8921614006138622,1.2253601380976213,1.5354767180383686,-0.660169848614592,0.36284131021097277,0.9655887999332655,0.16777228303020214,-0.07869746487574225,-0.0732038725585972,-0.4694340115879565,1.394100122843457,-1.2067370485084852,1.0522644333241105,1.4031559328280474,-0.6695200301063852,0.4288464931092486,1.2713885284008968,-0.062324405354598184,-0.3392845213220287,0.5931680384665609,0.12065248230438,0.49939469598834935
683,-0.3021896271551353,1.7351993906539258,-0.42676103810682847,0.6516939190861226,-0.12743362954313026,-0.6725950062216586,0.3266062820787769,1.4046969198697914,0.23613552185373604,0.05205050796375685,0.6803026994039219,-0.015026835603538584,0.5940408183349141,-0.7735915704855594,-0.7181121064613711,-0.3564815415456245,0.9055859634431644,-0.41141394567356593,-0.33858626390463753,-0.05314834784094059,1.4890084924465035,-0.8701797186597338,1.3298075027652998,1.6556029519830031,-0.7280221602901961,0.39453306194514975,0.9484820571212722,0.1458109660669621,-0.0676972870000498,-0.09389353211670243,-0.4547234966210977,1.4292076907983882,-1.2159380735034282,1.169693975849802,1.518023048217956,-0.7371160278484064,0.455587856126055,1.2680361607748614,-0.06754131897036038,-0.33387449953938747,0.5927810646259516,0.13948688627747005,0.4964050132375548
684,-0.3050835606870163,1.7205978381955043,-0.4296886250276749,0.650138689426461,-0.13342166060422664,-0.6704807149910171,0.3316232136289443,1.4182666795865508,0.23965887706013395,0.05398651057368259,0.6888368789984488,-0.012083247202352336,0.5926134560288937,-0.7744770526991426,-0.7228515968475042,-0.35919785092970263,0.9162070161849272,-0.4120792253351826,-0.3393722441117898,-0.04897409206829111,1.4779753480894977,-0.874346901326783,1.4264213150829022,1.7670519805842777,-0.7912304982684313,0.4238479322992636,0.9350939040338628,0.1170549440163052,-0.05733196876475011,-0.11303146720794974,-0.4226004849879868,1.441582918888863,-1.2425527179906708,1.2783163026860669,1.639415455300153,-0.799642325759776,0.4803236169166009,1.2788966750825446,-0.07386688799752796,-0.33695685945697884,0.5890692502671442,0.1455111179538504,0.4927679186684307
688,-0.30884134392880225,1.7150503297447317,-0.426747571625392,0.6507176497611027,-0.13037829210170396,-0.6693454788529535,0.3339830402537528,1.4361280781319639,0.24008707689960573,0.061732243735729296,0.6955035819312355,-0.01291581346620263,0.5907600941459022,-0.775296123746707,-0.7255822633778258,-0.36171043710997486,0.9260314899710578,-0.40694114221943817,-0.3400992758034055,-0.037826798000650405,1.415604750330451,-0.8977382708666677,1.5157890914766843,1.870142332040457,-0.849698210898299,0.45096418737681876,0.9260175673497835,0.09335052409650599,-0.05314286456304399,-0.1307340571673535,-0.389301522884527,1.3991870187788271,-1.2671712641413706,1.3787919550096122,1.7520785461526416,-0.8574791513277926,0.5032041956478559,1.2871660574259383,-0.07521999233867581,-0.3379438628689941,0.5840071927366182,0.14745408386067904,0.4880069913405031
689,-0.31329341869900856,1.7264742914894127,-0.4214649534310423,0.653759066348894,-0.1190681775961414,-0.6692998034649552,0.33235466798636726,1.446598088759122,0.24362224168694932,0.0642244800108339,0.6995804920679345,-0.019492850800044967,0.5893849682516388,-0.7760537644657041,-0.7288143414443533,-0.36403457932672667,0.9351191282232284,-0.40657437279763364,-0.3407717801181501,-0.024061374230034533,1.3514256282140045,-0.944991326837318,1.5984542846409329,1.9655009071374228,-0.9037808450809266,0.47604672332355735,0.9117338254149818,0.08727060288026672,-0.05361503562949747,-0.14710895287980197,-0.3547499776733266,1.355479526680006,-1.2899434193307675,1.471731933408891,1.8562919051911935,-0.9109782149782082,0.5243687309742667,1.2804387004422255,-0.07625516226664202,-0.33027462231200727,0.5703391123193539,0.14945939391068133,0.4832795812349952
693,-0.3139770366798223,1.7255633276633888,-0.41587922236281893,0.6552296628294606,-0.11319818829965976,-0.6677736171505605,0.33457234696209254,1.4410180687069585,0.24330190579183378,0.06788651459063458,0.6827985595736715,-0.043552986978365224,0.5893527515378398,-0.7767545821307763,-0.733058115836027,-0.3661844108772221,0.9435251936064861,-0.41028363301174386,-0.3413938466092889,-0.002256844220905605,1.2868778567965464,-0.9919269773245192,1.6749195883178631,2.049131779058911,-0.9538072816998571,0.4992480690742905,0.9055981246723096,0.09242861702716818,-0.05550292579864837,-0.16225573141381683,-0.3022794445185071,1.311925909446679,-1.3110076628809602,1.557701413428224,1.9526892623018541,-0.9604648488548426,0.5439459261511966,1.267676856410965,-0.08078454912082848,-0.3317664677186421,0.5391220183139082,0.129810974059566,0.4787133043602376
694,-0.31239240547228103,1.7166426034068951,-0.4113848330050616,0.6548069237556827,-0.1170496546679717,-0.6654350316870552,0.3387085613730127,1.4223052388108388,0.23597391657422132,0.07757774678949152,0.6613561143752794,-0.06555560108095203,0.5906418141500391,-0.7716722866245943,-0.7369836071483249,-0.36140961430572655,0.9513008040859997,-0.41959595922005977,-0.3419692581135923,-0.030331075715486627,1.2273832374992344,-1.03534245402518,1.7456499942190236,2.0848261429369437,-0.9878520290842265,0.5207093138937187,0.9170748956676905,0.08899302033590402,-0.04935705905516092,-0.17626650155778054,-0.2843925546445719,1.2775733396899012,-1.3304920881648878,1.637223182446107,1.9887415552709384,-1.0008568493052048,0.5620548316898568,1.2494780164183803,-0.0844383935943418,-0.35094056717194577,0.5149396253736218,0.10539246742929145,0.4731359298207708
698,-0.30921080079282026,1.7112437701447931,-0.4079899153751476,0.6549075678334514,-0.1206308073308776,-0.6627086227183723,0.34258074565260094,1.3994334099095072,0.229592735176933,0.08216641106516308,0.6438658439241194,-0.07723713637832859,0.5927613812123915,-0.7665735981709632,-0.7406146866122006,-0.3553405401818471,0.9584932437795497,-0.42201209433983744,-0.3425015137550729,-0.07157941754791129,1.185466182609005,-1.0755017699732916,1.8110756196775968,2.0773085094249204,-0.9733348234661099,0.5293193022735737,0.9271426864367086,0.08744246093210356,-0.04237745387776546,-0.16691473379659666,-0.29381232598916895,1.2353680985627946,-1.3485151815525214,1.710780818787649,1.9842143011730997,-1.0004774679656887,0.5759762982685792,1.22666288193456,-0.08181125333671135,-0.3658543192226685,0.49479619619336074,0.09113706704172242,0.466872148602294
699,-0.3065870750581868,1.702658182230046,-0.4051282396102063,0.6538507204201509,-0.12363271358699285,-0.6603827933527834,0.3479780938230756,1.3854522537678307,0.23052715152966793,0.08369855779833889,0.6283033954236155,-0.08283318609124206,0.5944855717708875,-0.758807738944263,-0.7439734351162854,-0.35814242466820856,0.9651462504960834,-0.4082184289285233,-0.3216922667227402,-0.10762134486032154,1.1265474261609834,-1.112649137225295,1.8665940882898269,2.04130945912891,-0.9267263873026373,0.4962221324854078,0.930776943449219,0.09724653130753927,-0.05191760156442169,-0.13865799276038254,-0.32102462175818797,1.1626611563172062,-1.3651865429360825,1.778821632403575,1.9617449743213184,-0.9626172189714203,0.5728977281607153,1.2143878480773123,-0.07633329672348732,-0.3671498743924225,0.47490415566771643,0.07915956917016254,0.46041655621420347
703,-0.30550302771202476,1.7013768246531813,-0.4040867466577326,0.6523811705230039,-0.12852311182667847,-0.6596036051853652,0.3504335915689177,1.3748623831553084,0.23193814532324766,0.07921419543584145,0.6266179545613625,-0.07532548071934708,0.5964466630945414,-0.7524200365998719,-0.747080277482564,-0.360734167818093,0.9713002817088773,-0.3986484662098725,-0.2880734263465706,-0.14984453507792794,1.0621788804605345,-1.147010451933398,1.900157620548223,2.0103219998470316,-0.8904382651779172,0.47798271220619387,0.9221616236969515,0.09436418858406058,-0.06304147693882203,-0.0958422670972163,-0.358364255184133,1.079085153215898,-1.380607552215876,1.8417593849983072,1.9224462378676888,-0.9156280104731452,0.5519430233169282,1.212882258511124,-0.0749011747542055,-0.3669285914711078,0.47164736200048457,0.07504085712088927,0.4526460979733277
704,-0.30797933784787584,1.7209759610524058,-0.4051936116273293,0.6516457161152105,-0.13061003477445082,-0.658688083615394,0.3527447915816631,1.3606544059072927,0.23409266477297275,0.06727122838289991,0.6449802012828896,-0.05566369046344891,0.6008415128554079,-0.7455269072933891,-0.7499541066713719,-0.35876638358367535,0.9769927605807114,-0.4093990858128382,-0.24430457362786231,-0.18466856917607963,1.0037649943540365,-1.178794668038393,1.9130521085146361,1.983114528315483,-0.8722426987770913,0.46980280146240766,0.8870290474126086,0.0756510011891288,-0.06263200341565188,-0.0388384735891988,-0.3807721417068945,1.0043826281869577,-1.3948719857996856,1.88012577174495,1.872832746744546,-0.8941922645681812,0.5221082493706072,1.213999584606237,-0.08146602818370323,-0.37105931400461717,0.48889242711766545,0.0823688437584774,0.4457745216936324
707,-0.3085028732618009,1.7285686599252335,-0.40607431759706136,0.6507044608830181,-0.13142583082677395,-0.6586594731203484,0.3542296628562576,1.3545986379513903,0.23862577515884134,0.05728284665504553,0.6569250536069284,-0.04005515768876012,0.6041518381502052,-0.7387621152071352,-0.7526123986710188,-0.3613113298148998,0.982258303537158,-0.4145622487901321,-0.20864604753667604,-0.21804272663492963,0.952746105801795,-1.2081950679355138,1.9251421747334472,1.956719563729567,-0.8488384888434122,0.46751346725022724,0.8525991839232171,0.06192660049528596,-0.06816249614369391,-0.007033485392611121,-0.4063997253470073,0.9597823866967377,-1.408066586864709,1.9034287065340803,1.8289443143043707,-0.8674799435845133,0.5065599133106355,1.213515811614886,-0.08542379935837578,-0.3679151621153924,0.5005103837952897,0.09127678964527249,0.4381216296780414
708,-0.3036140936981319,1.7070405461557896,-0.40547807746462167,0.6493273662657,-0.13275941964891347,-0.6620725450451316,0.34986976578492085,1.3577182227315314,0.2439128362442778,0.05479662012094093,0.6413403070739228,-0.043277633764266646,0.599872120222826,-0.7422598065666001,-0.754930119800855,-0.36366540507878237,0.9871289307718711,-0.4036594401243428,-0.2155561103826387,-0.25714996993549916,0.9428140609416084,-1.2353904378403502,1.951192590226391,1.9550929370261698,-0.7991528641424036,0.4786139982190458,0.8520537045484979,0.06450928989068982,-0.08013137655613424,-0.031150079135765833,-0.4462992044864854,0.9776038781203261,-1.4202715928498562,1.9254642136385787,1.8133235116163484,-0.8113417771906538,0.5103242383667033,1.202843426771513,-0.08724317496069775,-0.35384469954816167,0.4873218719239253,0.09484340774605797,0.43223541556279693
713,-0.30129615080149524,1.697592151625315,-0.4054074362774185,0.6477326018014611,-0.134937227346939,-0.6645388330339683,0.3473075879235609,1.3483875071222875,0.2498530243497026,0.047633053995576664,0.6234576356941973,-0.04960832473938978,0.5922330146773089,-0.744391349592945,-0.7572152108157909,-0.36584292469787366,0.9916342609639807,-0.40279506460903225,-0.22235894565203954,-0.28803893144829545,0.9430802118526084,-1.260546155002324,1.9682012926509422,1.9491641603925913,-0.7404428362556927,0.4874419387097651,0.8547455547006816,0.060374548688381505,-0.08515801178753016,-0.051701350182838404,-0.47380456873232935,1.0055274578052196,-1.4315612233861172,1.9367912368172369,1.788248198421029,-0.749985315540018,0.5098276313662922,1.1874270157218394,-0.09313840746702705,-0.34109430941044877,0.4701036159293327,0.092054534166344,0.427097818880354
714,-0.302996853144068,1.7094955118850574,-0.40684741012814035,0.6462572767700656,-0.14034023870116352,-0.6614523621784771,0.35374697481611334,1.3232107502372226,0.2502312045462149,0.03653427006596456,0.6155349207649355,-0.052849358618674756,0.5876566193843138,-0.7343014357560429,-0.7593289200046065,-0.35937565819950856,0.9958016913916821,-0.4061604483846864,-0.20842130541087822,-0.29926430311881913,0.9311278855643502,-1.2838151933771498,1.9640471594994833,1.9291448213611753,-0.7107875634303702,0.49446629330148195,0.8418671593668847,0.043204598931725714,-0.08207630329835375,-0.04105998475336162,-0.47332846400129763,1.0058106623272307,-1.4420041316321583,1.9328899475725787,1.7562105068745135,-0.7183541546949105,0.5124340559373152,1.1744602156282944,-0.09303054770388193,-0.3380118790004364,0.4640150072683068,0.08169293075629208,0.42440230183496835
717,-0.3037792685046993,1.711635504701308,-0.4075300363809435,0.6451422162940454,-0.14571065825005974,-0.6590221467472747,0.35811972149569626,1.3026429667259278,0.2503640548284861,0.031598992590629725,0.6057213469993431,-0.05557490512979863,0.5838788132026003,-0.7254104143139317,-0.7612841010042609,-0.3521429174500512,0.999656564537306,-0.40581367584969746,-0.2037824906845615,-0.3155103529208245,0.9241998999345961,-1.3053390538738638,1.968529463124562,1.9100068138191408,-0.6800723258420569,0.5082068689268042,0.8371325663889032,0.030496409876688682,-0.0785553477323158,-0.041771654813912304,-0.4714917869494367,1.011085786689352,-1.4516638217597466,1.9334991631983378,1.7295026349698208,-0.6942949280580739,0.5289558355944881,1.1582008849010648,-0.09315444239478389,-0.3363590729004271,0.45829444586582724,0.07708249971829564,0.42195428421564835
718,-0.30592669343052786,1.7101529219431697,-0.40712304388923654,0.6448894067995108,-0.14584332477804735,-0.6598600916916133,0.35697624151782953,1.300573943590627,0.2541081974743191,0.03711018225240325,0.6081011911158779,-0.04913436692053595,0.583523395432301,-0.7218496530316397,-0.7630926434289413,-0.35496945716394823,1.0032223221970082,-0.4169281909731445,-0.20549946489610335,-0.33939037692594515,0.9200249567391513,-1.325248624833324,1.9857281370437023,1.8925106175911222,-0.640945383613633,0.5161600234396567,0.8352037877920598,0.024176539974357706,-0.07442067738779322,-0.05118876442115475,-0.4623879479270129,1.0163652036784332,-1.4605990351277658,1.9403140001878771,1.7104644755796254,-0.6918874756789662,0.5481889979249014,1.1500536833754222,-0.10240099704189091,-0.3397748446309035,0.4631603616802482,0.08843897299184142,0.41749784739034224
723,-0.3094026433089508,1.708939807783022,-0.40614933883068505,0.6457195274363117,-0.14193025368648227,-0.6605289574039529,0.35581398427656574,1.3151578877000634,0.2584187955288721,0.043844531363450255,0.624842634661916,-0.042500941412003536,0.5863177212046115,-0.7231390113831975,-0.7647655451717706,-0.3577991728766521,1.0065206480322324,-0.4315448552029764,-0.20600068486885306,-0.3559447389286773,0.9149222128549575,-1.3436649779708247,2.0024348263631597,1.8709447105998993,-0.6125878278849743,0.5248495481242541,0.8365249634707732,0.018220519477734495,-0.06658560280786598,-0.05797676738878786,-0.4491612515062292,1.0209392130594102,-1.4688641074931836,1.9434323134704594,1.693379877375958,-0.700121197601728,0.5659796730805338,1.1624550211310352,-0.10673736450641642,-0.34357761706363565,0.47240531865109703,0.09403007588938085,0.41275775189583747
724,-0.31163997925768605,1.6921676077707348,-0.4032942607396578,0.6471119468960892,-0.13589610926911116,-0.6617332673156527,0.35339419717593207,1.347272609584065,0.2676651719771016,0.04647303333967062,0.6507204327706699,-0.04344795616780902,0.5869712476383517,-0.7278084355294577,-0.766312979283888,-0.3604166599109031,1.0095715994298151,-0.4397397418433941,-0.21673058350368907,-0.3674228141214491,0.9162211284515523,-1.3607001046230132,2.024736603028705,1.8622005233338148,-0.5951768755034266,0.5443906820149349,0.8582036927415381,0.01734035340657153,-0.05687320357395424,-0.07907415836033178,-0.4527432601869573,1.0424833828809585,-1.4765092994311946,1.9525391752244832,1.680794907297479,-0.6857418026122964,0.5793725239941819,1.191153123465898,-0.10274188223646738,-0.3340129039323001,0.4751374514859897,0.0871836948270191,0.4091557198256023
727,-0.31657949537422503,1.6860367096825715,-0.4021445186686163,0.6483992729287529,-0.13469626163264034,-0.6647575539488951,0.34573500608925584,1.3726735658187321,0.2716523609476304,0.049380411260520105,0.6653732219664826,-0.04732538917898125,0.5869519148103609,-0.7321276528647483,-0.7677443558375964,-0.3628378354175853,1.012393729472579,-0.4412317947724887,-0.22665573974091238,-0.3779921690809432,0.9266666469623078,-1.3764575967762869,2.037542452196421,1.8574381542806269,-0.5634423630295649,0.5624662308638148,0.8679950220437399,0.016032293543346714,-0.043506892746414116,-0.09932354648330688,-0.4598831296635579,1.0754673295895492,-1.4835811019738547,1.9592636416377953,1.6673053469572736,-0.6558971129635657,0.5825015066435043,1.2040315968108282,-0.10296628906905778,-0.326397003516956,0.47377628367213215,0.08553181262303805,0.4043116722417681
728,-0.32570429789231803,1.7077179263420148,-0.4053846933109752,0.6487577460256215,-0.1434545291345295,-0.6691986824245706,0.3327270780741543,1.3630672040872986,0.26140445096114523,0.050911746585295944,0.6334518259608078,-0.0575924720446559,0.5865946322433522,-0.7361229288998923,-0.7685207362946657,-0.36507742276126637,1.0150041997621355,-0.4335727654719073,-0.23328885612173986,-0.387987810085975,0.9579203478915439,-1.3910332770180653,2.020906423707886,1.8530224860846767,-0.5095985340960795,0.5618080990732159,0.8417448510447681,0.007366602007447725,-0.027413179682075697,-0.10554953787455039,-0.46732539990235156,1.1224672326263674,-1.4901225193258154,1.9463986940311007,1.658465644354344,-0.6169316579569332,0.5766129111452875,1.1754955732150043,-0.10828259048013901,-0.3349728644443841,0.451246858138434,0.08815392884077322,0.3999956462998984
732,-0.3351075824933405,1.7242919726015051,-0.40564111848163303,0.6491348764257312,-0.14927102113460688,-0.6715637333366267,0.3245677533646168,1.366857187706787,0.26007964488828855,0.05438186548398489,0.6241144071934553,-0.05918031636183574,0.5853551874286523,-0.7356568798081843,-0.7697865310725658,-0.3668766501232536,1.0174188847799757,-0.4293725229203055,-0.2419721419126094,-0.3985220594858942,0.9629133436303553,-1.3613038065939564,2.0071682778974433,1.8540242115140833,-0.43952072646486445,0.5674324929374484,0.8287344620147146,0.0031270225601255893,-0.013355749363074189,-0.12381327253395913,-0.5037637780476734,1.1553887067971949,-1.4909339931193422,1.932745724748433,1.6591578811173302,-0.5548684004694664,0.577377985654033,1.1692802472638177,-0.10797832426738224,-0.3424130081652976,0.44289502427940086,0.09012825684820322,0.3935930003041557
733,-0.34343993781314974,1.7324209641167128,-0.39954706009066,0.650532094007871,-0.14149569923187094,-0.6718074177775165,0.3247487570164414,1.4235093331557689,0.27484118085225645,0.06756590013819974,0.6869959604214355,-0.03702353901469428,0.5858872259972271,-0.7381338594194992,-0.7687293531769224,-0.36881332636400965,1.0196524684214772,-0.4427343412972317,-0.2500041812691637,-0.40244015169192104,0.9152886850269815,-1.2261540695189532,1.993331803490769,1.862478016158326,-0.3843391898089432,0.577100726278529,0.852665289114307,0.005825589515170494,-0.010513890250957746,-0.1407072270939122,-0.5461047477636146,1.127269290291532,-1.4295969439169929,1.9284317689841242,1.668990894340438,-0.49828709816575867,0.5925830031618753,1.2333800847803875,-0.10160997977143137,-0.34644749392905394,0.4883166789162534,0.09629502564754065,0.38545535232197453
737,-0.3540449745696523,1.756015978773048,-0.3972848726661019,0.6507372888830196,-0.1346333681084783,-0.6751138367532004,0.3203687632608981,1.4976732280771876,0.2843417289016323,0.08641081970286023,0.7626874913018986,0.00038098059207013896,0.5866219973000649,-0.7379135363249025,-0.7632988160118509,-0.37060475188670894,1.0217185332898662,-0.4516249091780277,-0.25743381767397644,-0.4455057382737021,0.8550965056872275,-1.0261178703953604,1.9377513210059696,1.9095485305727562,-0.33290671888417034,0.5927230218076392,0.8430391005184635,0.0025265969243128275,-0.00281044189624531,-0.15633413506186877,-0.6125748625103958,1.0714379898348785,-1.2949815527922153,1.915600105190518,1.7032392643343006,-0.469101163893802,0.6070441279247346,1.2981647102067297,-0.0999617104599854,-0.351275300248707,0.5508779138233237,0.124217737557091,0.3767174788022327
738,-0.3642076249689545,1.7889551319365813,-0.3981871375888002,0.6514415082335188,-0.12829721122442497,-0.6821903995441123,0.3062352783601488,1.5795014377412486,0.2804230322781741,0.10185266909926723,0.8235005887570308,0.044080945407750524,0.5863543397201822,-0.7237123038888957,-0.7543769568516476,-0.3707555679508946,1.023629643293126,-0.4606509126393501,-0.2643062313484283,-0.5695509016859407,0.8065083043307141,-0.7704212888650831,1.8099502629400994,1.9965118638153567,-0.22197310337585857,0.6071736451720664,0.7909466415096372,-0.008233621412131886,0.013374478991023312,-0.17078902493222864,-0.7422742856777209,1.016721042214467,-1.066761162726671,1.8583269859852682,1.7607275450328024,-0.41826729376825306,0.6204206683303797,1.3468675444622398,-0.10285921754534964,-0.3529877687611896,0.6063805998252043,0.1692284688151339,0.3690829748495906
742,-0.3702560838262525,1.8023567935535552,-0.3957919415345737,0.6504289801170424,-0.12135386846835754,-0.6900936425192123,0.29323394241839384,1.6634975384683868,0.2835638435858871,0.1164559399342549,0.9058774858699072,0.09117914564794764,0.5867648125153401,-0.7137211670016566,-0.7472220152760023,-0.3724013253545775,1.0253974200461418,-0.4611733523073589,-0.2706632139972962,-0.6487414770621241,0.8194319298513482,-0.5304520606693511,1.674203993219592,2.082392724029205,-0.08753413211696684,0.5444140584215929,0.7205613833219574,-0.00804158346879968,0.03112331282547856,-0.1841597980623115,-0.8383396681479904,1.0364850655788234,-0.8316062749266662,1.7250266733415824,1.8179229084661632,-0.33336000499900315,0.6197522506599493,1.4133829075586537,-0.10864208864685233,-0.3493246093513881,0.6750073798223547,0.21453510730140257,0.36009644505748695
743,-0.36939932800927633,1.7973703349419996,-0.3931448583009444,0.6474916897241342,-0.12223908153438727,-0.6919078514302347,0.2950858244867266,1.702875215803797,0.28386300519370294,0.11508651700727604,0.9732255303072052,0.10225584039995117,0.5879575232707127,-0.7190969294765324,-0.7385235493542469,-0.37392365095298413,1.0270326135426813,-0.44182647134573827,-0.27654342294749895,-0.6699623476500571,0.8617271768464675,-0.41590282820159924,1.5486386937281225,2.1609283025300803,0.036840927791805665,0.46883865722029855,0.6998871630801061,0.010130873387594204,0.03653422066290972,-0.19652776320763812,-0.8557701689125461,1.0787289586502369,-0.7358825750183436,1.6016891202709653,1.8707783951143504,-0.2520088069742737,0.5981807964616837,1.4632767256712154,-0.10788593276562736,-0.34637375924006575,0.7367927763834269,0.23146826139032978,0.3501414584976965
748,-0.3688926290170419,1.7941405588947759,-0.38926751391937975,0.6475825244224613,-0.12506603752538217,-0.6936664623600062,0.28952063711812687,1.7138514581395436,0.2795187015626287,0.10485792517113138,0.9948646604915479,0.10204771230396513,0.5910499296507452,-0.7240695097657925,-0.7387099293140044,-0.3753318021315103,1.0285451675269799,-0.42810613701751593,-0.2819826162264365,-0.6588559788195012,0.8756901246318977,-0.34175103972692245,1.432490791698513,2.223495038610087,0.14173881447962516,0.4466193549344206,0.7094403121323579,0.019375398419539655,0.034320842214644126,-0.2079681309670653,-0.8729504507984823,1.1029156783107685,-0.6753309144421457,1.5161019785133334,1.9402948086023606,-0.16871392374940997,0.5820297518798307,1.478714008428291,-0.10733659277361747,-0.34021913226091594,0.756696008229266,0.23469232396293707,0.341370085139009
749,-0.3724725255090947,1.8035550736674362,-0.38250043946513423,0.6470839479432328,-0.13054158703013102,-0.6988801809688153,0.2753320740830068,1.7426854593982901,0.27930407567820925,0.12496022858140184,1.0451489262480695,0.1319465620440039,0.6034207801690418,-0.7286691465333582,-0.7382402406938187,-0.376634341971647,1.0299442799624565,-0.40867095157303884,-0.2870138700094537,-0.5118705717624477,0.8820110229509848,-0.2582406828835227,1.3250539823211247,2.2499178433230673,0.18958494516623872,0.42800457921938895,0.7292445309369074,-0.016244936268294204,0.040089865034784754,-0.21855047114453538,-0.8399572478049037,1.1208153796461113,-0.5947506121160373,1.4766442784280502,2.000937280125152,-0.1064719873779968,0.5512604591726507,1.4955315622554297,-0.1119190429264905,-0.32389091162814204,0.7913607574535163,0.25269580320781027,0.3306428982930503
751,-0.37365335267120475,1.8058369270076642,-0.3766673891704337,0.6479576991947344,-0.13221126536398758,-0.6976860876875177,0.2755088463414641,1.7346963847283823,0.274744002965785,0.13462271242043,1.0478103622852777,0.13430014336379886,0.6170484447592741,-0.7329238105433563,-0.73833576710429,-0.3778391913237736,1.031238458965272,-0.40694406657521953,-0.2916677797587447,-0.4548606949077728,0.8795749980932455,-0.2763825234609057,1.280489159068906,2.2476162698723696,0.18430882309976668,0.45480908577793483,0.7808731947312242,-0.04976221264426784,0.032546695751260006,-0.22833913580869525,-0.853541926159835,1.1128521232538648,-0.6244342857842472,1.478431798455462,2.0402253179810064,-0.09719405890876594,0.56741424756698,1.4877731228683932,-0.11138361900890126,-0.3207891531536852,0.7885987293890853,0.24760636329325564,0.3235031785372872
752,-0.37189296827471474,1.800526798969026,-0.37704815603770353,0.6499728513600496,-0.12484654166556515,-0.6927698159030665,0.2863889238477396,1.7109053660827378,0.27933476106426314,0.11011294802091326,1.008628357972462,0.11780455722782956,0.6202921765256986,-0.7368593747526047,-0.7362292487135977,-0.37895367697449056,1.0324355745428764,-0.42135734035959393,-0.2959726462768389,-0.4592188869342132,0.8822634265366271,-0.2756190851074658,1.2472336683499996,2.251530998640592,0.18582933181649244,0.4796032543445897,0.7993076897418471,-0.049677220800776994,0.022580049363607642,-0.2360402077563418,-0.88784662500514,1.1082437361951303,-0.6784865545123298,1.4766851516933006,2.0789762650155525,-0.07496015323168727,0.57129539215059,1.4784314556845508,-0.11131351605299693,-0.3257393369257081,0.7683158734675385,0.24012115677886378,0.3166421238907577
757,-0.37003595427625907,1.7982234701299808,-0.37769419019036554,0.6509013850478869,-0.12045048156708277,-0.6904998692940111,0.29159732326952875,1.6939236091189682,0.28851316814058353,0.09753891359211134,0.9787036862846701,0.10708494982944873,0.6205760270719547,-0.7404997716461592,-0.7343404255269307,-0.37998457620140375,1.0335429064521606,-0.4294020762657433,-0.299954647806076,-0.4360406131848601,0.8904142930281358,-0.2620575633096209,1.2282205008501224,2.251764510494177,0.17386805818890677,0.5025378602687455,0.8073472544191433,-0.05230790477773625,0.018803354453217392,-0.24451714217461618,-0.9130411004411588,1.1058944627575642,-0.725849450979072,1.4839137373889313,2.1078178729253465,-0.05437340127454489,0.5685362499342428,1.468003396846048,-0.11153617921797325,-0.32508189904241,0.7570309882850628,0.24019845873585058,0.3095701184304532
758,-0.36547551924365346,1.792861275677169,-0.3781296551538566,0.6500116007531774,-0.12437667660667057,-0.6921612919499353,0.28797240688782677,1.6710595025657125,0.2952392981633014,0.10610983180721602,0.9461078981179804,0.0862365414991411,0.627852560152833,-0.7438671387726974,-0.7325998551397165,-0.3809381579862985,1.0345671884682484,-0.4162794985662543,-0.29595364165361177,-0.4562094809510559,0.8844423164154598,-0.2925126107421963,1.2483090120201161,2.238441634431582,0.156504302763281,0.5237523707485895,0.8271455436418969,-0.06038127646286272,0.009689057475398352,-0.24475845660660256,-0.9509823125480797,1.0773313474338875,-0.7869497783659982,1.5056004222717816,2.1296325875278885,-0.04665865066464997,0.5832180050818405,1.441009345115322,-0.11026724189933487,-0.32056802748589897,0.733112411469717,0.23196878121604092,0.30697133444887964
762,-0.3607962802314853,1.7915102191904093,-0.3786762295755103,0.6489169900033916,-0.12455008790308615,-0.6942312995903912,0.2853715444071255,1.660308873532816,0.2958468831105786,0.10679007750012269,0.927804818634315,0.07851423910354934,0.6333863390283055,-0.7469819533647452,-0.7293247669827677,-0.3818202211373261,1.0355146493331298,-0.40474088603695374,-0.2971625157240597,-0.4760804179056498,0.8868608874179026,-0.30704276123433333,1.2468067938700917,2.2348708349519217,0.14650984205075956,0.5433757929424454,0.8321981187219697,-0.05801331122208399,0.0011812302883307006,-0.25258152236110737,-0.9798435911247279,1.0644465725883032,-0.8392391529109464,1.511202388775283,2.1514835259521683,-0.031742134057203816,0.5871347843463541,1.431560021321325,-0.11119891765900365,-0.3165237977860096,0.7186954347933782,0.22670934262638703,0.3058395498531775
763,-0.3590897535804784,1.8056202944401833,-0.37581525845235625,0.65018791163745,-0.1178335466236091,-0.6948776195150542,0.2837534647325465,1.6882935876268557,0.27299795761079376,0.1081823933234265,0.9658085663935808,0.11291636058725696,0.6305731587013126,-0.7498631568623892,-0.7306324864588075,-0.3826361295520266,1.0363910506331449,-0.4024240061243546,-0.3010552770447553,-0.42867932521229335,0.8997983965906646,-0.2934223689503264,1.2150846492810965,2.2497458020786323,0.12947879462096865,0.546373977318201,0.8203252462210998,-0.0500247494057742,-0.0034801105730778888,-0.25981785818402425,-0.959329987262331,1.069916161838747,-0.8495565033692749,1.501703628117099,2.1651733743882366,-0.02334196066183944,0.5857696229897341,1.4652315405575855,-0.10702553735886715,-0.3133259413567715,0.7476363459067193,0.23710810411430014,0.3046042443446523
766,-0.3553918419256782,1.8132492980476436,-0.37455063405689415,0.6516197521212603,-0.11499023787635533,-0.6943102773482588,0.28302328986701825,1.7056034208257524,0.2523529125805394,0.11267930810761762,0.9871042581947781,0.1279860852197486,0.6283302824536524,-0.7525282700977102,-0.7347031418159531,-0.3833908448356246,1.037201721835659,-0.40323808148740625,-0.3046560812663987,-0.41142209732451673,0.9074716446543227,-0.2976763643844632,1.2059426944660703,2.261607690048949,0.11218595029817288,0.5578049027644604,0.8155228587156405,-0.04727216966387929,-0.006769318223434398,-0.2665114688202225,-0.9622504868246466,1.0630927483255255,-0.8790394886834014,1.5011750904626198,2.1745129029700876,-0.025360065135305948,0.5885487291237225,1.484415141920112,-0.09764429877158468,-0.3129093969166674,0.7639411658640543,0.2384538691966828,0.30588346003303524
767,-0.348473241401679,1.8024568594400963,-0.3786332791377561,0.650409265719642,-0.11797044502176417,-0.6926019088505155,0.2887098145613087,1.6822374283546686,0.2626292077368762,0.10562570413178343,0.9435273189605222,0.09555352288947838,0.6314294579717978,-0.7549934998403819,-0.7356151229361669,-0.38408895647295277,1.0379515926979848,-0.4103304469601153,-0.2938298759222417,-0.4578067956226715,0.8915037321009742,-0.3080035811172819,1.245404282812181,2.2534807306242763,0.11781139864927467,0.574874385057126,0.821853497403207,-0.049488467367847115,-0.005665315494679513,-0.25755022547665735,-1.013134298220959,1.0237145561297782,-0.9309215270321464,1.5269567956641594,2.1842505233799185,-0.027416068708889005,0.5817375036201742,1.459740467075634,-0.09491502569977325,-0.3191718263694439,0.7301730640523998,0.22074237398413538,0.3078092605567877
771,-0.3444731791045291,1.799289617348627,-0.37937071591184246,0.6484335817292184,-0.11839321166765658,-0.6924260607316711,0.2933651102916884,1.67654610266417,0.2691306472826436,0.10067424361956444,0.9242844405790019,0.0826729383015319,0.6351172874613324,-0.7572738373523532,-0.733833636483542,-0.38473470973748125,1.0386452232456358,-0.4135500190911014,-0.2947395359391154,-0.4782395864079854,0.8922851257420219,-0.31594498595352477,1.262503595781946,2.2494688388820543,0.13055294929121727,0.5906636561778416,0.8280763416957208,-0.050239464765603974,-0.007355296301224301,-0.2593163201366202,-1.055310508435616,1.0041273808996372,-0.978239992472975,1.5429672741016205,2.195941763308972,-0.026444426798480185,0.5658667618998061,1.4523735827505837,-0.09730396485327548,-0.3249168165700414,0.7128455548795989,0.21129028057000948,0.3086930151321131
772,-0.3441085933459101,1.8102761921840678,-0.3758825719773364,0.6473885389543254,-0.1162904188910356,-0.6949622789829413,0.29050309618929676,1.7137275151074567,0.25935046707411047,0.1119279822993363,0.9610081772025407,0.10579068867998499,0.6397243225172297,-0.7593831495509266,-0.7307547247749255,-0.38533203150717016,1.0392868315022132,-0.4013593835823449,-0.2988140207436818,-0.4454996873923195,0.9024317800856759,-0.3058565869624627,1.2282879889973624,2.2690362646538844,0.12700309141012886,0.5919748346000802,0.8279806065436277,-0.0507846729623559,-0.01973573835521332,-0.2660475461263737,-1.0418059192645426,1.0165641082311587,-0.9841813241193158,1.5302827305938318,2.2132131009941216,-0.015282841561681963,0.5548118054020498,1.4893163195477708,-0.09604392056867492,-0.31896835952488894,0.7496298720983176,0.22112315055777487,0.31113209353821925
774,-0.34319833927435345,1.8141970051732526,-0.3752683435748871,0.6470292371330074,-0.11630546606777543,-0.6959160078674208,0.2890105791345844,1.7318052045411108,0.25557080707977153,0.11787273619156285,0.9714046872927089,0.11134614470554968,0.6473192928994743,-0.761334263334607,-0.7298803662674221,-0.3858845541441324,1.0398803191395474,-0.3940637672820776,-0.3025829191879056,-0.43136010393246615,0.9105261152624368,-0.29390490403573966,1.2110314470976657,2.286373629727134,0.12158782088230949,0.6004734820312075,0.8299097489431515,-0.0546772574217741,-0.0315037169883084,-0.2722739301668957,-1.040836664992013,1.0257586724426977,-0.9984529092940397,1.5254450267847437,2.2299729353007876,-0.0030589860587166696,0.5463534647568773,1.5132644495591139,-0.09438888702034512,-0.3142762623232458,0.7699393183283079,0.22101063130040655,0.3163724468132391
775,-0.34222699617445074,1.8112137146656062,-0.3771507665986634,0.6480870034699204,-0.1164367143662048,-0.6944760326145344,0.2900495950780804,1.716801469115664,0.25299577565774467,0.11331845965340578,0.9446487420413722,0.10420603761516362,0.6528428144518948,-0.7631390435845113,-0.7340441887973653,-0.38639563758332246,1.0404292952040812,-0.3983311879720833,-0.3030373665851606,-0.439316712535519,0.9131929884308218,-0.2871315758367766,1.2322794414070692,2.2839896490218283,0.1308521886175575,0.6143428208788669,0.8325337280153463,-0.05335958806711328,-0.036784964533483885,-0.2780333354043786,-1.0640452501204827,1.0263217741375068,-1.0288981626459528,1.5378877327000604,2.240577831081975,0.0008461822512241292,0.5366450474605199,1.5108083189480441,-0.0941461385140715,-0.320098229317398,0.7502034140813955,0.20748654586777746,0.32105428007718506
779,-0.3442124954115614,1.8111450689048498,-0.3784846008642254,0.650175909114968,-0.11364589173258308,-0.6929663058115672,0.2900923947791468,1.70087309153233,0.2519139000946941,0.11119994987136105,0.9278522220542722,0.10158195240511957,0.6564893000511872,-0.7648084653156731,-0.7378957246375629,-0.3868683897645733,1.0409370980637749,-0.4012008630337171,-0.30485642747101577,-0.4323513839494995,0.920573065791485,-0.2818221196379236,1.2368371580669852,2.280602111495018,0.1344428151251891,0.6271719593129518,0.8297730863361495,-0.051132481791131626,-0.04151566357494609,-0.2833607852490501,-1.0730273522322498,1.0333888027493803,-1.043664154934396,1.5443895183258287,2.2463941785936994,0.0022415681304011163,0.5335870564198576,1.5039278691612057,-0.09282302654969966,-0.3201640013078213,0.7353371066760712,0.20114046910607514,0.3245291014150194
780,-0.3493424462399952,1.8090853548544898,-0.3811708338181994,0.6529387035859197,-0.1086156017620385,-0.690321493126059,0.2921128832174596,1.6709644113626092,0.26633518512992527,0.10611852028982342,0.9103906114459509,0.08411972582239038,0.6612845361698302,-0.7663526804169976,-0.7404774096003882,-0.38730568553223027,1.0414068157089917,-0.40688929396705315,-0.3048995940484482,-0.42102282430510013,0.9281857535561865,-0.28029074680517857,1.224080335748647,2.2790316671442605,0.11362521306565246,0.6339528786022453,0.823499959270299,-0.058476893463893176,-0.04240740877647237,-0.2882886763553714,-1.0821543736781267,1.037492101275769,-1.0539251918578183,1.5506697939571017,2.243589879524118,0.0001819675448057965,0.5451384220320413,1.4760377832035028,-0.09096103714128673,-0.30708086914455357,0.7190449237026424,0.20038383336128288,0.3273302579491345
785,-0.35445839713480115,1.803019110694754,-0.3825949908814663,0.655121700941223,-0.10533046446728016,-0.6895861826041251,0.2901584859563063,1.652911464168748,0.27968801706148694,0.10754632124503034,0.8949612285405142,0.069185936823921,0.6641781189514102,-0.7677810793857227,-0.7379927980672439,-0.387710184117313,1.0418413045308175,-0.409772094286317,-0.3042559518329126,-0.41546856259762793,0.9281333194377561,-0.2828255284580514,1.2187837758564064,2.2752784687185006,0.0902178516156628,0.6404855483736865,0.8301856878937157,-0.06848737366043575,-0.035367426414152754,-0.29284697562871864,-1.098555706773427,1.0340660543892997,-1.071416621367288,1.5652860625410916,2.235713170157678,-0.0070705530642726395,0.5610767363955316,1.4514127895934898,-0.08859063930033519,-0.2988426396067093,0.7104455968822353,0.205157419234547,0.32919499308103645
786,-0.3587336983880209,1.7967165777242227,-0.3789608415876358,0.6564015029695227,-0.10567950713510275,-0.6938118660253803,0.2767562162507163,1.689361578429057,0.279420459591056,0.13160178966581587,0.9142591203875319,0.08475633228967183,0.6646075041685046,-0.7691023484317936,-0.7274309016585383,-0.38808434530851454,1.0422432066910061,-0.3968260011105781,-0.30761670544544417,-0.40733105046775947,0.9227524996218309,-0.2906946131091718,1.2125652951418346,2.280552619340438,0.08334613219327992,0.6491721712056197,0.8599443667534336,-0.07697236453192362,-0.021884712497113344,-0.2970634024565648,-1.107135897291331,1.0266325494086006,-1.0902528054172533,1.5822832353501524,2.2329729842392405,-0.012636507116778349,0.574137094005773,1.4662953846107067,-0.07864259881919629,-0.2986498408065946,0.7507032745176252,0.22934511127941903,0.33153070707424376
789,-0.3650008250621322,1.7930862917664658,-0.37733272267624907,0.6581980187414455,-0.10383791803911316,-0.6946883442324183,0.2709264831827249,1.7234492654526714,0.2798221507577423,0.14855050002595246,0.9377162710061913,0.09178686633022072,0.6651537152843516,-0.7703245222994092,-0.7161955342211113,-0.388430444410376,1.0426149661891804,-0.3893675459281002,-0.3107254025370359,-0.39627005960071615,0.9240826293846528,-0.2925384849411069,1.2081554147029205,2.291316610857904,0.08258399589126272,0.6570964762123119,0.8777478262571852,-0.08294262001161398,-0.01471416671759541,-0.3009635972723224,-1.1158412580781014,1.0240340349611883,-1.111143014872246,1.5919098864921364,2.232593794337399,-0.01324793763054099,0.5838697815309154,1.4843902997931022,-0.0674893187294232,-0.2940866788767048,0.7952699270081593,0.2470906112719036,0.33614224487188954
790,-0.3746421859947257,1.7942351032821646,-0.3796646572931185,0.6613477258226612,-0.09767197236131686,-0.6867728098570175,0.28534624407085013,1.7264699179145229,0.2789167599695004,0.13758592851750331,0.9403916718491163,0.07230701968256201,0.6648929513039663,-0.7714550331269535,-0.7108222763289261,-0.3887505860795978,1.0429588437249917,-0.40510896245162337,-0.31360094734675825,-0.381592018204255,0.9395870301190054,-0.27347391752495287,1.214020013013041,2.300542011182401,0.08902191568324276,0.6667190904963886,0.8681019352070314,-0.07249987494564879,-0.027715646069905252,-0.30457127747689816,-1.1233619594831454,1.0394915950865384,-1.1261478402928173,1.5797822018514789,2.2328867066524007,-0.004299426038049361,0.5808677130082526,1.4905934570434178,-0.063022692149265,-0.28717612970018486,0.8092199410416572,0.24124932312162026,0.34009596573607187
795,-0.3814023271763488,1.794236214015158,-0.3802415134507859,0.6643485929768033,-0.09335774278183809,-0.6801470410511613,0.29550851328138017,1.7306079998439383,0.2615156087691659,0.12516376325841302,0.9326281575975056,0.056983727180921054,0.6621236001737953,-0.7725007556424321,-0.7077772811425944,-0.389046717123628,1.0432769304456175,-0.4167243462320299,-0.3144765895397828,-0.3698528584079941,0.9479660999899711,-0.25802125014704036,1.2147399397294658,2.3112161309192487,0.10253332159496205,0.6756200087091594,0.8577963629547769,-0.05985134118677979,-0.042111553864202525,-0.3079083816661309,-1.1311684880161332,1.0514454600624283,-1.1402722701986299,1.5662726918296528,2.234826831657935,0.010206420272487261,0.5699339216043047,1.495758880122297,-0.06190091919897901,-0.28630572168086915,0.8083747143854438,0.23415344551084738,0.34283959970840905
796,-0.3824513731759428,1.7900354555908784,-0.3804994055180158,0.665785813474436,-0.09371750505818786,-0.679590285940209,0.29343367747679705,1.7170124720276392,0.23211265681212778,0.11084834646198762,0.898140214211092,0.043577062970717756,0.6568076295284526,-0.7734680489692496,-0.7058441659035906,-0.3893206383393559,1.0435711606621965,-0.4099153043426621,-0.3096617868919527,-0.3757434584587592,0.9381908044838748,-0.2652379578160056,1.204549291332205,2.3212182560556665,0.10915135160902131,0.6748814712809201,0.8464823637828736,-0.06226419438210048,-0.0428060075821399,-0.31099520304117106,-1.1497354506975392,1.0443045306194678,-1.1607903943947324,1.5668604246319764,2.235887526708409,0.02283763835334509,0.5592035365385827,1.4811407447246716,-0.07406085770875041,-0.2924035353861281,0.7652064518969637,0.22358505042946744,0.3445296779042547
799,-0.38106705787632367,1.7803998852209826,-0.3822482366442621,0.6661757221174022,-0.0943987449423605,-0.6787877533784196,0.2941869644939129,1.6992732156471255,0.21051911419051994,0.09038452538903544,0.8676935408132531,0.027936171572047055,0.6482314210336054,-0.7743627952965559,-0.704040494602095,-0.3895740154639042,1.0438433236125317,-0.40388820954064547,-0.30211141473908804,-0.3838905828227935,0.926177670594955,-0.2755624580618645,1.1969116774147763,2.324645707458948,0.10679547662358327,0.6693189561213884,0.8363663539783099,-0.06824447036464545,-0.04441973146798299,-0.31385051281308324,-1.1619553988071425,1.042388726134572,-1.1721787094696519,1.5602008267836103,2.2319243159065674,0.03201672687342034,0.5479468246875129,1.4665151756983827,-0.08094743024465864,-0.3024094711042038,0.7244226853393804,0.20917754643691516,0.34520416948037463
800,-0.37575008544405325,1.7607876734681238,-0.3837619489047875,0.665762487388202,-0.09586369920086409,-0.6795921676450356,0.2927882293360206,1.7167701601254828,0.20213221205634152,0.08005461993329135,0.8867633394769234,0.027134631515216272,0.6376939684699524,-0.7736964759278039,-0.6986170324379168,-0.38556622909387317,1.0440950743415918,-0.38847568292973234,-0.2995175755835596,-0.3827609696594019,0.9214691115264266,-0.29138166571230556,1.1929451869790932,2.321595769612167,0.09805937121169828,0.6637457640604242,0.846040675019855,-0.07534363196232133,-0.04696601119404894,-0.316491674352102,-1.1534582055970186,1.0453161534336026,-1.1697845191474459,1.5473712552004102,2.2197435951580298,0.03161899252759981,0.5460115336616483,1.4819595990674026,-0.061217297834326626,-0.31798619436637643,0.7542638485429488,0.21408718768658222,0.34778262286190414
805,-0.36618242552633845,1.7318669111686666,-0.3855413659507037,0.6668542070718,-0.09378365900456534,-0.6816957309021003,0.28600878008237357,1.7424450532359967,0.1958709133426401,0.0790289884627713,0.9294370469831447,0.04200636448682247,0.6261799372257814,-0.7745740902332184,-0.7022248383092335,-0.38610118691183265,1.0443279437659725,-0.3746141172109144,-0.2984080862400986,-0.38435212716799777,0.9149355238949013,-0.31858650842030306,1.1964637918711474,2.3189140666310455,0.08961778162646676,0.6510196848336454,0.8630887004007916,-0.08392860969092042,-0.04667429364346544,-0.3189347487756944,-1.143870683080149,1.03350404555976,-1.1727747778681064,1.5552313909341904,2.2039398136712314,0.020813684151475387,0.5542932212409478,1.499750751677839,-0.04701865594888035,-0.3284899182653167,0.7800591109044874,0.22507373252707238,0.3494980934466482
806,-0.35455855317798723,1.6931031113667232,-0.38743085496937635,0.6673464711818659,-0.08353013599386354,-0.6829563390192674,0.28502989803765705,1.7646128146462328,0.2051028512700575,0.09484105840782299,1.004769085898375,0.07708972738351665,0.6144606904076225,-0.7753858834657269,-0.708462825436041,-0.3865960228934452,1.043724347211871,-0.37362514118799195,-0.299286836126127,-0.38472242986605015,0.9092210719581613,-0.3485980431790089,1.2172851157417266,2.3212315044562035,0.09148679318865113,0.6330903361323871,0.8847818425197463,-0.08696721761539426,-0.04989854175785308,-0.3211945926175173,-1.1365563162255192,1.0085944858409457,-1.1867187043342808,1.593335555507865,2.1909096281595652,0.003944828220230601,0.5671291123111366,1.5040633759946196,-0.0602312198453351,-0.3320986950782093,0.774994966614664,0.23643975709899392,0.3458376688277367
809,-0.34051865366791606,1.6510920282115085,-0.3894340358572248,0.6658578095188844,-0.07589964203701378,-0.6840746754124256,0.287948711233009,1.836950112228688,0.21138485724873687,0.11221178165227269,1.1592135732569386,0.12961272508826935,0.5997428139073807,-0.7761367922057973,-0.7142329635283378,-0.3870537461764368,1.0439850211709805,-0.37934887163277636,-0.3030202734166675,-0.3860682068750468,0.8969322012889525,-0.365453819259855,1.2288288974955393,2.3266060234931976,0.09849357575259311,0.6157481712061215,0.9086620027785014,-0.08370222467174705,-0.052150678695330716,-0.3232849481712035,-1.134239296967989,0.981024207791894,-1.1888129470545705,1.6201756181383071,2.1833264437331823,-0.005810885691533606,0.5831639525571137,1.526757834841069,-0.0573246066193233,-0.32799769352858643,0.8036521344557498,0.25361372252530423,0.34055115089690896
810,-0.3236952984539347,1.6168803446699493,-0.3889239356277543,0.66289259311764,-0.07540188553310515,-0.6836965972411978,0.2957142684562762,1.9313254256147632,0.19189211076092844,0.09607321667636488,1.3078918052626685,0.17879658320664915,0.5782512268894922,-0.7768313827903627,-0.7195703412637123,-0.387477140213204,1.0442261445831567,-0.39792407474856234,-0.3064737029104174,-0.3884702496528582,0.8622210863077778,-0.3493428834977546,1.1942196779370702,2.3330741399366413,0.10456752248571878,0.6040945275079238,0.9295263983640899,-0.0746426392731099,-0.048521547955866114,-0.3252185270583633,-1.1406208712214423,0.9587330883863868,-1.1582242832764331,1.6043400314592173,2.1866661018331883,0.005775403464917252,0.5982195960522898,1.575408755098467,-0.023472601637517288,-0.3142157291876369,0.8620639001506526,0.2574464651561231,0.3401601296913994
814,-0.2979124866899567,1.5697324439140348,-0.3953682523249922,0.6584441579179448,-0.07631418086757996,-0.6874361498815887,0.2967473277692945,2.0202005612587803,0.18673056657993672,0.08751084351072766,1.4454191698679684,0.22429165196615045,0.5607001323332882,-0.7752963463268775,-0.724507415668934,-0.38786877969721373,1.04444918373942,-0.4039232532172037,-0.30966812519213616,-0.40582717882996655,0.823144818205669,-0.32501741386057975,1.1671828451028639,2.3383900694606345,0.11373076560778506,0.5993033166215844,0.9318424892016612,-0.05832198898991193,-0.04293911092231406,-0.327007087528986,-1.1544799977403646,0.9451533633865776,-1.1300988794054716,1.6039580766753232,2.1925417206077564,0.022833927575043253,0.6122579763483682,1.6327017638356944,0.002063759837388611,-0.3007753481701972,0.9337804512358733,0.2725695153466692,0.3405830013285477
815,-0.2606146761425003,1.5094729119159354,-0.4039406376725263,0.6486520128854038,-0.0758109255518632,-0.701513918194131,0.28527441582904306,2.0052157280920504,0.20967962567250584,0.12204128569244278,1.3370127321278706,0.17720118198371662,0.5552540153700052,-0.7506975831830074,-0.7115074382577752,-0.38778053994468165,1.0446554949589637,-0.3788492077931579,-0.31262296580272586,-0.4284078658570384,0.7696425109935138,-0.29727889871173657,1.1619144774158563,2.3476006411594708,0.1298662123394934,0.5896838390576902,0.9175062659609234,-0.04130726463240649,-0.036986572449150046,-0.3286615059643121,-1.1498511055962526,0.9472474657795183,-1.093675885696116,1.630514094186068,2.2000807382774776,0.03649361204649931,0.6245988038458381,1.690592002141014,0.008571556775523233,-0.31693695555284557,0.9949026417512314,0.2899009722142649,0.3403818243868031
819,-0.22935258424519034,1.4655690677771214,-0.4067577368789448,0.6388766254957302,-0.08149650038756523,-0.7159801888946273,0.2693832714371506,1.9825135190356027,0.2302207563208137,0.1478066941484341,1.2367367772182805,0.13127893971094587,0.5526836427646671,-0.7249833157037044,-0.7050650753179051,-0.38814942444883055,1.0448463328370412,-0.35329530050733493,-0.31535619336752135,-0.40941721048169294,0.7135560845404472,-0.24180697385281996,1.1391577557731571,2.36223916198989,0.1474736377767208,0.5611520320009405,0.89750369162319,-0.021232186614637674,-0.028906660749494394,-0.33019184301698873,-1.1196972405090826,0.9731236666484316,-1.0135320690788021,1.6351854053905122,2.217193268608621,0.060701137579682166,0.6263866414793962,1.7487437166472635,0.001624089268315967,-0.33713813239792884,1.0655443035775358,0.30590844665270156,0.3405835404721065
820,-0.21492838763190528,1.4517803633964008,-0.4014527476130076,0.6355569694477442,-0.07802110934968001,-0.725827445455176,0.25130571920721984,2.0498486917133114,0.23265269338621739,0.16425888527406557,1.3352651047291328,0.17125390418102854,0.5473800368440638,-0.7291225766089287,-0.7110900446690621,-0.38849064261516825,1.0450228578742629,-0.34753917201456225,-0.3178844288649572,-0.29097779000715407,0.692726174595484,-0.12234441912788144,1.0953386809371473,2.3763506125987557,0.1464697569816112,0.5166465487559146,0.891398548714901,-0.0019820604896405615,-0.027366176314306268,-0.33160740479071454,-1.0221481730159863,1.0281503333631963,-0.8697008647471187,1.6009482754538502,2.241746506907655,0.09390104307180305,0.6216564592489565,1.8028919505371626,-0.03766265799454447,-0.36074169793087396,1.1356550743666092,0.3298140603434702,0.33822844132560653
822,-0.20290555438050464,1.4369054705512116,-0.3975868937329929,0.6326918872030817,-0.06942589858182006,-0.7330265045229124,0.2399024054494462,2.1265619762992745,0.2290677524694217,0.1830980461220649,1.4458951644138196,0.2061169071929374,0.5435190873422888,-0.7279496023761817,-0.7166631413188825,-0.3888062694190306,1.045186143533693,-0.3382166799154873,-0.3202230467000855,-0.2015061172323521,0.6735792766933306,0.0073307553220549465,1.044293025352807,2.3857340585380182,0.12556496032818754,0.4806724573361027,0.8874664802873777,0.023745812666061968,-0.035761442587957167,-0.33291679943141095,-0.9229534402234073,1.0513158617678113,-0.7350776839567006,1.5591991912388656,2.264008559870361,0.11654611785367952,0.6100604754553279,1.8649206251931336,-0.0632861099463315,-0.38588091825093257,1.2081594490445324,0.3537187765160446,0.33327946835224165
823,-0.1956564353425375,1.420875381310517,-0.3949228263317559,0.6291862039163953,-0.06456914841584503,-0.7318393963392537,0.2537058214545446,2.202689078076829,0.21210204898527368,0.17055974128780418,1.5643520087202707,0.23609860946066896,0.5348600174628585,-0.6938181618464904,-0.7218182557199663,-0.38909822421260337,1.0453371827686662,-0.3435495078413719,-0.3223862681975791,-0.21625176853228692,0.6424858718855638,0.09773816503215887,0.9724740149622099,2.38438304058522,0.08064563993925522,0.4623154382381523,0.8824224987499013,0.06311556579596489,-0.04509290675834367,-0.33412798947405514,-0.8810036134021095,1.028885714288286,-0.6520160202495946,1.4956805292773718,2.2900934929920767,0.12442204666720626,0.5825068563766832,1.9513464025784604,-0.03294410137028357,-0.38997939482231625,1.307387037449642,0.36304472120021125,0.3308406832974349
828,-0.1927536174608445,1.4079682539181955,-0.3950462803064453,0.6309366581726757,-0.058566031860379425,-0.7248605447844171,0.270307498787701,2.2731066472210673,0.18888517540757435,0.15488502261477458,1.68264485806625,0.26594366271465036,0.5227865659876856,-0.6495217908362692,-0.7265867365409688,-0.3859498881596749,1.045476894061016,-0.34004039888059145,-0.3243872480827607,-0.20382603915684966,0.6146160364028871,0.19211642983663169,0.9143674534577617,2.3816906193295617,0.028120691761669283,0.4548012875347632,0.8773932004720328,0.0958893223189896,-0.060484528722281806,-0.335248340263501,-0.8261833287722525,1.014578829810508,-0.5711494292323851,1.440155462374874,2.3090487571775262,0.11808456857301013,0.551943472027422,2.009704261671692,0.003174943394252219,-0.3816890174713152,1.3932971780756502,0.3644916345977662,0.33057330713457134
829,-0.18659510538182073,1.3788085680547684,-0.4058293551202019,0.633873347088815,-0.06215174052941713,-0.7203957777548918,0.274539003408461,2.3362604235806095,0.18262483063645166,0.19606292601764577,1.7516935918629724,0.21691113792657124,0.5184535755392203,-0.584612320065857,-0.7309975813003962,-0.3776052327926935,1.0456061270064396,-0.280266532759114,-0.3262381544765537,-0.16338313297701698,0.591953572116056,0.29320142529331483,0.9155023950867772,2.388169198540678,0.0021292954867434787,0.44355736531648365,0.8608998235261265,0.11124316518528717,-0.08185749777391976,-0.3362846647437384,-0.7321419994584182,1.0154665109297496,-0.48121662604930865,1.4320342897979794,2.3117548607449474,0.1088743752673647,0.5338259973631047,2.009004922580847,0.017856015147573356,-0.36928262439170056,1.4454480249884114,0.372538890955685,0.3282925201913413
832,-0.19194359453021698,1.347664565347434,-0.4158783987274253,0.6390143238086563,-0.05129827865900642,-0.7124779395507789,0.28531450406080916,2.330522755937262,0.1670820997199196,0.19562882683457328,1.707967326642112,0.1601762996855905,0.510538367654929,-0.5218578676891802,-0.7340279101014427,-0.3674954787073243,1.0457256674809567,-0.21475567532022788,-0.3279502428908121,-0.16185123752796807,0.5855422076509316,0.38246367843485407,0.9068607018112552,2.3949883196994284,-0.02015979119351145,0.43033512867342905,0.8235693510102002,0.13263148902380256,-0.11705196246538965,-0.3372432648879581,-0.6430000464508785,1.0115211828528696,-0.42160145212051353,1.3246317180631308,2.3315310235790614,0.12019946795737677,0.47819162512868396,2.0202953668650245,0.046912504344116736,-0.34016032673992885,1.4505264341907107,0.3562348039520858,0.32800783311684834
833,-0.21735532884144582,1.3235097439864725,-0.4338470279807288,0.6399645222708921,-0.01083135872524909,-0.7052523792888218,0.3048723887304485,2.281461699041876,0.14604866075622244,0.14213111423692,1.6396682698129483,0.15511694447350027,0.5038855915674768,-0.46990537108971264,-0.6976596940986841,-0.367006166972812,1.0458362424198853,-0.1738304128656512,-0.3033946087495675,-0.20377142297106027,0.5936164859040947,0.428744283371288,0.8930890692643826,2.3915755437753208,-0.051365053176369566,0.43342526321797464,0.7304156637414081,0.11171631355184844,-0.14651782820252254,-0.3381299700213612,-0.6562547991420931,1.0248256863024459,-0.46174007805482237,1.2252843392083963,2.3922854468106314,0.2146924580272921,0.38342240324403265,2.06890096505157,0.06561367170350343,-0.31629336289869653,1.42206787719683,0.32505883537560115,0.33060870335422726
837,-0.23655544699712058,1.2849215403077205,-0.44519992264500025,0.6464865081870043,0.031006054383637956,-0.6937166877460395,0.3159920512709096,2.223826846945209,0.11983678287850366,0.10792580579918079,1.5485181829788042,0.1564251755560898,0.5000398548033541,-0.4334326056827826,-0.6674949555919265,-0.3689331294498512,1.045938524238394,-0.102550718481106,-0.2881412079056475,-0.2187844429841084,0.5946411534006728,0.4778034668256296,0.89641018882041,2.388209262858639,-0.0786138290753306,0.4476604016412121,0.648202210518091,0.09860446070224932,-0.19188939188918358,-0.3389501722697591,-0.6022395625998813,1.0804839843755594,-0.5114616165862069,1.1333880137677665,2.443870963537761,0.2796002057146713,0.2957608730007302,2.094731086102698,0.08292238671765194,-0.29670384967430585,1.3989147079349187,0.30694515429985153,0.33276416580847407
838,-0.24524918094966974,1.2364954723907873,-0.43827577001763546,0.6634417366418323,0.05957327234154405,-0.6737626005623487,0.3199063072020475,2.216649960814084,0.07197047730185985,0.09302609040856517,1.5364797317621177,0.16566665798839061,0.49896526251864487,-0.4068069927378627,-0.6692943580937888,-0.3707155697411124,1.0460331349205148,-0.020668075674263823,-0.29271056731272393,-0.21269114449287166,0.584699627609073,0.5520488990321871,0.9296282236831975,2.3904439012223166,-0.09636285880589746,0.4729088457947205,0.6214077998380251,0.12969754513801604,-0.26343628239704653,-0.33688777419394433,-0.40253174102895173,1.1794655679031973,-0.5811847284107603,1.0658045915314394,2.435246577021007,0.22827013905067559,0.23055451105011246,2.103614106655018,0.10392797088101861,-0.28801471572563686,1.4115639704838967,0.3170560944531875,0.3318959530862245
843,-0.2577811767571816,1.2026953623215246,-0.4302517961345265,0.6780408858340454,0.08318699708340441,-0.6570088532570847,0.31887277619050364,2.220943112125089,0.021844154188463853,0.07549207903792278,1.5448104639694333,0.18261919377655347,0.5005887916580166,-0.38283883480690734,-0.6724120895852924,-0.37236432701052896,1.0461206498014761,0.05207893059026057,-0.2968162572660887,-0.19690458814526365,0.594744576774186,0.6424838164317744,0.962260558663999,2.395067104403383,-0.11484852437335638,0.49634553236011647,0.6013516828053117,0.17948595918394658,-0.34793232840092225,-0.3348027189010957,-0.21767792303923056,1.257949771269968,-0.6399006944794807,1.003031508637243,2.396932606473982,0.13219354184908735,0.19692097951485588,2.1267143464678058,0.1243990727474157,-0.27879828609323104,1.4219668768509734,0.33541110691125725,0.3299757192944246
844,-0.26640737931645925,1.185438187799457,-0.4178392341140208,0.6843729010822361,0.10089372950316086,-0.6519147977116683,0.3105821697003573,2.220968823446378,-0.00619648009713167,0.06959866863904576,1.4796817643882907,0.18253768811732612,0.5053380436431895,-0.37744037024664356,-0.6806987583025913,-0.37388942748473925,1.0462016010663655,0.07562212279572163,-0.3007349879711321,-0.14485257103641958,0.5926663432014523,0.7414857802318967,0.9495658652646138,2.3968455026839592,-0.14964446335376416,0.5180244674331077,0.5701397828397597,0.2646074917875358,-0.43964740377085304,-0.3358724649835136,-0.11112330095487585,1.258416796582224,-0.6118997588689744,0.978187993759312,2.3340850608755757,0.02761473800025975,0.2410567560512417,2.140537220332507,0.1370502181359657,-0.26021851111068683,1.3955878526950416,0.34470340439853303,0.3292922291902417
847,-0.2716403041514476,1.167779192551401,-0.4100942648499673,0.689091535697343,0.11124714356032829,-0.6494400545761579,0.30166959407945276,2.235935443012492,-0.0264712987860949,0.06399028870987454,1.4360121883568806,0.17871807583769853,0.5111698067113208,-0.3732250823456494,-0.6885512014298969,-0.37530014542338386,1.046276480986388,0.06737606413381775,-0.3043598138732972,-0.10929460764799574,0.5828383975316058,0.8266732571393577,0.9412664695109637,2.3940875949062965,-0.18921572153416122,0.5379609801517121,0.5457162529895604,0.33341839360533465,-0.5111913943134002,-0.3368619801097501,-0.028499121149623812,1.2398080863646894,-0.5801237692897139,1.0553658556312973,2.266198955769533,-0.07620746584393773,0.2818823493473986,2.159443853676369,0.15104417667864775,-0.2499999294577233,1.3664752528920934,0.3485437277210411,0.3280431761921
848,-0.277166930920409,1.1444270487314947,-0.4206010002385881,0.6906424021216006,0.12008629658370307,-0.6460282607586695,0.3020593320287338,2.1985477791857666,-0.045107644790933044,0.03758307631455513,1.3754493109991588,0.18847295485734702,0.5144990727182125,-0.36881709512772054,-0.6825311041652096,-0.3729075598568067,1.0463457449124087,0.040995704763320456,-0.302018439864589,-0.10618422536340573,0.5946491645959255,0.9020108178480948,0.9395257815778538,2.387464543002188,-0.23089377441276634,0.5560500394790271,0.5128887869349948,0.35540005051976364,-0.5463008969743555,-0.3377772816015188,0.04589822382481267,1.22670526801808,-0.5790282789233887,0.9866112339562739,2.210410093743274,-0.14025400004478128,0.31410783755146765,2.1858866332166174,0.18211738032316716,-0.2403063430388714,1.3230314031958883,0.32893832282425084,0.3277305593386883
852,-0.279345224363882,1.1327358316111134,-0.4244292795365426,0.6925715300436848,0.13021563058732405,-0.6408839244280983,0.3043950734380149,2.16324871279291,-0.06122458302565301,0.014330781854380675,1.3118093475773862,0.19657051886536472,0.516862431349758,-0.36823255346968625,-0.6767073144104965,-0.36804087616464376,1.0464098140439781,0.0005926256729626694,-0.30554700687474484,-0.08856391996012575,0.5953873796669016,0.9577826762467101,0.918302612019167,2.37587395719595,-0.27588511169217167,0.5556360532871055,0.47984650545615437,0.36097170185697597,-0.5590783788234001,-0.3386239354814049,0.06498809534499105,1.1931690455218948,-0.5407879546029538,0.9126153914095534,2.17712170411836,-0.16485430853938743,0.34880013579797375,2.2065063442951662,0.2164778823794506,-0.22868634841582858,1.2951531018860285,0.3036505366754249,0.32870721598581826
853,-0.28230506362798913,1.1314062461779313,-0.410781602208723,0.699360596087956,0.14731038765799412,-0.6308218057514975,0.3020898139891022,2.2079718041152114,-0.07722681850781399,0.00523242773971073,1.3566265487719764,0.206090513039257,0.5220097449773834,-0.3713719868839287,-0.6848591158297094,-0.36989023545229555,1.0464690779906796,-0.0026679293707330006,-0.308810931359139,-0.04107516837981245,0.5685780267601895,1.0013969412886992,0.8853077736277845,2.3716525866016784,-0.30922888101730583,0.5448174380639969,0.4613743469013848,0.3917592163246983,-0.5769510353795504,-0.3394070903202995,0.05234027662973378,1.196362498472692,-0.44555612978520504,0.8985717893921172,2.176599489418739,-0.17755857918616286,0.3815449756131257,2.2492479816660547,0.23316424024231983,-0.21719443424938736,1.3415778203517152,0.3122800674377586,0.32803563990971335
857,-0.28656778691048834,1.1281055824253805,-0.40507508740930487,0.7040353750448788,0.16506655922793875,-0.6221478429226153,0.30003213704002274,2.249009798546973,-0.09248713545670173,-0.009048482478363068,1.4143556819428194,0.21474622179836914,0.5271546666265312,-0.3828702058711957,-0.692383897674715,-0.3716008927933733,1.0465238971413784,-0.007146160092158565,-0.31183006150720366,-0.007266108865382835,0.5550934298095078,1.0371698331171963,0.8592073092970177,2.3706269950275707,-0.342751446220885,0.5435997175697169,0.4511727661430371,0.4101657168264489,-0.5941400246941382,-0.34013150854627694,0.039658731599035144,1.230051783722924,-0.3676496852139946,0.8477489562742458,2.1856289614278346,-0.184643330850935,0.41183395244214127,2.2972446479139284,0.248562372642016,-0.1979757690608034,1.387428693128456,0.31911421364955844,0.32841629083848667
858,-0.28983515332687476,1.1249019835364857,-0.40259276748411565,0.7041481108379395,0.1806388224936259,-0.6195381305144672,0.29617150208977955,2.260619920281161,-0.10653438720909059,-0.026878217081572096,1.415053105750368,0.21531053858835,0.5297625182776203,-0.403942341443204,-0.6980921880286264,-0.3731832508338704,1.0465746048557751,-0.03961043312345063,-0.3146227568941634,0.010476597560976058,0.5532541489208056,1.0578630907380422,0.8514907844307273,2.3655931265099994,-0.38589189893556963,0.5524517427494051,0.4642725916268697,0.4080696148511035,-0.5897488413948767,-0.34080159540530613,0.05520845025057268,1.2439818271630398,-0.3516085761447317,0.8123889922582394,2.178191460183327,-0.2135311948876425,0.43985125600898073,2.3165110257076442,0.2644097193968995,-0.17808036078161818,1.3802300062101045,0.31112144470308434,0.3310843147111764
863,-0.2904172503919212,1.1203449696250807,-0.39733640104371437,0.7056792490163913,0.1914770732950906,-0.6154556930868033,0.29422375457642974,2.2995549190222735,-0.11655473581936493,-0.03698818000889308,1.437586938085558,0.2087171491697547,0.531932861512716,-0.4156459473476153,-0.7046401239264795,-0.37464693202133015,1.0466215094915918,-0.05624187915970441,-0.3172060001271012,0.024411288668593514,0.5464931230204318,1.0726380585955069,0.8444377168568755,2.362872112579754,-0.4272818210990806,0.5622308754643418,0.49079719389368165,0.4081348870989063,-0.582241349718387,-0.34142142574990814,0.07110004560683508,1.248300442816453,-0.33910719578798765,0.8090506214360317,2.1733839184463215,-0.25055865839629526,0.46576726180830713,2.337670059161585,0.2774643284082636,-0.16725447585365105,1.3876753093911565,0.3094419310399149,0.3329559940821853
864,-0.2844987244657364,1.1056288050688257,-0.4027116114547802,0.7089785639499409,0.18473431959813863,-0.6105850778056309,0.30068004553542294,2.347954155379841,-0.11755510610576081,-0.04418530072171916,1.4736862202728374,0.1911605024372018,0.5334691928008166,-0.4024174580862154,-0.7106969646319935,-0.3760008371197303,1.0466648962797227,-0.05627251634838351,-0.3195955001175686,0.01913566707439534,0.5432735587014033,1.0933644309999282,0.8276018893846262,2.364767147456855,-0.45859424002183835,0.5664608109137788,0.5146195579327041,0.41565030066022035,-0.583188844571421,-0.34199476881866503,0.055770581058530916,1.2483113115514375,-0.2961714325187538,0.7636743609323001,2.1860357300384807,-0.26108777764561225,0.48973956717268413,2.370378823037317,0.29803642638709366,-0.15890129354698684,1.4175539101630454,0.30469209832902666,0.3337459164021126
867,-0.28037926031014904,1.098463706269881,-0.40908754411335946,0.7101362908299754,0.17844242609134642,-0.6094547734551843,0.30402241386050627,2.3780118884212755,-0.11172334956939524,-0.045119805944966944,1.5030463377173338,0.17491999267147568,0.5355870243397729,-0.3970340720385534,-0.7162995422845939,-0.37725319933575047,1.0467050290587434,-0.059238748163566224,-0.32180578760875095,0.015091587758678804,0.541240522141002,1.1172503507850629,0.8134080839338675,2.3669877204078054,-0.4894438952028856,0.5682385314246173,0.5369108519307277,0.4187152760248141,-0.581783607298319,-0.34252511115726514,0.04981718505870662,1.2549647684430696,-0.2598254710884778,0.7183963689973282,2.1988370248615836,-0.2669565781287999,0.5119139496347328,2.384272493330526,0.3113973714023852,-0.15495241967706783,1.436080143942294,0.30346326732504064,0.33456201759937765
868,-0.28493851611011173,1.1125514401712377,-0.40700704614889743,0.7103678882415332,0.18732152580228045,-0.6095361999497991,0.2979156428875941,2.3968010914254902,-0.10160367174190142,-0.03339353505352368,1.5508398361495352,0.17823298957997394,0.5404080567010906,-0.41271636703520526,-0.7214819266132494,-0.37841163438556913,1.0467421518793376,-0.05697973431363682,-0.32385030353809463,0.03624191910601547,0.5319469929813783,1.1447671983219694,0.801046955843828,2.3708920707650867,-0.512426539708198,0.5689240196946301,0.5430379864670569,0.40730942715546764,-0.5807412114235745,-0.3430156778204702,0.05827517241535232,1.2772989389337264,-0.2293171581890793,0.7027601133453337,2.212526548049328,-0.2758414527137671,0.532425253412128,2.381215310554589,0.3066693300018185,-0.1570455211426757,1.4550673230627718,0.32487686895908846,0.33454739112841236
871,-0.2876835098311968,1.1218279682533585,-0.40934895424132944,0.7105416177298357,0.18882793187923133,-0.609974491837462,0.2956446193045125,2.4117352247878547,-0.09563025525151421,-0.023596595422613012,1.574654511959284,0.17281399582046267,0.5452336866064644,-0.4176179334820755,-0.7262756321172558,-0.3794831868066515,1.0467764904883872,-0.04944327998257378,-0.32574148077273746,0.054083040704265194,0.5227813120179946,1.1775912484597546,0.7935920694124524,2.375070689363535,-0.5323731764663565,0.5647646812478272,0.5424809033884193,0.39219080711531135,-0.5828539321020005,-0.3434694519839349,0.0438483417729973,1.290742369129191,-0.1729748782882437,0.6950602495631336,2.2414643004825066,-0.27577734737368054,0.5513982094062185,2.3779008881520762,0.30324029729686763,-0.1595033379038052,1.4669311734153683,0.3405250919796311,0.3345968714441743
872,-0.2872510354494134,1.12111366654643,-0.41421400717545104,0.7097575731584312,0.17875714743323384,-0.6116300196891917,0.300331131587763,2.41189276749027,-0.1025245899831023,-0.027897303896724086,1.5363196233230363,0.14728816602123843,0.5461133883929802,-0.40298789170992577,-0.7307098097084614,-0.3804743727961526,1.046808253701758,-0.04374603387102143,-0.3274908197147822,0.06047928896708719,0.5139157829245143,1.1995925371156717,0.806038647030291,2.374592476222996,-0.5566129901796636,0.5526413120709976,0.5539369104145967,0.382757226649171,-0.5794392631566566,-0.34388919308513977,0.0023469413488642708,1.2872619274075663,-0.09763259337288197,0.725080999773019,2.282296698935568,-0.2757361520174661,0.568948193700752,2.3649851066067926,0.30536638360844587,-0.16168799060072075,1.4517098532238317,0.33115641728896855,0.33639492893815315
877,-0.28858768268713736,1.1262509836406553,-0.41543900771089476,0.7101028946444777,0.1724974059019057,-0.6125274765415245,0.3013446771660634,2.4076390960383875,-0.11049138670652417,-0.0328307322216595,1.4980722242441118,0.12415890432147192,0.5462475317945439,-0.39277529618998985,-0.7348114239803268,-0.38139121983644114,1.0468376346741264,-0.036271876242495,-0.3291089582361736,0.06731935142491424,0.5089762960950196,1.2176759378006945,0.8265451766034845,2.3751112807804713,-0.5800287332855449,0.53717356766133,0.5642829237200586,0.365576185021615,-0.5743648354099371,-0.3442774536037542,-0.01932038496694105,1.3029438051886892,-0.04361844323908266,0.7499877590349422,2.31952269743057,-0.28406975851117827,0.5851819291731954,2.342430672483977,0.2960699738219878,-0.1646014443400392,1.4332928798451616,0.32612929983827915,0.3382290079635489
878,-0.2875685920590005,1.129659452233936,-0.4172342671511287,0.7121375034653267,0.16633828285023958,-0.6127005058615729,0.2996495318427479,2.422271192173149,-0.11383502901542587,-0.03966459039506805,1.486689859326685,0.10659152010529725,0.5458069608721493,-0.38783473992420353,-0.7386054171818022,-0.38223930334870804,1.0468648120735666,-0.026376596657916557,-0.33060573636846063,0.06290118128500383,0.5181531070419777,1.2362131259571183,0.8487094419782486,2.3814863951636376,-0.5998969785436398,0.5276867677904548,0.5685718515751439,0.3393952221233967,-0.5754404360652199,-0.3446365945834727,0.010180000157359502,1.3276220807114072,-0.04830059085394237,0.6971524395053458,2.3362163107703777,-0.29307280373214417,0.6001981344852058,2.3218082406024325,0.2726281614471061,-0.16368186593818307,1.4244801432190457,0.33678893177101593,0.3380079536754709
881,-0.2866157168098197,1.1285321284072263,-0.4190367503186672,0.7119852356003625,0.15890002494969446,-0.6151838191429849,0.298959320013165,2.43479116543412,-0.11705931049186515,-0.04880506337189905,1.4759317700696024,0.09177715437016551,0.5443853113923262,-0.38253158385909797,-0.742114860893167,-0.383023780597555,1.0468899511680494,-0.013142878617714347,-0.33199025614082606,0.056709018289509104,0.529335568646655,1.251849903880551,0.8776140073622051,2.3908079677766274,-0.6201923348700915,0.5233314031655946,0.5786291529566232,0.31629837780710696,-0.578157692681404,-0.3449687999897123,0.05067053551622684,1.3285387467313394,-0.06651605546074506,0.644866006542445,2.343289443535078,-0.3060257227349561,0.6140881243988154,2.313955933439913,0.25427017486844605,-0.15795945055304256,1.4170649596609874,0.34446602219202394,0.33743845528816263
882,-0.2901808256170956,1.1306620164120285,-0.41696624687953276,0.7089554472170948,0.15786965342714276,-0.620276707518341,0.29616912819909025,2.4395621746939047,-0.11842521345721213,-0.05350136905442708,1.4894912631870867,0.09789245931791504,0.5442193515611283,-0.38428234280808304,-0.7453610963261795,-0.3837494220527384,1.0469132048304457,0.0012117241351460315,-0.3332709369302641,0.06381699576700664,0.5349884031789964,1.2717397587810966,0.9057313324844437,2.402344833090008,-0.6397900196297109,0.5239328428348023,0.592327787846967,0.3009332972855107,-0.5793066527131936,-0.3452760899904838,0.07789026694598009,1.3200198456690755,-0.0628821912899935,0.6334846771979961,2.3506539617807913,-0.3348204738496321,0.6269363650689043,2.330940968185394,0.25157471849085056,-0.1498578254022069,1.4217296733208973,0.34746695325098587,0.3376693745145821
887,-0.2942634234009474,1.1359390435377454,-0.4148897224476552,0.7071665653311335,0.15736250888365205,-0.6243911451840181,0.29204141400048145,2.468070944608963,-0.11819950001297123,-0.05700368373556161,1.5271651594755045,0.10724579022701622,0.544050292001157,-0.3850054358504135,-0.748363864101716,-0.384420640398783,1.046934714468162,0.016539626826865536,-0.33445556666049436,0.07096010094242441,0.5394069023133866,1.2995608554843274,0.9142682179268632,2.418867110280705,-0.6484795969641862,0.5268723466197047,0.593092544049146,0.2820892296929431,-0.5834257437724992,-0.34556033324119745,0.094566155572325,1.3161049287119437,-0.04476122799314124,0.6114532503577357,2.364240721176365,-0.3553653773097333,0.6388209876887364,2.3494635951315126,0.24768828674182583,-0.14667056063212885,1.4410941030098006,0.35433705030785784,0.3376700356066982
888,-0.29825263569743643,1.1465900929311645,-0.4125800525245414,0.7077031687537417,0.15091807697195075,-0.6257498015966445,0.291233831792876,2.514281351780773,-0.11875496314810159,-0.058964315010507036,1.5667754582561109,0.09958489340731785,0.5416856684375746,-0.3676803516122989,-0.7511414242940873,-0.38504151736887426,1.0469546108830496,0.04249933430198943,-0.3355513491609573,0.07841651633030261,0.5283842575821284,1.3368728248656225,0.8843620806218752,2.4417726533631203,-0.631620581682767,0.5222335908352441,0.5716228874804083,0.26171621972180037,-0.5967007268554269,-0.34582325824810767,0.07736391599490697,1.3054737263138816,0.015566255920916455,0.5767833348501962,2.4055097470391043,-0.3438540768629874,0.6498142636120811,2.341640202721479,0.24078604540029916,-0.1553657058143447,1.4659322112261612,0.36309390441131323,0.33738494989759016
892,-0.301371939669499,1.156102786694261,-0.4111489220322255,0.7066623647978648,0.1488403995467983,-0.6295213644181985,0.2866665124880973,2.5457547247705725,-0.10709042867147202,-0.0538460089151923,1.6043072373760097,0.08716671945212887,0.5397052457836675,-0.36599021043621255,-0.7537106674720307,-0.38561582856620863,1.0469730150668206,0.06158812957697421,-0.3365649479738855,0.09021512947215599,0.5159163379436206,1.36794111113151,0.8651715489005624,2.461255063048167,-0.6203170558944563,0.5157590605818114,0.5443680534463767,0.23966235095373636,-0.6100024753809081,-0.3460664638794996,0.07917264408028463,1.3138750002342783,0.06068368164854368,0.5499976410068569,2.4403445570007545,-0.334360997095554,0.6599830438411751,2.3352959917190463,0.23291985987643204,-0.1637849246545721,1.4752739872738587,0.3710786251116253,0.3371719606035981
893,-0.2997997171385859,1.158517269695333,-0.413336791781838,0.7063605050713964,0.15050281569902668,-0.633059040528588,0.2786395351470611,2.524691888727699,-0.0775491180084891,-0.04560467561290196,1.6026983394865362,0.07840010835075285,0.5392993439973758,-0.3853344734308706,-0.7560872174116283,-0.38614440874627043,1.046990038936809,0.041971228402715784,-0.3375025268758441,0.09106735842100158,0.5242099626972071,1.3600195497752428,0.8995557409888313,2.462512568581376,-0.6494197513002629,0.5115819279436139,0.5355564646979105,0.20702505697612172,-0.6023573412053539,-0.34237378127408225,0.16143212919752412,1.3416148094025837,-0.007532368467123501,0.5087478179313425,2.4112420196762554,-0.359214566781798,0.6693891655530871,2.3216680833182792,0.21521963424343335,-0.15826901584021774,1.4487846591190738,0.37937580147558386,0.33675588992784644
897,-0.2958828821432159,1.1522677006384712,-0.4146056280789431,0.7074295855251268,0.14968855802066322,-0.6343421974750996,0.2733984155475366,2.5227308389719987,-0.05378233918611986,-0.03434356510636115,1.6028722639121142,0.07264900659497608,0.5392112704181488,-0.398821302473139,-0.7582855261057561,-0.3866360030903001,1.0470057860165485,0.027953010350463072,-0.33827467079476214,0.0944239939270764,0.5309094807928803,1.3233230062230796,0.9467996931703094,2.4581055667900067,-0.6914473644907545,0.50536220447861,0.5473387028490024,0.1807941882428734,-0.5879039046511004,-0.34287569767852605,0.24680204784161133,1.3308890314218889,-0.08619676762391007,0.48177773016943914,2.35956559990361,-0.40912380281056293,0.6780787332274374,2.3081709241636106,0.19834385092426213,-0.15669730215844346,1.437944646137874,0.39293005265364006,0.3357079173737974
898,-0.28962527941122396,1.1295716312289557,-0.41274253624622215,0.7075771723358868,0.14311502055182063,-0.6347495563722318,0.27558235931724206,2.566296053028127,-0.04941991667944313,-0.006837310430547843,1.6490369099345001,0.0902885229138003,0.5410081260262588,-0.39849514444321815,-0.7603189616478242,-0.38371803527431364,1.0470203520653076,0.017433686762094208,-0.33908402048515496,0.11373514202002807,0.5243913528864883,1.247734526324656,0.9956653406585662,2.451112203587913,-0.7323390787426123,0.49896393735984834,0.5922950058531825,0.18822231321144742,-0.5744945415861112,-0.3433399703526366,0.24455702358923848,1.2800384475537971,-0.08840608635959706,0.5434281194750065,2.3456077259812074,-0.47285566492234005,0.6861276782353795,2.3160969351200382,0.19246546143617332,-0.17211945138794432,1.4877238847044565,0.4109672961218395,0.33493441184141975
901,-0.28933899530449975,1.1120160298901538,-0.4213643649174743,0.7056114157804624,0.1421515447244986,-0.6359814298216546,0.27826801680166907,2.563369882307286,-0.04497679548907649,0.008577547238352776,1.6601942523516822,0.11944032989234298,0.5423397359172946,-0.40911949701459016,-0.7621998895242372,-0.38210610595102107,1.0470338256604093,-0.0015162083649460055,-0.3398326689487684,0.1634649631496532,0.5185027765635452,1.144731293780667,0.9808752865791843,2.4379056254393414,-0.7556691705445763,0.47206299469635976,0.6423600850723574,0.20324109886498087,-0.5511513799162159,-0.34376942257618887,0.2520526541520339,1.25565986536335,-0.09969083222113656,0.6314601418184383,2.3207745498949706,-0.5514281368506275,0.6935729523677261,2.349369329595045,0.18354812764476885,-0.1843348844380388,1.5122400183742943,0.4066457071653921,0.3361243227128775
902,-0.3038123853023724,1.1210120535522001,-0.44154777831777814,0.6972439665701154,0.1538270390926383,-0.6373219780141806,0.2898426977959872,2.4618576138790638,-0.040812647994411734,-0.012254399716452698,1.5734387780791055,0.14506889795915678,0.5372885412392312,-0.4085000188722363,-0.7489133768967656,-0.38290057300469454,1.0470462887358782,-0.02513723243335144,-0.34052516877761074,0.2602407653036377,0.5403229512837241,1.0626100941375063,0.9073096400857456,2.41951215822592,-0.6543877310134047,0.37775342009413276,0.6271765393388881,0.2197913214093514,-0.5301169190236515,-0.3391687015438498,0.3157461924446521,1.2522898426387472,-0.11866880010383739,0.6930708956205264,2.2814498617701187,-0.5816405308075436,0.6973813884285617,2.389911527391719,0.17448644478203387,-0.19489414819193646,1.4484850493068675,0.3511602386194018,0.3404670637403796
906,-0.31292261192445947,1.128727765621956,-0.4494803289343917,0.6907924838790764,0.16215510604988825,-0.6402742849048083,0.2942113286190079,2.385527392891864,-0.0397967243145289,-0.01929109758330359,1.4628030031188521,0.1664913170717637,0.5305586156480598,-0.40389583885639946,-0.7442335133813408,-0.38055587950762676,1.0470578170806877,-0.05709661315013116,-0.34116573111929,0.41032727873055413,0.500676206266431,0.9709879801173127,0.8392614170793147,2.3900633478291278,-0.5497357852531598,0.2905170635870728,0.6125575332812518,0.24882935309944862,-0.5045587516453199,-0.32917326434569955,0.3615138330343193,1.2170116110404325,-0.0958723338789959,0.7383695929772436,2.2552760226312856,-0.5833923810660875,0.6830301355540318,2.4123407634864216,0.1728608852257033,-0.20407792407830957,1.3889655571980541,0.2936201691757127,0.3453648885252124
907,-0.3064858769649358,1.1323806702847237,-0.44501171755544994,0.6858058604828424,0.15245263146611696,-0.6531792202069372,0.28246313595990125,2.400747198754866,-0.025068789310016767,0.02578782213498341,1.4090447742715573,0.17408853954341763,0.5294690155677659,-0.4030920175560812,-0.7473208498777404,-0.377788782462683,1.0470684807996362,-0.08932248562555047,-0.3417582512853432,0.6104328739659685,0.39507118715254436,0.8351028499158275,0.8367577012137979,2.356889436139861,-0.5707243055815976,0.23605630562081084,0.6558587034292442,0.25492230050728676,-0.46076650042930356,-0.3306652195197721,0.37902487387478667,1.1697246478713221,-0.06635764223605403,0.7458247419805115,2.2337014797705135,-0.5847010433342196,0.6714945614996887,2.4000340148553314,0.15622062586259264,-0.218182907454037,1.3868932221831995,0.2925296143127964,0.3457844111680073
912,-0.3107130501028177,1.1496666331451886,-0.44422703235969285,0.6781424232726605,0.15008186160983547,-0.6654715005119491,0.2733970932178776,2.4036420021758045,-0.012669916780796523,0.07325512847479732,1.3567615899592054,0.1725489006071435,0.5282416043170642,-0.39471689280837136,-0.7501766361369099,-0.3740185590023105,1.0470783447396637,-0.10926409934911452,-0.34230633243894243,0.7922281063812787,0.32073819279908333,0.7428176553381163,0.7928446277132766,2.3395914047092448,-0.5521741414241107,0.19866521487432523,0.6788474958993665,0.256833770444175,-0.4137853926914162,-0.3172040772720054,0.4168432618918585,1.123014752038261,-0.018219972450107143,0.744569229773393,2.211487463782267,-0.5750953494209265,0.6486060299560896,2.394518012809037,0.1354148497584815,-0.24012390423703617,1.3585983507953012,0.2923699167469243,0.3451404833896399
913,-0.31977762681944755,1.1717085347215783,-0.43769149242108774,0.6796478002245302,0.15953070662030452,-0.6632867247815636,0.2695914353679095,2.3597792347359214,-0.028602714287868314,0.07165643985729211,1.296931624282662,0.17577327233853668,0.5216990177935887,-0.38509708953703414,-0.7528182384266418,-0.3732599908435394,1.047087468884189,-0.10770864582385545,-0.3428133075060218,0.8219393717353132,0.30910589501092595,0.770967666387284,0.7333812806347807,2.3408422377994174,-0.5013231611367561,0.17817556094324172,0.6545638262058338,0.2719583272135494,-0.3916256314253555,-0.26149485607984924,0.4747078049169094,1.0620660989641126,0.0776264949752396,0.7486066931777509,2.204951516803341,-0.5514634396010707,0.630632946089614,2.392922171323148,0.1402384194512625,-0.2560502187026314,1.2950375532743315,0.2595569006106612,0.3472291899215619
916,-0.3177209281601391,1.1771788504317746,-0.4289449507948632,0.6826837940093126,0.15932609871007883,-0.6625353542551714,0.2638274739841386,2.357160996338038,-0.04059780109633207,0.07435077352989648,1.2761865239775454,0.1740665533381854,0.5150026876510505,-0.3836524745660235,-0.7552617205446437,-0.374717916530274,1.0470959087178748,-0.11195743519928655,-0.3432822594430701,0.8529970489050018,0.28231390599605716,0.7984367114345123,0.6783776845871721,2.3460291316112105,-0.5144661322843578,0.19545542265121543,0.6425235820013895,0.27877795605602856,-0.37685932656463567,-0.230215148351946,0.5270001663542234,1.0241988528474302,0.17038412136177314,0.7285321800661471,2.1949382473952537,-0.5357412018346706,0.6154147636641623,2.387226229318131,0.14904244461230637,-0.2630228285825584,1.2743012977410477,0.243191564659696,0.34869296612468126
917,-0.31050103945342233,1.1547103069912223,-0.42638849860610795,0.6796451244236444,0.15028138281726933,-0.6687014752232765,0.2614122182682206,2.3858041645821926,-0.0366447482643188,0.08702711176768403,1.2750366249224678,0.16059755399984912,0.5101082719436233,-0.39188721538543997,-0.7575219415037955,-0.3760664977905035,1.0471037155640344,-0.1392415097613232,-0.3437160399848399,0.9068946670913574,0.27727168087764825,0.7821683128191266,0.6285057372149582,2.3414326518607296,-0.5497186674154066,0.2107326446339321,0.6540154517727721,0.2925420433125777,-0.353212235630506,-0.23912896222555002,0.5548348249949283,0.9997834545997141,0.20130219952950823,0.7063755848431699,2.170076448675406,-0.5393691208599954,0.6038191232713593,2.400974227605669,0.14702515011105705,-0.26035949500166033,1.2913855709728776,0.23807527617714327,0.3484199710014591
921,-0.3061433122095383,1.1432673795381465,-0.42845618210977504,0.6780939000361017,0.14575550278565863,-0.6725613572026425,0.2580798654278726,2.4020341159187124,-0.03514926315963856,0.08937551710427578,1.2750790741109166,0.14906485543596792,0.5040851854804843,-0.4080477638998497,-0.7596126458910107,-0.3773139354562158,1.0471109368967315,-0.1527375724707217,-0.3441172869859769,0.895286423465246,0.29146842913619614,0.7768854928539398,0.5835548628922302,2.338255200232643,-0.5831908197339841,0.23049951866098806,0.6525950747300627,0.30955896679162076,-0.32848675650831766,-0.2473742400586338,0.5862603249841749,0.9803728554235925,0.2368026444356861,0.6946967018371658,2.1475431490047265,-0.5458764937627821,0.6026104728279611,2.4167021147801426,0.1442667716366211,-0.25625400072936044,1.3101110311987887,0.23267456509841183,0.34849620583615465
922,-0.30689865007295547,1.1674632470407313,-0.4368619814144936,0.6762193234611567,0.14324725552978898,-0.6781743836844597,0.24957394831015936,2.4131750011346815,-0.025767813988475857,0.10374682399762464,1.2641715371964926,0.13845623359830897,0.5002941235605509,-0.41957371721562875,-0.7615465474491849,-0.37846781529699963,1.0471176166294764,-0.1489669462590837,-0.34448844046202864,0.9153877410237984,0.2966583750884792,0.7890799839614646,0.5419312313100925,2.339522817517226,-0.6106547414377127,0.25208285740200065,0.6088415836292234,0.2949012249976052,-0.30933422448826453,-0.23879190150923807,0.6209624579134998,0.962354713017846,0.3052103321547032,0.6876084271863988,2.139820485882585,-0.5478074171204613,0.6084824589633125,2.4059460632407674,0.1342692980995259,-0.26817698979167615,1.3200554667795945,0.2496253719074396,0.34797007670596247
926,-0.3068270116563699,1.1772683548095728,-0.4413642081677128,0.6716320158618411,0.13907190870091987,-0.6862091077535833,0.24225296678404898,2.430036055303423,-0.010871871063088807,0.12097328627488034,1.2557808114121993,0.1261302851980192,0.49684251487682646,-0.42816768587134196,-0.7633354063904961,-0.3795351541497246,1.0471237953822659,-0.15841427975033875,-0.34483175742737643,0.9514742949159114,0.3109747079754687,0.7946268771820452,0.5039339230642783,2.336784110503414,-0.638353219373016,0.26681190061950344,0.5631008270922979,0.2731881652954084,-0.28765306780055927,-0.23801862975422966,0.6624515350851531,0.9446737347338827,0.3658345823528029,0.680348514624486,2.124622293294095,-0.5573400980784933,0.6107777356438052,2.404334000776721,0.12038398259441233,-0.27990607698140185,1.3241257724874846,0.2652650106530638,0.3472593621624752
927,-0.30327372993840057,1.16172597346811,-0.43303335396305376,0.6699195113322348,0.13977825582890704,-0.6891560392635693,0.23818866698555982,2.4492601546409536,-0.009538003360496714,0.1165743452647271,1.273560663687087,0.12514664009276202,0.49206911464290254,-0.4362890037316841,-0.7649901009112088,-0.3805224425884952,1.047129510728596,-0.17151927504871883,-0.34514932562032313,0.9381343759227875,0.3184071531926073,0.7988396967438848,0.49453796018801666,2.334556413656796,-0.6721517171482381,0.28458771591869964,0.5629471083772999,0.2769174978559361,-0.2747581111009851,-0.24634718252266244,0.7021243116397121,0.9385305975951991,0.389848346173131,0.6751363068106603,2.102738307690612,-0.5736918482968033,0.6139228095624966,2.4297373607542636,0.11820024036820037,-0.27455023044992144,1.326187633332968,0.2581623279340233,0.3478043890996521
931,-0.3014742127490841,1.1549171743241704,-0.4302572253944028,0.6689600660312963,0.14242206361861487,-0.6904449844619047,0.23557187710212554,2.4623588257104867,-0.006297309062814665,0.11269799736416067,1.2892812173130368,0.12705731390336633,0.4870483743280472,-0.44480414624669173,-0.7665206933428682,-0.3814356843943581,1.0471347974239515,-0.18452447679512823,-0.3454430761987988,0.9352214334825827,0.32624076520966294,0.7997680011372251,0.49477385324438045,2.3311525102234145,-0.7034624496612393,0.2998612343945662,0.5648223295898595,0.27647500258161223,-0.2635487226035781,-0.2540510938334628,0.7404196532784608,0.9399442877160872,0.4082603208807489,0.6701585664193279,2.079878109337436,-0.5900167057186142,0.6187077577217442,2.4447664404680736,0.11863725175754515,-0.26830999818263107,1.3286559232922688,0.25199382164913026,0.34883683988682057
932,-0.30097609630469074,1.1476375034327748,-0.43832212900399853,0.6675717209093489,0.13987782220886388,-0.6911486112215249,0.2389472525533472,2.4584136114564785,0.005753515732208358,0.11486381595944346,1.2903528628920296,0.12539708273525496,0.48131484814601555,-0.4498887280133838,-0.7679364913421531,-0.3822804330647813,1.0471396876171553,-0.20256267685945648,-0.3457147954838889,0.9454050780549732,0.3516371336041886,0.7876575413121428,0.49368040716479206,2.322166756469321,-0.7233717608388067,0.30644303499041536,0.5415837550283121,0.25881278602618457,-0.24538315531755872,-0.2611772117959531,0.7697093334408348,0.9471440596922589,0.4153176321669571,0.6653187414457439,2.0524258484676987,-0.6033072253542843,0.6200149601499141,2.4404172907844055,0.12023693659461047,-0.264387313137098,1.3348814962287303,0.2504179053924768,0.3496349429486403
936,-0.3012133373928124,1.1440608918239779,-0.4417227071567385,0.6676230524629871,0.13814496821757774,-0.6897807698591547,0.2437168789983158,2.4503079889925092,0.012394591580326792,0.11251715176477477,1.2977577124553998,0.12870765357228195,0.47418527484544265,-0.44765768100622644,-0.7692461044914916,-0.3830618255849228,1.0471442110458689,-0.2211614998207676,-0.3459661358225972,0.9440001839973596,0.3650057576405024,0.786382956290485,0.5038763801413487,2.3177662128681096,-0.7361918744017073,0.31875215868366646,0.5129857474058304,0.23646994434239985,-0.22830933844756757,-0.2677688709112566,0.7902461795231587,0.9490988515827316,0.4233446924296343,0.6569381021956708,2.028018562673158,-0.6096780963153082,0.6220308786658767,2.4402748668728114,0.12431008940657891,-0.2591892350594283,1.3419337297882628,0.24469890187279425,0.350705142737364
937,-0.3049281447365217,1.1678734876818464,-0.4417708281439375,0.6678531626915373,0.1399983135546543,-0.6893879023739883,0.2431397650429811,2.4489068578760365,0.014498588314612341,0.11499552508251273,1.3041285719584506,0.13439463458833875,0.4677844798150829,-0.4432339001748882,-0.7704574966546296,-0.38378461366605365,1.0471483952174288,-0.23631498565071135,-0.3461986256359024,0.9581908572132669,0.3529132076161207,0.8187001590273042,0.5114405626126389,2.3250502276831932,-0.736426473921718,0.33599432312257305,0.47353844092327646,0.20410125425139414,-0.21609748546442079,-0.2735139903067927,0.8001202347636605,0.9376523746591414,0.4641065688475099,0.6387569690486008,2.0215138284246366,-0.6042881847086649,0.6309411776752292,2.4433746633281666,0.12360260402814209,-0.26137288406676246,1.3489118204722295,0.24326490671666062,0.35200628667662903
941,-0.3077887042831624,1.1858169299637724,-0.4487565932468348,0.6685518125490995,0.13912742337447404,-0.6881154160711371,0.24531450867761426,2.4419636327563894,0.016137759133919575,0.11837041593168476,1.299866180269631,0.13377354576762165,0.46046012896676636,-0.4405994008788699,-0.7715780344055324,-0.3844531926410997,1.0471522655761216,-0.2505565628801672,-0.3464136787132097,0.9761033789069135,0.35775448911893243,0.8484068130265563,0.49512817926612174,2.3251487634834422,-0.7295724517431968,0.3377983021996409,0.4156145333236673,0.1577424342053395,-0.2056199463511192,-0.26975303427299896,0.8143889302673394,0.9291382710866671,0.5077903180852749,0.6126876985637927,2.0123687189556376,-0.5981648499618195,0.6360769399441253,2.439084661117236,0.12591208559442488,-0.2664827402457983,1.3504734229275057,0.24015262675710916,0.353757437700923
942,-0.3067544435715787,1.178894429413539,-0.4609876423654566,0.671043551052892,0.13490183088400487,-0.6833407268772892,0.25406199953020514,2.4256890645699776,0.013591469293061148,0.11300328689047835,1.2908569516652986,0.12539416245321167,0.45185997836363717,-0.4381193885179682,-0.7726145318251175,-0.38507162819301716,1.0471558456579126,-0.26360268762404043,-0.34661260280971906,0.9678615158596983,0.39184340151432745,0.8432736761481554,0.45942685713372877,2.3072984641047016,-0.7180310412321985,0.31807792497258647,0.3599005138140747,0.10984403956246068,-0.20275081629634326,-0.2669949290041357,0.8460888759128737,0.9366765479508788,0.524625398322465,0.589077975415327,1.9879117430437947,-0.5993362354302095,0.631678025940788,2.427460916192929,0.13635350674409197,-0.2704021556067386,1.3412433425694856,0.22798422234133436,0.3557733241558568
945,-0.3060256598737649,1.173892797550484,-0.4642063999176219,0.6744327167128659,0.13454372450571928,-0.6780362292014457,0.25943278265037506,2.414804938871037,0.003913344891264372,0.10448334608587224,1.2959707064709294,0.12510438247018954,0.4438212041098321,-0.4328112628211274,-0.7735732919382337,-0.3856436810785408,1.047159157233569,-0.2781246311126337,-0.3467966075989901,0.9681447595473991,0.40043563696172124,0.8464603478222639,0.42999594059066104,2.294344420143189,-0.7116948945220737,0.31035079362825735,0.3145078707162387,0.06800877287555043,-0.1992697175725352,-0.2664195633167496,0.8701839451179098,0.932130348826961,0.5530518083057062,0.5708103567467506,1.9689240385779008,-0.599158076839551,0.632953504601068,2.4306068783763464,0.14869452990910062,-0.2731481378174238,1.3424305458077008,0.214682343915859,0.35820390221304593
946,-0.3061050405314379,1.1627413742433073,-0.45203151891400123,0.6777769041422542,0.14128982847542496,-0.6733781335981943,0.2592634601569202,2.416923672338771,-0.012069248780936636,0.09390890152664925,1.330618598636842,0.14479054915113831,0.43811165834385934,-0.42732639802480543,-0.7744601450428662,-0.3861728299976502,1.0471622204410513,-0.2938769380559463,-0.34696681202906593,0.9788536577109889,0.3805728995828343,0.8703924145362446,0.4516715517544626,2.2963264184445284,-0.7199934812223522,0.32157453437311984,0.2934415469532834,0.05296627153124995,-0.18570335016304534,-0.2711194610433576,0.8771931660873149,0.9176146183072073,0.5933963188792707,0.5692009459663698,1.9627401730274037,-0.6005725189064763,0.644386841755988,2.4679153567600536,0.16169780563376548,-0.2675045135924179,1.3692191163574967,0.19936276984361223,0.36143998823062135
950,-0.3038896445058709,1.1515644143178871,-0.44780789143019095,0.6811757862242543,0.1442698228595263,-0.6692320254271131,0.2594499231384997,2.4214908581630032,-0.025993969021950267,0.08146604672495643,1.35352450125159,0.15753406080040488,0.4322117704057468,-0.4253847501466598,-0.7752804841646512,-0.38666229274782643,1.0471650539079724,-0.30796975301178814,-0.347124251126886,0.9814501277513034,0.3784758675331217,0.8876332435393514,0.46312026753860386,2.2943194233223334,-0.725567403147251,0.3219992773237286,0.2734543903555752,0.04495553992597124,-0.17108804882570025,-0.27513869080355746,0.8853605367544629,0.9160452865104997,0.62918027353399,0.5641339747859482,1.9533355621743225,-0.6026304936139675,0.6543863897729733,2.4952054879821133,0.1776247699031241,-0.25511216189194336,1.3894923355347764,0.1823228608975378,0.36591356448893536
951,-0.30016595284310305,1.1648615646477085,-0.45942010162655794,0.6833705779418028,0.13583650320632423,-0.6692123980888576,0.2582786554176035,2.420180955601267,-0.02695020701388583,0.07398980662057954,1.332479572286462,0.14343400775255602,0.4251193738058217,-0.42162667551652894,-0.7760392978523025,-0.3871150457917394,1.0471676748648746,-0.3167382198876381,-0.3472698822923695,0.9827549324012523,0.39654720516724734,0.8993015820078694,0.43896095714765176,2.284294414565983,-0.7185795759433187,0.30891554853982717,0.22492175939138812,0.014303581573799908,-0.16094968479187946,-0.2709470993733466,0.8890060244909903,0.917646054119499,0.6698556401758886,0.5380244781921688,1.9398292009452784,-0.5968222908223016,0.6531007732875925,2.477453202889118,0.1907607492137373,-0.24618664612011115,1.378358130959594,0.1761664576602391,0.3708594721487153
956,-0.29757085343457207,1.1700215207513802,-0.46263777800277506,0.6842642887269019,0.12783747891893618,-0.6710319472578113,0.2552569057167845,2.429407386276316,-0.023579244394811752,0.07408611079985754,1.3193466379253138,0.12508949798739927,0.4185913855169151,-0.4141060560968361,-0.7767412005133798,-0.387533842357359,1.0471700992500093,-0.31861841614082265,-0.3474045911204418,0.9801349902415214,0.41280140197344817,0.9107356429517569,0.43502507573683263,2.274188288646578,-0.7263695242239662,0.30420884088887445,0.1805691820950449,-0.019223722820035316,-0.15054966041456455,-0.2713770364630534,0.8984385735375429,0.9155683794664674,0.709140948261747,0.5224469319778272,1.924341781494686,-0.5953553033312354,0.6575178368620457,2.4617457224342467,0.19372600902790652,-0.24333381677760482,1.3773499949196428,0.18484566875736122,0.3747602367471057
957,-0.29645938149441037,1.1512781839439559,-0.4573588047630247,0.6841944912413298,0.12573245985566947,-0.672117808616637,0.25362747886226783,2.4672004212578447,-0.023379049009359706,0.08606549879712513,1.3348771171106386,0.10966864050082574,0.4150777978818493,-0.4122330014022058,-0.7773904604748763,-0.3879212291805571,1.0471723418062586,-0.3139297375778211,-0.3475291967864087,0.9557642766234835,0.4380311837791066,0.901986386096885,0.4538618896790328,2.2630818028059885,-0.7599991354178952,0.3092488483329721,0.17408790593690437,-0.03580314160159688,-0.1455844004817465,-0.27720370872832434,0.9163635241119604,0.9209088526161511,0.7200225575078919,0.5339771070140352,1.905255451661294,-0.6145026927152701,0.6671088490973921,2.464593513162316,0.18452089941824718,-0.2442079725293974,1.4126784575968565,0.21335626556740234,0.3751625525740711
961,-0.298220402831552,1.144852993124226,-0.45728581615776576,0.6836620143803875,0.12357584315522127,-0.6740627615276527,0.25094751364287615,2.486034691850522,-0.019687497736981207,0.09618339204851953,1.3310983124531368,0.08788041698111362,0.41170724567975314,-0.41015686900157433,-0.7779910259392605,-0.38827956199201524,1.0471744161707894,-0.3072061680412097,-0.347644457027428,0.9407714361102789,0.4596881142264587,0.8918306279957992,0.45586684780406006,2.252605882599952,-0.7817782947067965,0.3131704247772096,0.16616042098780523,-0.05429631011985711,-0.1412985364466341,-0.28259338057370004,0.9207700563401782,0.91986155262109,0.7431060469419146,0.5313656451556611,1.891294380747935,-0.6251526538452038,0.6759805354150877,2.4527858913813274,0.17414379941952968,-0.24469908479363311,1.4188500452590571,0.2364437505187771,0.37549029162246067
962,-0.30472850437804994,1.1544911542590475,-0.45409461686212904,0.6857375927746618,0.12537287365848157,-0.6727964606825405,0.2477711018243914,2.4478258257827057,-0.02139919995178779,0.08368389363267927,1.294014602078345,0.07430939504715618,0.406372016832186,-0.39759936654192196,-0.7785465489938158,-0.38507314085621513,1.0471763349579801,-0.2994370918732694,-0.347751072750371,0.9683360485206235,0.4475015669731566,0.9094423782268802,0.4386641948513919,2.2513515208166583,-0.7614006893888546,0.3104744924708375,0.13833282509702008,-0.06969025426575899,-0.1292399729976351,-0.28028233857154533,0.9053939291151804,0.8935068745638362,0.8088217514397604,0.4990148282759342,1.8957931212787875,-0.5989437830182532,0.6617714197167305,2.42848595813059,0.17651854166899733,-0.24118357654414987,1.3616382406810017,0.21702941493749112,0.3796429635582387
965,-0.3089051469210542,1.159902168028203,-0.4476487218871575,0.6882452692906245,0.1268259495005474,-0.6704542289732709,0.24642393285599773,2.4164316047292633,-0.026893222760476537,0.07181357371931094,1.257027110898081,0.06160048007428396,0.40057633966917355,-0.3854646682803749,-0.7790604078192797,-0.37901270037131646,1.047178109836132,-0.29581208202209525,-0.3478496922940932,0.9918413162368392,0.44194717911188053,0.9280078644397318,0.4219827213120076,2.2488291605276434,-0.742673322100171,0.30517487296454965,0.11661894876214624,-0.07567106972774336,-0.11634254176308129,-0.27291656675008885,0.9129588343095465,0.868474962576119,0.8669951257000987,0.4787054640191702,1.8951854969323236,-0.5774277146729695,0.6416518753775284,2.4117670858823677,0.17906460019363973,-0.2398800286331382,1.322546431140257,0.19391268746579837,0.3846304329649538
966,-0.3063958328136837,1.1668593442547464,-0.4473120577810167,0.6869560603196704,0.1211273382634872,-0.6736615720387807,0.2441303452533477,2.426433231366897,-0.02202058456353961,0.07459042874911649,1.2439275529986715,0.04518736550309431,0.3969947539046424,-0.387243225285649,-0.7795357272328337,-0.3684974639052427,1.047179751598422,-0.3011081626913658,-0.3479409153720362,0.9852067440610547,0.4726612661643866,0.9259520863368589,0.41181689926865916,2.2383203688786506,-0.7530820155294785,0.3031268096167963,0.11235904349752444,-0.07410470119449075,-0.10628901158384656,-0.27427886055620804,0.9461847369814873,0.8657713452501948,0.8871853915009908,0.48809382574420634,1.8783778821161363,-0.5976350007262128,0.6523318821707653,2.413065476164525,0.17125462669064068,-0.24150604639042747,1.3376179604758718,0.196860729415692,0.38783898727999466
970,-0.30244333920789607,1.173093340127739,-0.44807144859211606,0.6852650559506881,0.11699375741952012,-0.6776385378184772,0.2398546974336738,2.433862330620754,-0.020536444745280796,0.07564770714232233,1.2483922450655909,0.04284167852751921,0.39462499119555455,-0.39264436871633657,-0.7799753976903713,-0.3612892812159647,1.0471812702285404,-0.30926932435007726,-0.3480252967191335,0.9806866573766856,0.49274758807280367,0.9291227630178209,0.4111879011402731,2.2315700641023937,-0.762053066318082,0.30486515063112857,0.11144785718927898,-0.06926679607352423,-0.09165582624803252,-0.27971359350630237,0.9761591448629738,0.8591938501224515,0.9013961275818604,0.4927928975784249,1.8599126973094624,-0.6190387285494314,0.6623118410079579,2.425467513583412,0.1640632799710241,-0.24301248192025943,1.3531343079388929,0.1970279280846182,0.39220627744908865
971,-0.29604868085853714,1.1669682484266075,-0.44655856339580036,0.6847496746113687,0.11680702682014284,-0.6796536405457478,0.23567972016695576,2.4437115895010537,-0.031984134646488,0.07911214977941733,1.2761437358121797,0.06073119781462252,0.3931611177394722,-0.398252134125086,-0.7803820928635934,-0.3636450101247673,1.0471826749613997,-0.3241915250184569,-0.34810334946519844,0.9775142600491948,0.4958331159752916,0.9432766850345118,0.4265757381947444,2.233071927457119,-0.7644744915737351,0.30945290087841526,0.12009482913265465,-0.06311155999621383,-0.07342984339145586,-0.28491502399332963,1.007031795836337,0.8494352999699202,0.9009889596438229,0.49208452322876256,1.83559757506029,-0.6244673489891246,0.6610090562430624,2.4432058282702247,0.16048402574484508,-0.24853445753096154,1.3718957692205251,0.19810940065249422,0.3971895585110366
975,-0.2878202366008492,1.1707387059392387,-0.4478149415323174,0.6848667243588354,0.11563920758661309,-0.6808753246866395,0.2323659522554932,2.4529143097148025,-0.03647877236280604,0.08755258677234373,1.2924214786109878,0.07650202095537531,0.3909947164326313,-0.4102630368396379,-0.7807582858988238,-0.3658240593654097,1.047183974339295,-0.34106582688906223,-0.34817554825530855,0.9706557656673642,0.5018273286599073,0.9464172025100233,0.4421626262632151,2.230542836602008,-0.7722768809203839,0.3090891379214772,0.139515341390721,-0.057779877531193465,-0.05592007713998754,-0.28972634719382984,1.0391306502571054,0.8449330269024202,0.8869126706076771,0.5044457944603017,1.8085620673191167,-0.6321928862867461,0.6668169060877956,2.4471235216578,0.15451165117531238,-0.2506584069658953,1.3865623425211124,0.21132944009847562,0.40041926055804555
976,-0.2829842268564696,1.1974518086617816,-0.4492013263885858,0.6874973195788298,0.11666695072541876,-0.6786698689286483,0.23052866890850796,2.4244231323012575,-0.02542416473020497,0.09140905459267835,1.253756074780159,0.07693263632233863,0.385282845446742,-0.4233075098897432,-0.781106264456412,-0.36783967991300404,1.0471851762638476,-0.3547218823154333,-0.34824233213616035,0.9800477698680271,0.49634872336951097,0.9358835824402989,0.44438735211887387,2.2199010463849915,-0.7766559604158749,0.30017347101474756,0.1598546205641318,-0.056175581648930106,-0.03888556438898474,-0.29417682115429256,1.054445368143309,0.8381450920558833,0.8903304902191401,0.521905893556891,1.7968471475873358,-0.6386367308204525,0.6757104881312108,2.411196278881009,0.14615424610442954,-0.24298115641352871,1.345881083568523,0.222013361169968,0.4005969874637845
980,-0.27616052781858175,1.2057557709960853,-0.4488333549401282,0.6900065676992085,0.11553417236147429,-0.6761806176051096,0.23091679004325208,2.3983122224438884,-0.02050810526473104,0.09028440409519913,1.2252966878000278,0.07939757943971526,0.3773163579246264,-0.4257802940306655,-0.7814281446221811,-0.36970412891952875,1.0471862880440588,-0.3637403619564491,-0.3483041072259484,0.9853728514661165,0.4857759892454557,0.9238615245562316,0.4538841216544316,2.2096376078158952,-0.7810981624155301,0.2936566415309364,0.18488594208907533,-0.05694356135117609,-0.026459814762368177,-0.2982935095677206,1.0717114689568628,0.835468179189301,0.8973319192638991,0.5374942023335855,1.787320404241837,-0.6414110220279559,0.6839370515213701,2.3827405762004137,0.14135321450491353,-0.24118911760183764,1.3100536172374904,0.23030149773594685,0.3988674724671467
981,-0.26463673294043927,1.1794737792589682,-0.4509253897615548,0.6894273132085,0.10828503822903815,-0.6772085289677245,0.2331371669022662,2.41680977804327,-0.02783190277536961,0.08724910122943391,1.2590063362502477,0.09071493029327862,0.373638485994733,-0.4166065351416125,-0.7817258837755175,-0.37142874425056405,1.0471873164407546,-0.36375947921418994,-0.3483612491840023,0.9688952716396538,0.4857636987803493,0.9119735823377989,0.4809119615929841,2.2047700606430474,-0.7927395317661499,0.29358003637101776,0.21091381716631166,-0.056310833187574856,-0.032516250716768835,-0.3017504344567496,1.0970020123691044,0.8470790738096486,0.8944193047129511,0.5534062218306822,1.7784104594794667,-0.6463484462306173,0.6915466226572674,2.4058819603543014,0.14333631321520768,-0.24977975662851834,1.3406255816954518,0.23605723373234686,0.3981512657684969
985,-0.2570288895806709,1.1733176333179434,-0.4580196995332771,0.6879761342379811,0.10038833837147018,-0.6793239119081145,0.234797876795841,2.4382578733908655,-0.0281466838192025,0.08655341257680337,1.296792094915148,0.09882214952624928,0.37132110540757673,-0.4133621532268518,-0.7820012924923537,-0.3730240134317717,1.0471882677076978,-0.35936148099138643,-0.3484141054952022,0.9512659022597753,0.4887479978513827,0.8996779962460678,0.5047379477826127,2.2014480494925603,-0.7994676966671435,0.29365416567147473,0.23198931768092723,-0.05668703364713147,-0.0443940172167723,-0.30529910187249343,1.1080908868744872,0.859659780465128,0.9019582782271065,0.559646381562338,1.7745049450349022,-0.648801576349777,0.6985854759579724,2.4236022950762113,0.14749538302715817,-0.2523993388836788,1.3776604149879386,0.24285168394589896,0.39881234896394246
986,-0.25712312354512545,1.203156978802331,-0.46752045889200433,0.6848685550623611,0.0938909360745035,-0.6840685252361843,0.23278704257548125,2.4525543362610276,-0.018629969715295902,0.09546965390108109,1.3135455465688013,0.09957819282040392,0.36856323393158125,-0.4226843663418746,-0.7822560455554272,-0.3744996374243888,1.0471891476296205,-0.35528944736429013,-0.348462997583062,0.9435083218364486,0.4946297109000133,0.9052638921768351,0.5059380324970982,2.204412737042527,-0.7920078886584686,0.2990060983820534,0.23580381602663184,-0.06045883505652687,-0.04505610857592756,-0.3085816192320564,1.1065945709840583,0.860657079562888,0.9158048135073561,0.5391587719384362,1.7709420246718466,-0.640973464340812,0.7050964152611243,2.416787970385562,0.14911011912876504,-0.2503880398727896,1.3977730094391796,0.2578702430288296,0.39997925225915354
991,-0.2568646995234086,1.2067727779637192,-0.473103518167388,0.6804195403152431,0.08835332293330653,-0.6898900642106893,0.23081299527367846,2.475998731607261,-0.01124991430560153,0.10401437376228012,1.3389142211096454,0.10012917486612673,0.3656045381027136,-0.4281575916443477,-0.7824916921387702,-0.3758645896175596,1.047189961557399,-0.34268939272122184,-0.3485082227643324,0.9312714567345715,0.5000319440062211,0.9129520691804471,0.5057230882086233,2.207729422513046,-0.787845364998282,0.30584167801908113,0.23958367012826706,-0.06588130214983315,-0.04890801637012094,-0.31161794778965224,1.1079350414667006,0.8600160883419135,0.9338663984980646,0.5056718330765747,1.7656405037361211,-0.6262602725095937,0.7094783165303452,2.4227087743075137,0.14659420393908615,-0.2520474871942779,1.4246266879111866,0.27227884708604644,0.4020643343617501
992,-0.25539453631358144,1.174029565305217,-0.46885658770833427,0.6788090679068775,0.09085617620425794,-0.6911405308794644,0.23084230796929117,2.4847730976914253,-0.009741283791219942,0.10371226976147495,1.3434731520382992,0.0996715276871095,0.3628831723994503,-0.4285672659768036,-0.7827096652283625,-0.3771271703962426,1.047190714440594,-0.32326306201117,-0.3485500560570075,0.9197659896780307,0.48903661990109276,0.9043383243395827,0.5093613361029721,2.2035392970775747,-0.7946853728912139,0.30443158653808955,0.2551302663920392,-0.07211099216503092,-0.0633080911634315,-0.31442655170542827,1.1068368999151401,0.862001844913851,0.9572660650751363,0.47586046935070536,1.7647428444007738,-0.6110196733376623,0.7085922184325377,2.4279279796031794,0.14084382637502618,-0.2504161866980766,1.42791924369283,0.27621391347577123,0.40291206689504966
994,-0.25737742667269586,1.162981605650032,-0.46674971484172456,0.6772321285346916,0.09321628628365615,-0.6928775026328498,0.2293210291210112,2.4793324342467447,-0.004294013144926581,0.10569605659379827,1.3275930317880773,0.09591560676660986,0.35924486536735295,-0.4319465051170046,-0.7829112903362354,-0.37829505761652443,1.0471914108575495,-0.3100350887243443,-0.348588751852732,0.9156125904161893,0.4791807898006793,0.8993882649370244,0.501325758572627,2.2003097270741807,-0.7936680128011557,0.3016061536603792,0.26726857685792516,-0.08144876296660696,-0.07545998768283275,-0.3155088197879192,1.1064142469930214,0.8598366068026392,0.9856810686529334,0.45027264676787954,1.7623106289870871,-0.5940408238748673,0.703386391769569,2.4177108422500173,0.13264885519170128,-0.24988041096362118,1.412067812261818,0.2784549672360025,0.4032164660779086
995,-0.26101114637072204,1.1785265832695446,-0.4723106502082885,0.674676167359341,0.08841525115689572,-0.6965509861184448,0.2276214759147208,2.463417225465491,0.005658830365540404,0.11136229592663711,1.306711692956924,0.09011723374166236,0.35619622071966084,-0.4301560301056204,-0.7830977935610176,-0.37937535329528516,1.047192055043233,-0.313201142598511,-0.34862454546377714,0.9211672692240599,0.4876928518243311,0.9081201562061051,0.48562874327346944,2.201831756061737,-0.776701593209791,0.29667114977498643,0.25774575495598506,-0.09180158047625092,-0.07077381604642137,-0.3166651420586831,1.1150419385217127,0.8529232162893273,1.0078807050221539,0.447445507182674,1.755731193199932,-0.5857444900213015,0.7075081063387874,2.3999276659131463,0.1236810786784093,-0.26111645353711416,1.3915287814669628,0.2773142077462211,0.40426255663810734
999,-0.2642547944089812,1.1813208587209214,-0.47163357714108634,0.6743088302895174,0.08718544670923253,-0.6973114965601634,0.22685452616317717,2.444279281629983,0.011336746318097468,0.11275975389877403,1.2843818893952725,0.08734071655418194,0.3530857735799566,-0.4224458491568007,-0.7832703090439413,-0.38037462679813877,1.0471926509149903,-0.31404542538281444,-0.3486576545539938,0.9290911670695253,0.49549761435010664,0.9104058940684917,0.4775295927806529,2.1998856269094915,-0.7643258107548749,0.2866963899303805,0.24184493634044843,-0.10256081024499274,-0.060660657541267295,-0.3183784660533381,1.1206429715199013,0.8473263563235851,1.034402800007531,0.4587138652602446,1.7511178119401942,-0.581419791595525,0.7133498483633782,2.381821706146866,0.11503013663985096,-0.271638097060667,1.36639072811572,0.275217749986186,0.4047945451363035
1000,-0.26739073674063507,1.176844232175055,-0.4636363957766253,0.676495403931181,0.09280207058141388,-0.695179817231768,0.22464809340253908,2.4406900496646604,0.008082084293056301,0.11042438451154454,1.2759903397428864,0.09138352115561074,0.34976358568123617,-0.417685844764196,-0.7834298858656457,-0.3812989547882784,1.0471932020963661,-0.3052831978556761,-0.3486882804624442,0.9339927781310651,0.49623425001689997,0.9006030540668005,0.4757317927479784,2.1944281182538843,-0.7668798278750646,0.2815762179382757,0.2300735189894552,-0.11385122455109266,-0.05658218811343613,-0.31861128351780077,1.1152636784686192,0.8474880716074571,1.068601828257959,0.47533377953554157,1.7504150150022657,-0.577036173768962,0.7170233483698649,2.373080919594234,0.11124367629322308,-0.2724540128627479,1.353939182188935,0.28061828842701336,0.4037097563505873
1005,-0.2695204131311917,1.1818892617208678,-0.46190867156598525,0.6778781050385526,0.09381981989018257,-0.6940545419983719,0.22353390981357826,2.4383909670945743,0.006090842434805262,0.10922329315492542,1.2708387632392875,0.09246299568052355,0.34636957927630707,-0.41325809320169477,-0.7835774944257222,-0.3821539581791576,1.0471937119391388,-0.30718905133307156,-0.34871660942776095,0.936243432527567,0.5018579469393997,0.8960238451960827,0.46718154206602663,2.1916565560473136,-0.7658790393633841,0.2805614981618353,0.2120116421375614,-0.12250144843908581,-0.05072541462444683,-0.31722459352258786,1.1140167193580477,0.8467738144569502,1.1014234059160752,0.5006588721872471,1.7484330324827193,-0.5769003471245477,0.7210023380086428,2.3705861625820566,0.11031689718048374,-0.27495608818709655,1.3470200606667906,0.28127629576632757,0.4026892007503499
1006,-0.2698623082917535,1.1866694408861953,-0.4670878391492888,0.6771514634639701,0.08758647717712922,-0.6946399241562675,0.22642853246108022,2.4274723314172904,0.010660688194582886,0.10990187249921353,1.256274634892495,0.08242908415362128,0.34253730572932817,-0.4058277718840601,-0.783714032343793,-0.38294483631572074,1.0471941835437035,-0.3222742394892715,-0.34874281372067883,0.933520592961278,0.5107707418969604,0.904754379711774,0.4472749556628191,2.192577616424992,-0.7559780873325262,0.2777109737362097,0.1900293174761893,-0.12303677875784919,-0.04085838019934975,-0.31656389852659084,1.119831036331164,0.837851183135005,1.1310098085159352,0.5181740656127493,1.7457594995499435,-0.5776443052701791,0.7258320126579947,2.369965286003009,0.11041968182204673,-0.2818088381380702,1.335034580952568,0.2671903950427143,0.4028193737084182
1009,-0.26874557874536925,1.1869456427111569,-0.4694391627566,0.677107882884899,0.08215590529695205,-0.6950014628949699,0.227482502038772,2.4211162088075344,0.013160336472755276,0.10913130721276913,1.2464191576062709,0.07326722747654757,0.3384379959447112,-0.4005366648183814,-0.7838403299180086,-0.38367639859204167,1.0471946197779256,-0.3312345425484399,-0.3487670526916279,0.9354333707271018,0.517555451696348,0.9103957154601381,0.4367998140491805,2.191683697763442,-0.7536763346335503,0.27443966306560974,0.17698689812644533,-0.12236565258408794,-0.029073934304458315,-0.31900155613709646,1.129660057794043,0.8331794766457368,1.1500445892645346,0.5174714586430454,1.7371697562065647,-0.5773347792945223,0.7289414942312007,2.368127269662778,0.11038735712170565,-0.2848668232008911,1.3278864051486496,0.25605968683527014,0.40314278003944
1010,-0.26508645197071534,1.1859669738395051,-0.4695923957444609,0.678429919544314,0.07713357270350285,-0.6954810006941394,0.2238066886904131,2.4173381055588417,0.011530433044402178,0.10526673071035672,1.241201338353758,0.07023312635832013,0.3341809499989085,-0.3993481536111952,-0.7839571551741579,-0.3843530936976385,1.047195023294581,-0.33050129310828397,-0.34878947373975583,0.9477924787456034,0.522354841100198,0.9041278047628366,0.4482745540165384,2.18684432950025,-0.7603401876021612,0.2718007838433545,0.18046925570898373,-0.13106178586543688,-0.012326551820635632,-0.32125638942681417,1.1432691498216303,0.8403781364223706,1.1403560637419006,0.4992653995017356,1.7126716712052046,-0.5796796701986606,0.7181498791510266,2.359853381651777,0.10820060432720577,-0.28192246409082616,1.3240269035548127,0.2566947598378056,0.4033521814872267
1014,-0.26222487138654804,1.1838362447615685,-0.4694807014387595,0.678921971689756,0.07303180087298287,-0.6962702950676805,0.2212215826372015,2.416358090036459,0.013645981181386218,0.10260118109095466,1.238932621457325,0.06740770093661566,0.33004880004103754,-0.3987519739008838,-0.784065218536096,-0.3849790366703155,1.0471953965474876,-0.3294881223896718,-0.3488102132092741,0.954251633686422,0.5239425600196914,0.9004105806071385,0.46315326068080453,2.1843821269092825,-0.7637237426431333,0.27186924649727867,0.19093363933568194,-0.14190211523435206,0.000727505013206117,-0.32334211021980314,1.1553865317902519,0.8401383957864491,1.1277457375757143,0.4823362972525646,1.6898821366776158,-0.5802835443948454,0.7103604393201545,2.355819753511789,0.10604956731128992,-0.2785011787250172,1.3217747392032797,0.257790165451356,0.4036032579981672
1015,-0.26375400675406957,1.181056421822544,-0.4649157520727999,0.6789902051274266,0.07677349568595257,-0.6960972304171975,0.22028794226348658,2.4293012606157647,0.018411304874434143,0.10307352309410489,1.2499887891458272,0.06742059428069896,0.32729854302287853,-0.4009160561884391,-0.7841651771458887,-0.38555803392004184,1.0471957418064257,-0.32860552218723255,-0.34882939721857853,0.9525096192085495,0.5212125946631982,0.902986407409482,0.47779045813266485,2.187575257558437,-0.7689768537763458,0.27950855549747583,0.19989566070035067,-0.14705883047846335,-0.00022535480809919646,-0.32527140195331783,1.1603211503314654,0.8280424944199608,1.1395545355966106,0.48393798274173566,1.6854458302833915,-0.5779308471984889,0.7155602625159306,2.36517334811777,0.10598732560346259,-0.27505505354332915,1.329911312089906,0.260358364850205,0.4031004622562504
1019,-0.26337360721540565,1.174429419427504,-0.45938527692351094,0.6796992185051608,0.08077297821831149,-0.6961375235262784,0.2165115393966748,2.4497251697472135,0.017123439798545123,0.10376366018613452,1.268401210900893,0.07105159536008832,0.3258401649661358,-0.4057420345993237,-0.7842576388599469,-0.38609360637603873,1.0471960611709439,-0.3279354284891451,-0.34884714242718506,0.9483135437383015,0.5248857117346168,0.8965777187210664,0.4957857105703157,2.188744460341913,-0.7782693682505104,0.28692563516856784,0.21882787809151494,-0.14520885505427242,-0.005972628925668091,-0.327055996806819,1.1648031803900503,0.8227691753996226,1.1471393687054081,0.49219174450666264,1.6808148804037886,-0.579685080408481,0.7204203783689015,2.3795050845114067,0.1045846106007612,-0.2708521505925087,1.3458560754056663,0.2687290513245986,0.40167985527384376
1020,-0.25789883565281696,1.161653160620568,-0.45556317949161806,0.6806577445688723,0.07869773778040333,-0.6972966381080171,0.21044975483454392,2.4708667927216226,0.007176506440713561,0.1053835497361682,1.2892453669707116,0.07657081305890623,0.3255611256215642,-0.4089162078111535,-0.7843431659454511,-0.38658901089783587,1.0471963565831233,-0.3325331836950613,-0.34886355674514624,0.9306113913863016,0.5422348958566529,0.8757711766169524,0.5059034840708737,2.183228304761288,-0.7846583243965476,0.28696105414510686,0.25727283422868463,-0.12724445679108679,-0.009651044553576137,-0.32870674704630753,1.1624580819182275,0.8208119257759376,1.1377085268571685,0.5086787891448541,1.6704447581719222,-0.5890676416305524,0.7252936999912339,2.397605519200493,0.10108758180777512,-0.2694457124892768,1.36686937366433,0.2795529664455742,0.39972028527716735
1025,-0.2545929597379865,1.157046599451437,-0.4516984112293689,0.681082491472971,0.0794566343716112,-0.6985032003527574,0.20471092340239727,2.484493894400979,-0.0013620319674657495,0.10841674856343865,1.2983559500716169,0.0810246418939819,0.3261180173495283,-0.4143331184648477,-0.7844222784995422,-0.3870472600804981,1.0471966298393889,-0.33800731284809404,-0.3488787399892602,0.9096046520862602,0.5542540639635158,0.8548035872082411,0.5185146255230584,2.179957378011592,-0.793284112182464,0.29163621756875024,0.30982231025348966,-0.0957353677228618,-0.020486294475919535,-0.33023369101783445,1.1566630041537327,0.8125023467467976,1.136003059638937,0.5309337309931549,1.66732939070012,-0.5975062039868104,0.7298015224918913,2.4101161591155114,0.09630034413814044,-0.2676162967423614,1.3756806382267757,0.28697523780842293,0.397990544779361
1026,-0.2551529889654306,1.17044617228653,-0.44921860013628145,0.6807746744348094,0.08407370437016776,-0.6999301200628185,0.19893537119000546,2.4744707106133217,-0.0037272836947822336,0.10963571332791291,1.2690179587362336,0.07739555912290132,0.3259084907257673,-0.42378882360975023,-0.7844954576120765,-0.3874711405744607,1.0471968826014348,-0.3409554950428057,-0.3488927844900657,0.90293780477994,0.5528901558318562,0.8448865222026494,0.5402249473161101,2.18444103590693,-0.8085940710910878,0.30568960928024597,0.3727437114399965,-0.06068647204112258,-0.043635658297286516,-0.3316461141914969,1.162720524499059,0.8028370200229753,1.147401115356339,0.5374840493317269,1.6695330722143702,-0.5984626794561619,0.7338412917399175,2.400903955378703,0.0880940919008244,-0.26312654352691156,1.346452307382568,0.28288431045222856,0.39768955371425624
1029,-0.2539902689330705,1.1780388974649454,-0.4466355833088447,0.679402038541367,0.08514592012026984,-0.7026978993290338,0.19333573024992168,2.4645493887851746,-0.005018546711460241,0.11262575797645914,1.2386073947949803,0.07291043028278839,0.32591207393287724,-0.43019700375707765,-0.7845631482911708,-0.38786323003137607,1.047197116406327,-0.34176669739589793,-0.3489057756533107,0.8987514411276929,0.5559703437874086,0.8326452108676282,0.546800896089422,2.1867807640316097,-0.8199517986035927,0.3135646223844967,0.43804462501893054,-0.019547152584834186,-0.06666882138401893,-0.33295260562713463,1.1737514267725995,0.796107826108371,1.1534320333746193,0.5327937807355974,1.6672981953022468,-0.5988205258812745,0.7320894508269371,2.393678866281403,0.08018514845369769,-0.26314718177684004,1.3204780660871072,0.2787115805246301,0.39727931468766425
1030,-0.25115327866075093,1.1705464766301683,-0.444052738608263,0.6764297448981437,0.08223820041954538,-0.7069910756063786,0.1893232622308275,2.4778770030712827,-0.0038221068350273476,0.12052628341224682,1.248057425601351,0.07800880557295033,0.32795164194395526,-0.4333356780008279,-0.7846257621693331,-0.3882259127790228,1.0471973326758526,-0.3363563636806449,-0.3489177924793125,0.8954469326481379,0.5647038449072924,0.8121864470045923,0.5314075579049949,2.182499750599307,-0.8204362504018436,0.310310771382244,0.4855909535993564,0.020646628050653346,-0.07619654428786714,-0.33416111020509953,1.1834547339680348,0.7939113664739599,1.1434985276493472,0.5210277493204865,1.6577482239923207,-0.6002692928146818,0.7229868425214905,2.408647193794836,0.07757196767177424,-0.26827697425269253,1.3379645783948777,0.28819711591731817,0.3954357858042253
1034,-0.24996650948437954,1.1684071975327255,-0.44365157591964133,0.6734533696026658,0.08066675472211911,-0.7109340943776483,0.18581212851923778,2.4825253427253218,5.287499105975494e-05,0.12546408632970882,1.2557489742197314,0.08516441810299615,0.3301494785856365,-0.43859202333719144,-0.7846836800066332,-0.3885613943205961,1.0471975327251637,-0.3319322124715132,-0.348928908043364,0.8959831565517733,0.5690149338250481,0.7990249227066655,0.5232270898021663,2.1820351600375956,-0.8181587556160634,0.31173251389663376,0.523999123900064,0.05879044018631229,-0.07900874469357151,-0.33527897693971703,1.188356116573008,0.7911549563757209,1.136483153659093,0.5149439485312021,1.6513692735804297,-0.6003423528041879,0.7181104558182323,2.4140200417479862,0.07463966752491472,-0.26902670914562576,1.3478633412729977,0.29621342505123455,0.39430286379877416
1035,-0.250030002041127,1.1705051678774039,-0.44243613796455794,0.6722813978161865,0.08212373781560814,-0.7127308563679615,0.18250517860734755,2.464203982698841,0.00238250840170845,0.12183060587495763,1.241342257725559,0.09004441241445896,0.3305523998209655,-0.4427926231420858,-0.7847372540061357,-0.3888717147465514,1.0471977177707765,-0.3378488846483202,-0.3489391899401117,0.8922013378385261,0.5757035269337845,0.7962374183277762,0.5352322722609902,2.188259395361339,-0.8159638869611041,0.32095998614291843,0.5593308225465939,0.09854455637730371,-0.07697454900419058,-0.3363130036692383,1.1810149544698219,0.7874325121940905,1.1440760913118961,0.5388709368600214,1.6565434636791598,-0.6048513333051218,0.7231570216318648,2.396145356366276,0.07027901223603429,-0.26252703900214397,1.325844517294165,0.29401966417913744,0.3948571066509077
1039,-0.24828021625643792,1.1699110156440031,-0.4414153643050963,0.6711831028538653,0.08037996097627066,-0.7146391355534091,0.17984218151586936,2.4513879981956443,0.0068612302938635406,0.12116802656633381,1.2295581664741957,0.09367846713422309,0.3303647409686591,-0.44101967989920854,-0.7847868099556756,-0.38915876114056003,1.0471978889379683,-0.34742836054837833,-0.3489487006946033,0.8836984796541101,0.5903356943466259,0.7949139070131588,0.5490844695948296,2.1956750662899536,-0.812175643713575,0.32922926061722063,0.5825057025208997,0.13641267477225666,-0.06691808928203492,-0.3372694783940455,1.1768185910090987,0.7887703060264986,1.1472967518945307,0.5702556155730634,1.6627086419868928,-0.6129435721490499,0.7278250950094748,2.378938338177753,0.065924393289305,-0.2598189066859822,1.312236536908757,0.29659437908906894,0.3952342105192268
1040,-0.24395081775933478,1.1747392912197652,-0.4432539619644702,0.6688888849089322,0.07312237655211182,-0.7185333892562827,0.17592767325391287,2.448401080558681,0.01757210620688629,0.13133474609884083,1.2150601636024787,0.09111184397260141,0.3302795673785015,-0.43517493113110645,-0.7848326492090001,-0.3894242790550181,1.0471980472676203,-0.3575725027374211,-0.34895749814250815,0.8704872081983848,0.6089858719817964,0.7994888382701885,0.5620815918768599,2.206677777271076,-0.8151564439804807,0.3400637261413957,0.5960529212667657,0.17010728781899684,-0.054773508985920226,-0.338154217514492,1.1846296240931526,0.7900128524559356,1.1400206693347161,0.5893461192196742,1.6657684181332446,-0.6200894074156983,0.7321430628837641,2.3624976630519328,0.05572973540324606,-0.2666197441293839,1.3065528497756127,0.3083574348263833,0.3952061376126336
1043,-0.24038857414552195,1.179522212031102,-0.44479398506085654,0.6665472575702787,0.06671976519064672,-0.722142057189374,0.1725516606606387,2.4471774754480093,0.02762505209600049,0.14041207685881113,1.2086034534668355,0.08994392471961221,0.3300440345935274,-0.4318149809783089,-0.7848750505183251,-0.3896698831258917,1.0471981937225485,-0.37011229897109554,-0.34896563578182005,0.8543640550187944,0.631964428420277,0.7980520815549433,0.578362020710708,2.21608534238334,-0.8264221625182094,0.3487665104153212,0.6157248957126165,0.20491190490907732,-0.04455626645605469,-0.33897260120090505,1.1826455707105037,0.788617875511194,1.13414664591232,0.6200745483871997,1.675149665020734,-0.6311716732905721,0.7361371831674818,2.35289125924677,0.04417358500877323,-0.2752940557666034,1.3023806858863063,0.31804527728487336,0.39542531943358417
1044,-0.23820823791287438,1.1779559215983881,-0.4452448715125925,0.6647819563095602,0.06305024430470708,-0.7243423257401355,0.1715162161421547,2.4613034264470985,0.03183325583258812,0.14341742850162637,1.2351287435698897,0.09946437919851496,0.33083311834601414,-0.43575952008904256,-0.7849142717294506,-0.3898970668914499,1.047198329193357,-0.3826037079718765,-0.3489731630981836,0.8367768152536079,0.6593173337194003,0.7738421234643496,0.5880801607097771,2.2149410720774196,-0.8421464813635948,0.34816273777838047,0.6538576622015091,0.24541914130765816,-0.03852740700952676,-0.33972960611083725,1.164339096413,0.7914286278150084,1.125388531547259,0.6655658693544504,1.6884331996062811,-0.6500225181968083,0.7398317444299207,2.37363817997096,0.03795021014428251,-0.28434379894807743,1.3247649603183205,0.3240787796521185,0.39506079220036583
1049,-0.23539179070972224,1.1735186558373714,-0.4461885589466162,0.662617601226386,0.059685307251293666,-0.7275548894002528,0.16744987773388967,2.480635331407294,0.03846178778144686,0.14819568325235577,1.2587448226270075,0.10627375033857801,0.3323503641520411,-0.44246760719775563,-0.7849505513497419,-0.3901072118745911,1.047198454503855,-0.383543789149913,-0.3489801258658199,0.8119651433821774,0.6790156724427422,0.7472420970155386,0.5898785255938938,2.212196352207506,-0.857321470376426,0.34799307173103816,0.6907906251550345,0.2858620803278332,-0.03568184207973204,-0.3404298356525245,1.1493769120086452,0.794159292811822,1.114368545173038,0.6852165347834438,1.6989639321852978,-0.6632744540707259,0.7432492135976767,2.393835044493983,0.03443702122176913,-0.2884774380826327,1.3521961851312836,0.33152160351478177,0.3950484411534013
1050,-0.2326782673053324,1.164074132877313,-0.4444282070562522,0.6593124204631559,0.057669720560629044,-0.7328075897097437,0.15803281943086847,2.486100931591193,0.05137360053399081,0.15276590222822278,1.2516234916346745,0.10112097294261375,0.33307274271109466,-0.44735277851827426,-0.7849841099985111,-0.3903015959839967,1.0471985704160662,-0.3605244455563892,-0.3489865664258833,0.7841557001103444,0.6823696250761844,0.7320065360652708,0.5806825893718195,2.2114592006162623,-0.8645143493557237,0.3497278488770856,0.7062397490748358,0.32362650055911213,-0.035703794027342625,-0.34107754797858514,1.1463149000833992,0.7876360483783281,1.1149823043652343,0.6483106557046399,1.7044948174620564,-0.656378780603289,0.7462067645127568,2.3874394924427946,0.03408584603766672,-0.27921256932365834,1.3551312783013243,0.3365590570585326,0.3970914361196596
1054,-0.23080886416874283,1.1547322447442332,-0.4413544607650504,0.6562153998391344,0.05586880201258216,-0.7369104652543321,0.15239091893642304,2.4906020139652596,0.06253683972865116,0.15655165081115768,1.2470604391355198,0.09543845172632325,0.333407127437378,-0.44935529341992436,-0.7850151517486228,-0.390481401285197,1.0471986776348614,-0.34355998925011116,-0.34899252394394203,0.7673988315489351,0.6819468191658319,0.7152646371710786,0.5699490457806153,2.210000657074333,-0.8718381531137795,0.35293399188518926,0.7190168618498822,0.35779860481708475,-0.036728546413783876,-0.34167668188019124,1.145393032957483,0.7779750951023966,1.1192366849708335,0.6190218820946781,1.7082276553280022,-0.6497817645320078,0.7484034573983199,2.384219914430279,0.02822843626870344,-0.2780629124722623,1.3523378759284725,0.33583206131432,0.3992150629065815
1055,-0.22997581870228923,1.1516621236620537,-0.4403913650644751,0.6547579627912689,0.053439496462350994,-0.7379325489506351,0.15456967224684168,2.498482009516671,0.0681825563226314,0.1647780347572671,1.2510368790617665,0.09268953128450702,0.3334624835883483,-0.44585386132448857,-0.7850438653674761,-0.39064772118880714,1.047198776812247,-0.35606452179914033,-0.3489980346481463,0.7631423775504267,0.6847996337095158,0.6988293845208797,0.5757899088596985,2.214967715091349,-0.8871166924330007,0.36600345043914184,0.7340331104799539,0.3754200093548777,-0.03152837129945247,-0.34223088073917685,1.139825644938986,0.7738725527176089,1.1123523594541198,0.6476728857452687,1.7139359575654065,-0.6630671241874817,0.7511780480934458,2.3872302904367038,0.009654197776102946,-0.2964478939866969,1.3499458531344388,0.33510366437339345,0.3996070692865883
1059,-0.23258657055117404,1.1589358441665125,-0.4412402193801712,0.6539555594713155,0.05226091285835698,-0.7383316185779003,0.1564523704898961,2.489999823370319,0.07597560620994427,0.17274580346493365,1.2412135078307611,0.08848397077496577,0.33284233970659977,-0.4412095680263369,-0.7850704254649155,-0.3908015670996466,1.0471988685513287,-0.35943609905369595,-0.3490031320495353,0.773522178120297,0.6831691026031285,0.687894057399172,0.5851847628849781,2.2218305736515354,-0.8877475181707166,0.3754858365161594,0.7275731411152303,0.38295821751246517,-0.023355723070029026,-0.34274351468373865,1.1410440823866066,0.7662202807718039,1.104397380667633,0.6639511323274033,1.7178287044460092,-0.6681502233334485,0.7537445444864375,2.368878385593227,-0.0031083537660474294,-0.30558004280031,1.3344148180857545,0.33616181403508155,0.400273269628229
1060,-0.23938693988872428,1.1856905077744693,-0.44486421586959696,0.6533605512617358,0.05158007812854668,-0.7389497927332731,0.156245606065151,2.4595315102491653,0.08962020262734222,0.175945391203165,1.2202074601845918,0.08646109094797658,0.3320402449147582,-0.4410998006953175,-0.7850949935550467,-0.39094387456717306,1.0471989534099788,-0.3420797710004642,-0.3490078471458202,0.8093635308226678,0.673990213004692,0.6805663184927409,0.5894555133809662,2.2216146543394815,-0.855151539858275,0.3661051383227646,0.6968011313611261,0.3909135416376002,-0.018528556126831207,-0.34321770108245825,1.1607861707321996,0.7462465954771124,1.1077969508763172,0.6366790884447499,1.718132481127955,-0.6474085830055544,0.742870982074245,2.330068925186068,-0.003957466724441447,-0.29820015170526687,1.3106234176171778,0.33680291882766783,0.40201503808653516
1063,-0.24017719157912287,1.200189567499755,-0.4417073612315293,0.6541473697989956,0.04542290866254532,-0.7374152650037451,0.1620083482205368,2.436407332573738,0.09663714121819936,0.17888033328359315,1.2223058654881822,0.0893861541604829,0.3301669215247612,-0.4333350904347023,-0.7851177190384182,-0.3910755089746351,1.0471990319042306,-0.32984987240934693,-0.34901220860988363,0.8530000169694764,0.6478607881665007,0.6748324276837498,0.6018338833599252,2.220826406174361,-0.8046343890895609,0.35067782228701433,0.691508688423819,0.40559484471224233,-0.013178098783314999,-0.34365632350127384,1.1883195402297966,0.709226899362499,1.1173047035752552,0.6225988924918487,1.7204812862021395,-0.6189864957616644,0.7263179555386032,2.30391687844463,-0.007201478560698034,-0.3024121388513018,1.300930340007988,0.3326002883698414,0.40172886166121047
1064,-0.22870485161990575,1.1775363040064597,-0.42469756427646355,0.6566828841923228,0.033774835984388116,-0.7337473197498955,0.17100210765638094,2.4452297211644614,0.09001536369801204,0.18221822243316416,1.2704311132085262,0.09760670976031185,0.32765474122449756,-0.42340954314817375,-0.7851387401105369,-0.39119727080153743,1.0471991045114135,-0.31540150038814363,-0.3490162429641423,0.8856511861071639,0.5943150119171297,0.6655561063103101,0.6168316302037826,2.219427293856782,-0.7676830362905895,0.3378214686569361,0.7473218451192005,0.43462636729276916,-0.008544956886751682,-0.34406204923867834,1.2108371997161256,0.6483267754081977,1.1274374641932314,0.6273897129068134,1.7262249811045436,-0.5975565967984862,0.7098207251592575,2.315717000240953,-0.00895862662455524,-0.31945713778951534,1.32636454265256,0.32437095277627154,0.3981179754598461
1068,-0.21727849486655587,1.1695506718236202,-0.42033715767792246,0.6575305696503048,0.015573731739170224,-0.7312593428435705,0.1807506081844581,2.4296483212132522,0.0857693109657316,0.17905442002318647,1.3176737750401213,0.1020842197462184,0.3232492096568337,-0.4285409393128469,-0.7851581846022466,-0.39130990049142217,1.0471991716730578,-0.3225923647734342,-0.34901997474183166,0.8500134950283029,0.567818429460775,0.6707482889687691,0.5985077286279948,2.220948086655385,-0.7211751329059671,0.3246921910491234,0.8090827067352606,0.44569584329931006,0.0071696394718740435,-0.3444373455457775,1.1418178516302542,0.6451171224446484,1.1564664017509214,0.6407294983440485,1.7375123946638888,-0.5816674990850568,0.7046192527675478,2.3049709815911994,0.0013457437600183598,-0.32308784952798175,1.3558152194871835,0.3094038653162361,0.3943687148741541
1069,-0.21082646746135983,1.1954929450256662,-0.4374556357904048,0.654231420367117,-0.011143237149069986,-0.7309705094234995,0.1937503321891705,2.3544327870476636,0.09234763897050727,0.16445453857641587,1.3129589507893804,0.08935432721567345,0.3185649135806159,-0.45530521886438335,-0.7823446042979766,-0.3595268356361833,1.0471992337975786,-0.3709721867734922,-0.34902342663619434,0.6900719757110374,0.6166253275801864,0.7160448123874469,0.5536196489808952,2.235221505922395,-0.6811494031831236,0.3279387635327209,0.8029157605365344,0.40348768497664467,0.03042265827887549,-0.3447844946298441,0.9209650730817618,0.7556960107046287,1.218507663364849,0.6897853406613602,1.7591980074307187,-0.5889218834496992,0.7106776588099816,2.2389005897934546,0.015730652934478912,-0.3043781688702271,1.352653040378527,0.2873167379472492,0.39524273547676675
1073,-0.20062786455285334,1.2060886238325537,-0.43830729988790473,0.652304192617077,-0.03610258729277039,-0.728299828587087,0.2068216699598253,2.2742540288613267,0.09993840340310535,0.14678209284426752,1.3211722465957854,0.086324378507778,0.31354606540030755,-0.47992214790082893,-0.7763752075926433,-0.3260581632155105,1.04719929126276,-0.41392314426541027,-0.34902661963847975,0.5250701121806522,0.6445566780218698,0.7735874132490503,0.529278204269428,2.260118424363566,-0.6496125465869119,0.346377731857795,0.7931491046886918,0.3380291607310321,0.0603948821654082,-0.34510560753260583,0.7054626037897621,0.8743198722622397,1.267032133773469,0.7566915961841331,1.7814778673489624,-0.6009810480961172,0.7162816843992329,2.1712723465762873,0.02599653327529115,-0.2880314908805742,1.3626215936559085,0.27070784554970073,0.3963203597048139
1074,-0.19191895766512923,1.2163659129461792,-0.41129540783814134,0.6538580228747211,-0.04494097823860205,-0.7244344809845151,0.2136461494106888,2.234705239764523,0.10196548196304267,0.14155305204303806,1.3740676665574083,0.10962053163117705,0.31101767003964126,-0.4991117728241387,-0.7764587613176461,-0.3304493811246194,1.0471993444180527,-0.43151437386724606,-0.3490295731655938,0.43047357771980554,0.6463916735747023,0.7920524172404331,0.6054318408576653,2.2783811553673368,-0.6638373869171936,0.37589789493383824,0.8230401821225738,0.29570030119646395,0.08191489621375242,-0.34540263696766044,0.5989424715907044,0.9521249116423318,1.2547561091928747,0.8321476680060925,1.7926539367574035,-0.5999356756700152,0.7214654080692905,2.1412411009382484,0.034817637888867145,-0.2822729782290519,1.4127736357574208,0.27521428003598,0.39536165481202196
1078,-0.18534315019802844,1.2387615800536447,-0.39942910818795907,0.6519844403247639,-0.05915815000107707,-0.722884222690978,0.22103167973689883,2.192336169678197,0.11014387178161798,0.14802543239171692,1.3955646043486714,0.11147992309030053,0.3094921308196696,-0.5205832398623284,-0.7771292042188226,-0.33231370314275294,1.0471993935866986,-0.4634464502832492,-0.3490323051781743,0.2896447211565534,0.6619020820053558,0.785296621566352,0.670711233580657,2.2867563954744097,-0.6885172128993222,0.3985915943741032,0.8282508601006027,0.24750242337847184,0.09902585615939351,-0.34474905138087414,0.4822783434183599,1.0434992759561348,1.227114902092867,0.8894647915188885,1.8006013738589401,-0.5966825566582288,0.7262603524640938,2.0715518027195126,0.037607080450829763,-0.2825614464723454,1.428800124277361,0.27710779767679083,0.39609257976815154
1079,-0.1758312486785332,1.2462815870276691,-0.4061210559691764,0.6493714481083599,-0.09394588196826054,-0.7203922979783375,0.22477951565110935,2.1285805763878733,0.1314114850484283,0.15361454369141672,1.3550800500351023,0.06781961559748059,0.30639922935089053,-0.5404443468726536,-0.777749363902411,-0.317506137299865,1.0276245518774219,-0.499557267978226,-0.34903483228981125,0.09150537560025737,0.6691880438434051,0.7383111434526733,0.6627306660076736,2.280246153213218,-0.6985181646301067,0.398013410821901,0.8116240954812891,0.17001963162189584,0.12139682978095612,-0.34400469678461526,0.3571981526788037,1.1301087600529134,1.1741103183080768,0.9367419290657544,1.7998382460892812,-0.6153002702302437,0.7306956760292869,1.920558173527663,0.030462999846396166,-0.2907718207183133,1.3619767703313128,0.2701548127445691,0.3984482103503012
1083,-0.17253321545311842,1.2556756072823287,-0.3988217707347026,0.6474215100055988,-0.1206287374946856,-0.7171210057086541,0.22810427274366626,2.0519363678019165,0.15621220825876192,0.14509695477342643,1.3128077039981414,0.02543720915916451,0.306445615881771,-0.5588158708572046,-0.7783230116097303,-0.31662660563032197,1.008950668202742,-0.5280936420253068,-0.3449778878444478,-0.04977284754719036,0.664434978673667,0.6060918531443044,0.6916070590518387,2.253738820084017,-0.7462510301426589,0.39955257977621444,0.8230491181763216,0.09311640661927321,0.14179245305921503,-0.3443842945257692,0.2770167392217115,1.1873629195206197,1.0694409066428447,0.9878195646772739,1.784367523388251,-0.6498396108608476,0.7347983503270903,1.7828871449632722,0.01909757276338648,-0.3056402643669333,1.2656544915167904,0.26624385150174384,0.40088485423519193
1084,-0.18298429814120332,1.2867019856062991,-0.38774220509480045,0.6434522280345831,-0.12624197697996295,-0.7138815231632532,0.24577502796589162,1.9757205745147202,0.17414739193028295,0.11780284146114159,1.2958481972848337,0.026260918226050617,0.3139351826955888,-0.5758095305429142,-0.7668371349911497,-0.32233203520804776,1.004731757710962,-0.5668654750418484,-0.2983041930371749,-0.07588840393491036,0.6594175560600447,0.45211069778582824,0.7979395380879793,2.222628156241052,-0.8080922028819594,0.4141852019380079,0.8375881813141544,0.03374856438938288,0.15560949036241617,-0.3447354224363364,0.2267353666911297,1.2275511470315905,0.9532555099584347,1.0123439242699597,1.7607971973874632,-0.6881706555384163,0.7385933240525586,1.7381766000483172,-0.0015583120019753817,-0.31627052239898784,1.2095879171691477,0.25266581632250407,0.4050198130107189
1087,-0.19275598104873312,1.3071482164608241,-0.3906669040143167,0.6384048664297076,-0.13430200234300188,-0.7097832357303183,0.2657253412110459,1.8895862243394157,0.19067458173506327,0.0945531071614429,1.231022292582997,0.02596984862465495,0.32276520306264295,-0.5915286657521955,-0.7497445970070177,-0.3276095575674442,0.9955463042698983,-0.6016245211625777,-0.2493240981366402,-0.08441793868983433,0.6637816457383582,0.3003923954518912,0.8825528538827669,2.1768441320152276,-0.8652952876658124,0.4113257885693869,0.8448100277925842,-0.019215355613238425,0.16614622362796297,-0.3412957538568984,0.19352124787739283,1.2671874570312138,0.8238385271141432,1.0500213774974632,1.735468446159222,-0.7443087785959701,0.7421036747486168,1.6768498419994056,-0.022838197508176374,-0.323268118435808,1.1371824853976213,0.22931918634890372,0.410728009278952
1088,-0.19684974070460207,1.3088033084139914,-0.4048633626567188,0.633624968883934,-0.15280832505346756,-0.7052489864369731,0.2789137532120091,1.798087870858019,0.19772847993510836,0.08568100102549624,1.1386956206392722,0.007229519639408287,0.32515365648957717,-0.6060688658207809,-0.7271081605888,-0.33249126574988586,0.9729993526296334,-0.6001152121035397,-0.2002557988595465,-0.0891531396165086,0.6678984637217703,0.16005296579299944,0.9309813833594544,2.1053518626350334,-0.9182081410908766,0.37972474666768197,0.8640632640638085,-0.05828018223441582,0.171540238010176,-0.3298579883201471,0.19480575577626544,1.3110324491996252,0.6950918533907613,1.1251791147559256,1.7209570090831325,-0.8051401746062974,0.7453507491424705,1.572392637811257,-0.03245918009880874,-0.3241366131342945,1.0524116146010247,0.21873364240574852,0.41449080354540146
1091,-0.20328916888588522,1.3230848219713747,-0.41321655793951473,0.6288783257554821,-0.16282769957606602,-0.7042604486150846,0.2863850767100615,1.7141105441528235,0.20630006981940344,0.08153239161672066,1.0532934490913268,0.007963626219606503,0.3255795513568019,-0.6195185508842223,-0.7066153364585113,-0.3370068458186445,0.9684144475520533,-0.5846580842301518,-0.17090232250270126,-0.05879862636593927,0.682693280644963,0.030238993358524487,0.9823776250502407,2.0372243178725777,-0.9671525305090607,0.34613775619283144,0.8817726353930144,-0.08934052531649943,0.17157372004745436,-0.32826898352240474,0.21480260095729858,1.3370343913989147,0.5671228336173905,1.2013443331272444,1.7124069058843319,-0.8610536105367651,0.7483542929567851,1.4895441578619826,-0.043082753088324655,-0.3256616762060351,0.976119808109329,0.22518758168338748,0.4149131821219782
1092,-0.20837681803741406,1.3560781880258963,-0.409796630483158,0.6311853829385706,-0.16054717773970187,-0.704482699317879,0.28201727331193993,1.6770629950203355,0.2104233085758538,0.0882077037090046,1.0022664910826389,0.030405845665863407,0.3277981302119968,-0.6319595095679056,-0.6940382157058107,-0.3411837573822461,0.9743233639856494,-0.5530611515487307,-0.16908487229713642,-0.0987807241859941,0.6939068956179298,-0.08983893114336486,1.089138231620022,2.0186147610698133,-1.012426090720881,0.3728102032600056,0.9005337828367977,-0.10391474325636701,0.1579095515402422,-0.32982875975822445,0.21773480087230712,1.3251623311013851,0.4535354717055812,1.2688674957287092,1.7047835565792209,-0.9129622362060811,0.7511325709850262,1.427457672783306,-0.04015427834224528,-0.32963681896885616,0.9324559364218715,0.2595109035734184,0.4104714398534702
1096,-0.2123604985455106,1.3857843576156246,-0.404332779484783,0.6391488236512082,-0.1560450196705191,-0.6988839257936144,0.2805351873270263,1.7180362868691705,0.20491417176351118,0.10722791292606597,1.0737361762971824,0.06740729284484254,0.33465445505581115,-0.6434673963503128,-0.6904377596285093,-0.3450474005785777,0.9797891116867257,-0.5148925604359308,-0.17451563316826876,-0.16697206907592865,0.698330044860066,-0.20091101130761252,1.2038022392735201,2.0107464478270813,-1.0543041339168149,0.4037542880155051,0.9319681432926035,-0.10354164936166381,0.13598565841095675,-0.33127155277635767,0.2170716744115283,1.3180103086104806,0.3333408411987351,1.3329825317646897,1.6968463379180712,-0.9623000684906251,0.7537024781611491,1.4003986195183322,-0.024441268712128886,-0.32752734430914104,0.9179602120487177,0.29663213163785357,0.4039273500702453
1097,-0.21975308230701862,1.416805398160012,-0.38971372834059614,0.6535150097300887,-0.14164986116346176,-0.6830440093318795,0.2937759864347073,1.8151309924322883,0.1925591451620896,0.12504505393345253,1.228825213074894,0.11997668473948421,0.35174801242097425,-0.6541121916240393,-0.6975597776563711,-0.34862127053518444,0.9848449283102213,-0.5174510734478163,-0.1859196967791044,-0.21472509693775169,0.6898478009793889,-0.30365268545954155,1.2984504214301957,1.9824813459628892,-1.0930413238730539,0.4159903573363067,0.9726803395895988,-0.09941906331478999,0.11999100348699548,-0.33260613631813085,0.23211753413130456,1.3069752218047817,0.19625580962608122,1.3705169085674889,1.6855262164795173,-1.0079375633538283,0.7560796422990629,1.465293987359543,-0.006751515236168787,-0.30959031221699307,0.9392424314086685,0.3020590649343531,0.4004878760001422
1101,-0.22526756073124374,1.448581681666477,-0.38659571078720556,0.6635542927136403,-0.1303724748017114,-0.6684503288258038,0.30963345479462046,1.8921307528879325,0.18324944479884067,0.1454861888157603,1.372282572094277,0.14939584344007956,0.37228005688535637,-0.6639586272522365,-0.700753062282393,-0.3519271002450456,0.9895215586869546,-0.5173274235237802,-0.18034782758738052,-0.2648553868627285,0.6688512774132263,-0.3986887340500759,1.3974160148479309,1.9670109964779774,-1.1288732245825746,0.44369593053608364,0.9898977246898305,-0.09272121425878323,0.10261319539137734,-0.33384062609427106,0.258532245909866,1.2951132344600562,0.06372662390412512,1.432525243378758,1.6774429768801145,-1.0501522461022914,0.7582785191266332,1.5270055958576012,0.014668427491235477,-0.2902822398639219,0.9774126898499079,0.2961008636133224,0.3986626756577676
1102,-0.22571552882577395,1.468408281249392,-0.4080104510218917,0.6554516789971381,-0.1312539256839955,-0.6667860091497507,0.32947218622293645,1.800976666942038,0.2024610360332345,0.13939356676856413,1.2693613791872065,0.1221124440623372,0.382015106303022,-0.6730665802083189,-0.671324805573323,-0.35498499272666717,0.987470148445208,-0.48726080367230307,-0.1452761165145225,-0.24301311172199083,0.6589672712508746,-0.4865970789963202,1.488959188759336,1.9802053965646418,-1.1620177327388814,0.46932358574587735,0.9489985631262821,-0.08567600941708098,0.07844731579274715,-0.3349825291372008,0.3125585290882193,1.3100031420348508,-0.05886287288868428,1.5214352251503516,1.6867888048031334,-1.0892008276446195,0.7603124801921358,1.5158130827223508,0.015384006432640686,-0.29845489403963044,0.9645904754258174,0.2789477100214863,0.3987358441536743
1106,-0.2227174096783462,1.4730839939237368,-0.4236794107744831,0.6464693857642274,-0.13247779977291788,-0.6669185972296092,0.3460441453142063,1.7189365616277492,0.22956897597685583,0.12082510037209067,1.174159275748166,0.08878027937628713,0.3882173561964833,-0.6814914366926951,-0.6412276970933313,-0.35781354327216713,0.9769930722017357,-0.4587713255580935,-0.13091727393214658,-0.1887259454975335,0.656484996015011,-0.5679122980715963,1.5736366246273858,1.9948309015900085,-1.1926764027834653,0.4930291668149365,0.8973545909569434,-0.07922371056648847,0.05097008458014924,-0.3360387894519108,0.36077830725460563,1.3343474767698464,-0.17225815742203296,1.6036769582890753,1.7007015964492396,-1.1253207655712731,0.7621938941777258,1.4954402517783314,0.0067625149992188004,-0.3156980822114815,0.9229173458755281,0.25019617865054156,0.40005862009035914
1107,-0.21727360285884353,1.4694517038744117,-0.4202304529288963,0.6479045573117214,-0.12854777073865833,-0.6663048293284749,0.3460246084693624,1.69653965645596,0.22846017821717407,0.10976795442273776,1.089921499937726,0.074525772602566,0.39796851654346405,-0.6892844289407428,-0.6520404698113313,-0.36042995252675464,0.9822585917866054,-0.4465188325926566,-0.14727842838723562,-0.17795509793753866,0.639564615724601,-0.6431288757162267,1.6519632528053318,2.0045429046813252,-1.2210356725747051,0.5149568293038163,0.8713504809334428,-0.06839594143415895,0.0181602511603058,-0.33701583024301746,0.34681920431383617,1.3393375755791543,-0.27714879561538047,1.6797505614423944,1.7207182704055928,-1.1587317081534279,0.7639342021143963,1.4807243096174105,0.004519203200983961,-0.33143915376908284,0.883149673781179,0.2236929078349627,0.40019084805917987
1111,-0.20851289624789618,1.4571932860271921,-0.4234052209205051,0.644929945074317,-0.12821270328199003,-0.6704906381327426,0.34361195095617725,1.653024800635253,0.2321382463262963,0.09498017419477939,1.0081773874423965,0.05623795208590313,0.4035550873722948,-0.6964929467701871,-0.6620422845754815,-0.36285013108724806,0.98712919740261,-0.4389902106552107,-0.16241249625819298,-0.1638327751921815,0.637258176287344,-0.7127042100375098,1.7244153838699317,2.0232652729360954,-1.247267997131602,0.5352399171060301,0.8420836385327828,-0.05877956650873542,-0.009196871046095319,-0.3379195929747912,0.3081705639587817,1.3434138622986433,-0.374172635944227,1.7442899505664515,1.7414382780822844,-1.1896368300419204,0.7655439869558166,1.4499311532483394,-0.01539788595415469,-0.3473143135469721,0.8458230986140095,0.2161862408472055,0.39784498085510217
1112,-0.19909492468217788,1.4460903406797427,-0.42489321104378314,0.6417416461654742,-0.1206135797520193,-0.6737392062776351,0.34597038295295296,1.5949807796982516,0.24903435864170526,0.07075650753353824,0.938343653269327,0.06408006457998587,0.408427718123716,-0.7031608257624231,-0.6712939632323204,-0.36508879625570445,0.9916345075974143,-0.44759426836176164,-0.17641150903882852,-0.14036823903169743,0.6429612217699074,-0.7770613942846966,1.7914336051046866,2.055356379480444,-1.2715328973467321,0.5540017733230779,0.8205570782851979,-0.04642844115612273,-0.03259242000294843,-0.33875557350168184,0.29431613498850645,1.3178377949185944,-0.46391968824841,1.796615973108262,1.7593490282254782,-1.2114926189049413,0.7670330379341305,1.450882332768866,-0.050318226393076745,-0.35207239894581543,0.8390921597581498,0.22164189950434532,0.3934353477186881
1115,-0.19045812210607804,1.438720883712393,-0.42311787589714805,0.6372913219260679,-0.11554644084435717,-0.6813574252697252,0.3409704533177869,1.6352224701828593,0.2700833466623795,0.07099982020138593,0.9821387092794872,0.09199912783783996,0.41679794041493307,-0.7093286138302415,-0.6798517659898965,-0.36715956153652657,0.9958019195276082,-0.4616872228291908,-0.1893605958609164,-0.1567831583570533,0.6390500985026724,-0.8365917897133444,1.853425459746835,2.082923398402687,-1.2939779300457275,0.5713564903238469,0.8089702388354435,-0.030487412984701062,-0.045229183697746596,-0.33952885548905576,0.25718997509631786,1.2875976753431753,-0.5469357116297793,1.825827303203417,1.780488776347047,-1.2281272646963617,0.7684104100890706,1.4794179999584385,-0.08306154883079148,-0.3551771926486794,0.8592584511167176,0.23642700918286189,0.3859355813841035
1116,-0.18414288515628616,1.442480006244851,-0.42284108521499153,0.630199129386975,-0.12569888847862995,-0.6927959011613666,0.3272349096431269,1.6859488442394701,0.29438881273794076,0.08235457169348008,0.9819976098732185,0.07858842040395639,0.4237601996441137,-0.7150338177929733,-0.6877677335406542,-0.36907501942128706,0.9996567755630376,-0.4744893482252852,-0.20133850117134763,-0.20118972855482103,0.6479104106777976,-0.8916574054848435,1.899519657414902,2.0898118919539304,-1.314311313448906,0.5874096035495584,0.7861488847899716,-0.02599924768035329,-0.0408830934192983,-0.3402441413273766,0.1857239889417121,1.293178736800807,-0.6237255332575458,1.8148645090773063,1.7977209312803502,-1.2319771666006023,0.7696844793323903,1.5063912869432068,-0.09283484159789952,-0.37118701634165574,0.8519205259079831,0.23060978796913223,0.3762997551169373
1121,-0.18064405163837186,1.448624188339832,-0.42317396143693564,0.6263830983109552,-0.13092360268406708,-0.6983860627788161,0.3205622119447271,1.6968649792524964,0.3097945076859375,0.08442424287140271,0.9585766905538473,0.05977136717506015,0.4301477684428784,-0.7203111314585003,-0.6950900035251053,-0.37084681796469054,1.0032225173958096,-0.4805282310206552,-0.21241806358349657,-0.2340386250736611,0.6702650245867001,-0.9425931000734804,1.9031778337032323,2.1001901468001516,-1.2990906027289468,0.6022587332833417,0.7659965690784298,-0.031253727875717625,-0.03301219451176504,-0.34090578072782335,0.12389527533553778,1.2972841805905257,-0.6947561182632297,1.8001577443009376,1.8208810073287895,-1.224538849323718,0.7708629933824609,1.5245007621199549,-0.09500998892407309,-0.3811985970693305,0.8349906325053271,0.2087734948652439,0.3667326065221648
1122,-0.1813699251343554,1.4482783339797631,-0.426016022287137,0.6253331576418365,-0.1220649146402479,-0.6975437810137721,0.32785861607798217,1.6697562016857885,0.30404090422728397,0.08476735357179174,0.9353384594387627,0.05637692347000301,0.4334976364501841,-0.725192646599113,-0.7018631032607225,-0.3724857316173387,1.0065208285911238,-0.48282713891019524,-0.2226666588147343,-0.2501536219481395,0.6967996702071634,-0.9897086175679692,1.917443581883392,2.1057250869643007,-1.2721491518170105,0.61481432693716,0.7416847372076708,-0.01288502470497587,-0.04024826492988877,-0.34151779717323666,0.07546419541240866,1.290680423432482,-0.7595065711478145,1.795460836156921,1.8525509283331516,-1.2044621908559068,0.7719531188787764,1.503354167429955,-0.09778474179565538,-0.3819291356631879,0.7955135743238496,0.181733317227139,0.36309798994358744
1125,-0.18423122475666467,1.4512195948305404,-0.42696571720118087,0.6245388239454178,-0.11894186503150361,-0.696554456894525,0.33258980547827244,1.6402158927182964,0.29221670873880684,0.08575950855972711,0.8945344367381407,0.04626147995840929,0.4334771656266065,-0.7297080481041794,-0.7081282205161683,-0.37400172674603827,1.0095717664467896,-0.48983828682345915,-0.23214660940362924,-0.2586885598205857,0.7175887234597428,-1.0332904712503717,1.9170528303674426,2.114794442953794,-1.236700106879649,0.6274398274089957,0.7206551321576928,-0.0026807833856263394,-0.04513303324997506,-0.34208391238524394,0.024205413950238206,1.2919289313807059,-0.8085942004920874,1.788109465701107,1.876528492008541,-1.1750496215867872,0.7729614849628681,1.4811456942782462,-0.09252166432159893,-0.3897538376162902,0.7554052329984376,0.15465201215324992,0.3625294787240896
1126,-0.1882986865923023,1.4591029871289358,-0.4236184429778448,0.6237205905068305,-0.12276882976386085,-0.700219630027352,0.32495062569655275,1.672148677140063,0.28049020562426913,0.08529484058142976,0.9239625273321829,0.053471538428164885,0.4358910190546822,-0.733884794496366,-0.7139234539774556,-0.37540402224008546,1.0123938839632802,-0.49464694567448997,-0.24091556369835704,-0.2596547034545389,0.7208034172566189,-1.0690534816868367,1.9075789389661741,2.1448850967668895,-1.199862372952878,0.6392866903533212,0.7063523579587805,-0.010075712337365136,-0.03493589787551008,-0.3426075689563506,-0.01796239358554504,1.2858346491675599,-0.8443095143446214,1.7872463815475017,1.891505424629606,-1.1523603324503975,0.7738942235906531,1.5146479799856962,-0.08763475445907122,-0.4008137384420561,0.7831421390414368,0.1516504799392096,0.3580802875325519
1131,-0.19447143042906329,1.459174249795657,-0.42256270081330444,0.6243013464451737,-0.12137565080732535,-0.7022969022371225,0.31983564736592907,1.6968931974812254,0.2716023011661787,0.07933351683654599,0.9526701782610192,0.06113123310231161,0.43655053927255877,-0.7377482849091385,-0.7187519573418344,-0.376701145572079,1.0150043426660345,-0.4903400031595679,-0.24902684642098025,-0.23755317287271194,0.7194150490902138,-1.0463643612203057,1.913878705244265,2.1878548791025803,-1.162107191356356,0.6502450385768221,0.6865027857796223,-0.004379895569017226,-0.027675397547159048,-0.34309195128462433,-0.04940497816924594,1.2655892849376433,-0.857101205004571,1.8041158394772803,1.912622079633213,-1.1315792888316827,0.774757006821354,1.5387301500265917,-0.0811908010921312,-0.3938948645259377,0.8129843264694184,0.1577029055648948,0.35480968859115797
1132,-0.20226577044152116,1.4462540562797668,-0.42302426712311086,0.6244638889109824,-0.11679516296767238,-0.7028901520259169,0.31992057692263326,1.6803673004166304,0.28434608482659685,0.07220849043082186,0.9103264232426393,0.04701118445761123,0.4313404190858459,-0.7413220135409532,-0.7188286935900645,-0.37790098465417304,1.017419016966082,-0.4885789312855228,-0.2565297829394067,-0.2016499350689001,0.7077042089930551,-0.9412178977473891,1.9290375205938508,2.2492305919980224,-1.1087432339369254,0.6603815106835604,0.6711712558201133,0.013467476206954347,-0.024481908558277518,-0.3435400049382775,-0.07767104629119786,1.228329501251777,-0.8214013865191737,1.839232174507631,1.9450191736976592,-1.111323030253219,0.7755550813097524,1.5200965136706825,-0.07771771147806382,-0.3674497316320753,0.7923307227218603,0.16327482634596455,0.35436798197791664
1135,-0.2111528552394885,1.4427852775081706,-0.4222694267265991,0.6256346575447617,-0.11647733282119294,-0.7049845727439855,0.3130671787503283,1.686549190025788,0.3000563693518125,0.07223875849498805,0.8952119804998098,0.04236906876955175,0.4260861094265258,-0.7446277125253818,-0.7184480722051761,-0.3790108358051101,1.0196525906936258,-0.48190549418134526,-0.26346999921895115,-0.1673145914011667,0.6854799576106425,-0.7889998994546176,1.930461667067341,2.3111134944155394,-1.0435975548043592,0.6697577473822933,0.6710721800159161,0.028825672354145106,-0.01666722424950957,-0.3439544545679067,-0.09560829038192117,1.1779297410801637,-0.76525646276335,1.8778107892640743,1.9870898311990666,-1.1022686152205734,0.776293300211521,1.5155677465482629,-0.07960397651297542,-0.34786760300246894,0.7860141985223872,0.1812723460209416,0.35116452055532915
1136,-0.2212757880641929,1.4609753448561864,-0.42397309276643275,0.6300387891411311,-0.11986362138215072,-0.7074803843379418,0.29690965330176106,1.7247126433609552,0.30680706991641904,0.08949889849744512,0.9324675125926145,0.05747503250141663,0.42630907422651515,-0.7476854840859782,-0.7193731675470623,-0.3800374481197268,1.0217186463916037,-0.4656313372767032,-0.26988969927752987,-0.15214749284248408,0.6672038129807141,-0.6261548830350344,1.9146197147163981,2.3673407311945787,-0.9719267120992028,0.6784307663286214,0.6780439403511695,0.030445603217639717,-0.0032630778607839537,-0.34433782047531364,-0.10181313945860841,1.1202918864614255,-0.7071562170293861,1.919395763581185,2.0453536917140687,-1.1070838687968976,0.776976152695657,1.5362453580067845,-0.08028967504911233,-0.34591392535460447,0.8057600393393872,0.2055972244961264,0.3451079937531977
1140,-0.22859803261364867,1.475245097142211,-0.4242848638985419,0.6342206804655087,-0.12279130809674535,-0.7102292423407806,0.27975140115788155,1.7715829076785972,0.3174357853269815,0.10745155729334063,0.9745255546980602,0.07376642334316806,0.4301798365789756,-0.75051392277953,-0.7147320764592808,-0.38098706451074726,1.0236297479122336,-0.4379488267731052,-0.2758279218317151,-0.09704008946510889,0.6586210648454918,-0.41533043082235654,1.8608452759343794,2.4173039159905954,-0.8643571719270364,0.6864533088539749,0.6766458904291293,0.03329161184806105,0.0050094704813302415,-0.34469243393966514,-0.11449191098595826,1.0729732228230746,-0.5754631814828601,1.9585793387265367,2.127571414835514,-1.091870918518627,0.7776077912434828,1.5665474348335706,-0.07314079514536896,-0.3390974633361726,0.8322232843112672,0.22793739429902574,0.33910085577025456
1141,-0.23108721265867405,1.4804000262098516,-0.4179469698367831,0.6365020411830985,-0.1250232505891769,-0.7135625520874339,0.2646938281115241,1.8368060224693146,0.3285441124885909,0.1166297052578198,1.035984245138591,0.09507686216154657,0.437779529949929,-0.7507826212316134,-0.7045362640319176,-0.3818654596724413,1.0253975168188159,-0.38329052509668793,-0.2813207776943365,0.04145328873893768,0.6409540376865427,-0.1646880208245165,1.7534370086915196,2.463078062988365,-0.7334674696790151,0.6877449168123673,0.6609363297462291,0.05803045454078158,-0.0060675854939936935,-0.3450204513941902,-0.13134318743083118,1.0567760989476667,-0.3360401831411953,1.9610008693128163,2.20362280872285,-0.996747119660543,0.7781920569002214,1.62060852545897,-0.05980285423964117,-0.32449999458032264,0.883116135135002,0.24663511184042433,0.3351017334355981
1144,-0.2322947253006724,1.4942343488369,-0.41428711583923694,0.6395161298161482,-0.12554425109019798,-0.7155677622964867,0.2514369469373495,1.9089549550602425,0.3237912941751034,0.12319496604584257,1.1144949406427536,0.11333593970119762,0.45065841679336316,-0.7524059794939728,-0.6970407544260204,-0.38267797519700825,1.0270327030574045,-0.3025354155451715,-0.2864016693672613,0.1875568619364932,0.6037343044008088,0.07737444447363762,1.676792716788252,2.4953223319099544,-0.6178801538213425,0.6845324256912515,0.6565272506623963,0.09752610664541146,-0.03948078704967569,-0.34532386753962585,-0.05006537105653079,1.043490802602123,-0.11016345612204481,1.9227225411244502,2.2714072397933385,-0.8557725336846613,0.7787325026327049,1.6835545316189373,-0.04892998504900481,-0.3120147145447356,0.946434234218431,0.2565532752650893,0.3338107197739708
1145,-0.2332330559833769,1.5085647063036502,-0.4169376052167421,0.6423129019585485,-0.1167042851980185,-0.7154090351967851,0.24900634159156015,1.95410991025424,0.29534059449768757,0.12268896226587134,1.1590937020314707,0.10951660915447901,0.46332045466592847,-0.7548803810319248,-0.688863546873815,-0.38342955205723256,1.0285452503280994,-0.23111991695427736,-0.29110149416471665,0.2570562203379865,0.5943668828091997,0.2871353905299303,1.7401017452281788,2.4962461107402896,-0.6041119704335448,0.6920973437644078,0.6757836158780124,0.13695409313317689,-0.0905704416436227,-0.3456045274741539,0.10109653114160358,1.0404846312660982,0.02710282636288122,1.9259322916441584,2.317995905220605,-0.8043285045842221,0.7792324149352519,1.7162021787627244,-0.04557747937986293,-0.3080880289212437,0.9771254448524904,0.254254825445894,0.33643225078516087
1148,-0.23800008834887781,1.5680100326718744,-0.40908943141833504,0.6425852407337554,-0.10915004863471327,-0.7170086707151384,0.2471215113936693,1.9942474252248457,0.27399486912451027,0.12368828836167114,1.209895188323039,0.1244108255113362,0.4714866512403969,-0.7571692024545305,-0.6792726377372978,-0.38412476065294016,1.0299443565534923,-0.17502542887735417,-0.29544883210236295,0.31680679965114594,0.5990392677872635,0.43928916096825665,1.8059434893610653,2.4838507274661064,-0.6250824650697527,0.6990948929820773,0.6667073021618645,0.17378826778575576,-0.1338697006433751,-0.33730339633070916,0.2081728349452199,1.055767557457482,0.1163731887056593,1.9514355720775782,2.3409714055086317,-0.7962525681725435,0.779694833815108,1.7453269452254605,-0.04621160612228024,-0.30949188449389203,1.0172608157068237,0.27020483908410853,0.33728910619347136
1149,-0.2517146697174168,1.7215172753228658,-0.3827215155217854,0.6417814123864879,-0.11179223062045851,-0.7203606924442852,0.23811675428095508,2.0253699166750754,0.2714874159513788,0.131437112148969,1.2756468895599447,0.1583920667490542,0.4753377919890429,-0.7592863622704408,-0.6747805089771189,-0.3847678286039696,1.0312385298119802,-0.1561752356950905,-0.2977990688294962,0.3548395961291396,0.6164056521695415,0.4639974601424789,1.8185136347162374,2.470913684030394,-0.6265877527352254,0.7048051755125581,0.6416106113486841,0.1876585795237865,-0.14875265228485718,-0.3102515254340207,0.24722342893076943,1.0631551748503891,0.15353981593124674,1.9900404042577748,2.345141760004884,-0.7971683686126562,0.780122571278975,1.7695931505704148,-0.04933363481519824,-0.31459635871664415,1.074692943314089,0.29941680192018266,0.33463826114007994
1154,-0.24449522198706644,1.767029740229443,-0.3820428051363497,0.6372260662594074,-0.11789041448166111,-0.7287998179978716,0.22112353094859127,2.07195639252539,0.26808961250299906,0.14884109494409398,1.3505879607190785,0.2020172251467299,0.4820525502330892,-0.7612447351001578,-0.6746697060252677,-0.3853626664586718,1.0324356400760815,-0.12170861167728539,-0.301644088667284,0.41290716446380965,0.6391742630160456,0.5004912463140342,1.8784744871375194,2.426120304974425,-0.6457369003723822,0.7108496373491162,0.5960906531774127,0.2107820503020414,-0.17289901479580533,-0.2616221020870186,0.360689168439033,1.040529087547961,0.2267906890580502,2.0371367489634418,2.3394515590839435,-0.8446614022650091,0.7805182284330517,1.813693848419982,-0.05486958108409722,-0.3165698870459529,1.146201995790236,0.335865354276169,0.3308599120564045
1155,-0.19791224741263877,1.5632876461156118,-0.41305529057014345,0.6339155667217566,-0.12129245587210939,-0.7328137127869226,0.2154605689396367,2.0560840882795177,0.2610954195096638,0.155928348965581,1.3125351919666606,0.177024652461797,0.4826424094977258,-0.7499405520547056,-0.6813632296023402,-0.38535863580782104,1.0264201381516764,-0.09883513315609559,-0.30520073201723774,0.4501778611771091,0.5968770857428823,0.538365075502891,1.9281757136633295,2.4208681604615436,-0.6595859268817477,0.7164167837871627,0.6120956733959664,0.2256918388661463,-0.17845902729536395,-0.2591111918884913,0.4086677229753377,1.011172872036771,0.24981808641681996,2.075536114806794,2.3438725898400072,-0.8544330657619731,0.7808842113005728,1.7977233267129866,-0.0556785253577234,-0.3133065515568218,1.1150247347284405,0.321104917655021,0.33275177714231224
1157,-0.15966531654131513,1.4400755808587913,-0.42950078948570236,0.6281025055828325,-0.12822482650387484,-0.7419299921405549,0.1964319808761679,2.028141937009244,0.2582914063770711,0.1752793127317017,1.253705174135946,0.1354412947396424,0.4846336322524024,-0.747932118815849,-0.6891658373821647,-0.38590916312223444,1.0241934611248613,-0.09167883652108443,-0.30849062711594494,0.488094822220374,0.5521475893342189,0.5898311752225964,1.9799119101635796,2.4175912066105543,-0.6700957696170562,0.7215903750031255,0.6401171230550677,0.25334623962833525,-0.180143689666513,-0.26436748834923596,0.46394768932141833,0.9714099566882652,0.29413071985467776,2.1162202812212847,2.3537697039829455,-0.8702959242505199,0.7812227454530298,1.7710237306755499,-0.06749305458692142,-0.316152704674711,1.066270781187596,0.2962786185772952,0.3358443990112783
1158,-0.1537227195683935,1.520370908293062,-0.417819683482051,0.6200670412824278,-0.13739454424094144,-0.7552701708004961,0.16188444220205125,2.0482376628217365,0.25533905096545056,0.19823750505624305,1.2550204985287798,0.13544072743788674,0.4889334011065401,-0.7441691083343978,-0.6963832495785024,-0.38641840088806684,1.0259189515404967,-0.1061241660799125,-0.3115337800822491,0.5029094356964426,0.5664793192107922,0.6242859817777126,2.0044358821169324,2.41024255663132,-0.6829109889195917,0.7263759468778911,0.6209949066811318,0.2642983532417613,-0.15927892160985077,-0.2707198767230433,0.4960493016620818,0.9444438204891997,0.3417713939861801,2.1523819226707426,2.3563395900986266,-0.896315735908048,0.7815358895440527,1.79018227238067,-0.08633464545292913,-0.336271616953117,1.0972497673148707,0.31203765587721866,0.3342411838013145
1161,-0.14077445624136745,1.5359308259585256,-0.4195784988160807,0.6078479080312521,-0.14614393649594729,-0.7695787578429047,0.1300438618484965,2.0951992552023437,0.2698415026322817,0.22430266660471326,1.2618371280099732,0.1324824537310262,0.4972077023237234,-0.7362841912932492,-0.7030593558601148,-0.3868894458214619,1.0275150301749596,-0.13325371207333958,-0.3143486965760804,0.5042314972042702,0.5962806804558506,0.658929692887729,2.001464951231372,2.4034421091054634,-0.6962628157959699,0.7308026008620494,0.5868452693634117,0.25197312064084154,-0.10499807282896421,-0.2765958359688151,0.4994710712904334,0.9271636255886252,0.4016952574559539,2.156575436564013,2.359177992775585,-0.9164359805201268,0.7818255478282486,1.8234423069290087,-0.0980365786228614,-0.35226817811706224,1.1502868686983563,0.3248736827509669,0.33285557390464937
1162,-0.1286847195187615,1.5223257960912817,-0.42486518948354485,0.5964499723634616,-0.1507179875951896,-0.7799358754542659,0.11502846979017826,2.1402759114508814,0.3050976396705514,0.24275475117549447,1.2445598041208403,0.10293461476602749,0.5100152220873936,-0.7330164522886735,-0.7092347541706062,-0.3777261955600813,1.0289914029118374,-0.17783048731146392,-0.3169524943328743,0.46086654196832966,0.638551235888806,0.6579498227230727,1.978005668381783,2.3785373134769654,-0.6920408468534781,0.7348972557973957,0.6029539907567676,0.22308579427590597,-0.04059735306188915,-0.27999072135307074,0.4609802797140836,0.9700007433687375,0.4411292016543545,2.1713268332545965,2.3580307230000845,-0.8983076709276752,0.78209348174113,1.828735829663977,-0.09890784142737302,-0.3446944703381028,1.1751005777647343,0.31703161743735986,0.3366294175506897
1166,-0.1305020500817693,1.5714022590322732,-0.41911570799993997,0.5883314911672823,-0.15214617717673956,-0.7876878645272237,0.10131843538037905,2.1861450261961357,0.3241798070532177,0.2478979776457565,1.2452048802679436,0.09147856036018177,0.5205502247603072,-0.7357194868621112,-0.7085653506115454,-0.3774973983113879,1.0303570476934498,-0.19172833987719476,-0.3193610072579088,0.4362209369152223,0.6712663637447,0.6396220773162096,1.9626261646843346,2.3451750764001726,-0.688478571416072,0.7323901167716843,0.613466846887805,0.1940020539617393,0.004395250057915856,-0.2696427576710349,0.438415039130353,1.0055744538774298,0.463723664230152,2.1799348192190053,2.3475124530098332,-0.8692336486608375,0.7789767327630195,1.8289441674284685,-0.08369895514174538,-0.3400457914826669,1.2376555041704247,0.3354302247495018,0.33904607531461156
1167,-0.13201461689033853,1.580686077854084,-0.41292173042613356,0.5787166983879138,-0.15543586932025824,-0.795503565678804,0.0900041695031775,2.187098792869139,0.3296391434570758,0.24549963774620306,1.2292305337742262,0.0776919841702386,0.5244766465889232,-0.7394453753474529,-0.6948142902131053,-0.37863751843803384,1.0316202691164411,-0.13292880376533328,-0.3215888817135657,0.5021837779882536,0.6671995445935665,0.6475992546038449,2.00208142579994,2.318775081612768,-0.6937642233763932,0.736365708013808,0.6331224688443211,0.2031213584914898,0.01212511176588746,-0.260117179483146,0.5082926939808072,0.9711446524645966,0.49664877360715065,2.1834189502579013,2.332891630318562,-0.8570706201121764,0.7794583278057932,1.78712900961431,-0.056569543404745924,-0.35242381873240536,1.2971040280414663,0.3577366984099444,0.3397206345981377
1170,-0.1348556536604263,1.569321239863941,-0.4160590118840113,0.5751614884494486,-0.16563396790608062,-0.7959352943226377,0.09078357853619931,2.153220057578123,0.34500635409309,0.23875937101626987,1.1846918236097,0.04941447820073524,0.5271890986362021,-0.7428918221963938,-0.6910739390590628,-0.37969212955518133,1.032788748932708,-0.07871333195263915,-0.32364966558504826,0.5548851101247365,0.6506572859217425,0.6537521499562324,2.0466908642439487,2.2906477495336746,-0.7018843847473636,0.7400431299127724,0.6633418844867771,0.22291103213783642,-0.005313008734975234,-0.24643035361799104,0.5873553456679018,0.9360669848341823,0.5342931383397284,2.189614992820888,2.3200509501966513,-0.8605186241067095,0.7799038032203588,1.7213419575747826,-0.042472839447099724,-0.35494294636645407,1.267917514901714,0.35753696215480135,0.34115384371195256
1171,-0.14048562315174712,1.5663600707498546,-0.43283524845692156,0.5828662996562602,-0.18841802583097794,-0.7836494037147315,0.10324309335021546,2.086135912215325,0.36800054960491035,0.22437075187390007,1.132137934160315,0.021863415960499955,0.5352637965441283,-0.7460797855316642,-0.6981482436296331,-0.3806676448385427,1.0229867543197462,-0.06079760977895065,-0.32555589066616963,0.5302716349159626,0.6514830157851839,0.6442870230486558,2.0893821244599264,2.2575615018975363,-0.7053931653866891,0.740060816256952,0.6701040821930486,0.21727402680335528,-0.020926258899152683,-0.24119862424615113,0.6145831954206663,0.9274088983078802,0.5617515597152882,2.195054982562112,2.308684470704593,-0.8652478343393668,0.780315867978832,1.6754864309792263,-0.05998385528817448,-0.33323024479840424,1.1728237012840854,0.33927799770906175,0.3470267379324607
1175,-0.1497575115128819,1.5520148689051982,-0.4463710702500927,0.5917631146660688,-0.20620671587351613,-0.7712764209142248,0.11148044219106709,2.001565508949201,0.37583543165716465,0.19590061527680558,1.0719959704087823,-0.0029583766660962645,0.5436899284010637,-0.7490286516167896,-0.7046919753574108,-0.381569996475652,1.0093393808977515,-0.03449148613793899,-0.32731914886620694,0.5206950568709433,0.652524461682921,0.6367697441602034,2.1258623383628854,2.227000577716336,-0.7033608966730016,0.7330684351228576,0.680239410050791,0.21348869198151657,-0.03585538331281821,-0.2438729331138501,0.6497085672862744,0.9034026653901877,0.5913811017058088,2.183182613263205,2.3014836387133397,-0.8745164539060188,0.7806970278804196,1.6303793726566933,-0.06934624889724612,-0.3082001282804115,1.0848619236877792,0.3149930329813983,0.3545045028105792
1176,-0.16801239687246516,1.5575129284242346,-0.44764877999359004,0.592464549942989,-0.2043139665161132,-0.7717844583285454,0.10765830218714077,1.964508721524998,0.3821077478622269,0.17870742753664653,1.0250039283313643,-0.020482702191319382,0.5496923730378165,-0.7517563527455304,-0.710744927205605,-0.3824046717399781,1.0121789273304205,-0.023375760989183807,-0.3289501627012414,0.515436458258378,0.6726157479762083,0.6390559669818611,2.1133955458687894,2.214817587320991,-0.6877013065812227,0.7369931524886433,0.7160881559208683,0.21547490771054717,-0.03180378639940984,-0.2496468066837857,0.678136391414792,0.8954885598005089,0.6304720056517487,2.1522949422691244,2.3057344804556847,-0.8876512335556466,0.7810496007893881,1.6019391171486586,-0.07290085354546685,-0.3242532823496769,1.0034972794111958,0.2968122665106735,0.35371190739708747
1179,-0.18718433256957792,1.588253854556761,-0.4478947693634312,0.5961035497734637,-0.200577392356769,-0.7691851395652597,0.11306409109353187,1.9634219831099795,0.38529560127030404,0.17164563873875538,1.0246991712862608,-0.01671669249671561,0.557327049802672,-0.7483473360340145,-0.7163439076651846,-0.3831767463594797,1.014805507780639,-0.04425755709006827,-0.3304588504986482,0.4891391836629891,0.7046280008201296,0.6508668936764301,2.0929986742205497,2.2095619341030925,-0.6726344258605182,0.7406235160519952,0.7450547865150587,0.21202649347040844,-0.017176607860568245,-0.2571032461825018,0.6829546483309819,0.9069883611042756,0.6585108178277891,2.1301153687633536,2.3084702066401475,-0.9036801829418338,0.7813757307301841,1.6232766338132116,-0.08323951101870108,-0.34108617805654545,0.9793156343830433,0.2877692662041561,0.3504360349596607
1180,-0.20391319876276268,1.6423548958318044,-0.4398109714921221,0.60374808893546,-0.1913565701698731,-0.7633082998186591,0.1274023060527168,2.014302864323758,0.3788591705558459,0.16742131128598792,1.0821530798695793,0.019173536782862412,0.567957023517002,-0.7460730316404243,-0.7177037905591522,-0.3838595213320946,1.017235094697091,-0.08612937875481069,-0.33185438671124967,0.4695385140859355,0.7308133121703354,0.6625411808757402,2.108320971157438,2.1992185607616657,-0.6644270338400639,0.7439816023480955,0.7541300017932707,0.21848379962971712,-0.015768956165980175,-0.26400045271881417,0.6895727024558665,0.9128186319475983,0.6669756296905816,2.1372252593649925,2.305641881150783,-0.9296744562734421,0.7816774009254202,1.6798102403745363,-0.10184685910114429,-0.3399537879656274,0.9964447167044231,0.3035225722959654,0.3462819020850829
1183,-0.21679320809110594,1.686959627006863,-0.4348841307310179,0.605190305279661,-0.1815456018027438,-0.7633428455314027,0.13451241220649954,2.066626457417209,0.3672745918477529,0.17022129400427113,1.1331208812268847,0.04702474579063933,0.581212102017835,-0.7438854341904676,-0.7110822631342942,-0.38452248223218755,1.019482462594809,-0.12812806118489586,-0.33314525770790593,0.46181118738660215,0.7583412802451929,0.6655789505182509,2.1224985431843275,2.1837811181709856,-0.6480471536897568,0.7470878321719883,0.7491752990986451,0.22700466116150245,-0.014192811540761529,-0.2703803687649032,0.7022437493011303,0.9206125733000828,0.67328949486534,2.148767361776482,2.3002386355942246,-0.9541319673460325,0.7819564458560138,1.7329109897305146,-0.1095519625763249,-0.3519858987097557,1.0472862491719033,0.31879957592813113,0.34137111194035114
1184,-0.21950345562766468,1.6855098553739065,-0.4418350436128114,0.6009903388309836,-0.1913558556762469,-0.7645297792427245,0.1329953599991441,2.003043560397655,0.3584196383984944,0.16109065432679853,1.0603333667976094,0.010415363122091858,0.5965260443664973,-0.7469988766261825,-0.7082866842676679,-0.3851357210647735,1.0215612779001981,-0.14641708385910018,-0.33433931337981304,0.45129171023713716,0.7793563829546004,0.6456735406971676,2.1368290551250593,2.155362026517609,-0.6220807484596929,0.7368010227364292,0.743439980423836,0.2241906184284282,-0.009664571254157222,-0.2683483460957739,0.705936085529648,0.922191504066484,0.692410360550365,2.1505864759315285,2.2833807632733905,-0.9609059746081802,0.7822145624168129,1.6748580418384853,-0.11756050055324857,-0.3700103484468354,1.0022692452665936,0.29273829103408283,0.34099146846865325
1188,-0.22023639591783176,1.6846969778843788,-0.44413089387510546,0.5993750285316272,-0.2033323055681629,-0.7623019865854385,0.13528203847126272,1.9368239059802559,0.3598101696844177,0.15155595756571694,0.9911342809282764,-0.024282088926030284,0.61069144103901,-0.7487560331458155,-0.7112125141583944,-0.3807937570682824,1.0234841820576832,-0.1576071937504118,-0.33544381487632713,0.4354494206961114,0.7932995736965196,0.6216210310490814,2.1593876145910578,2.127462635762531,-0.5933919158487049,0.7267031057058921,0.7477114282521113,0.22178117343855733,-0.007705694813341679,-0.2663209832468412,0.7054456935349265,0.918729330275088,0.7107988830728292,2.1555581351305455,2.2627259379926237,-0.9633797043814263,0.7824533202355519,1.6103186121330253,-0.1289718494913576,-0.37576037497900416,0.9348881295771414,0.26968149557989346,0.339719053717917
1189,-0.22292588200422134,1.6970087775889005,-0.44267728745512835,0.6013296552439663,-0.2046622446400429,-0.7589750802190471,0.14308332869193005,1.9444844360635942,0.3764731572649831,0.16839090498348108,1.0088638915938437,-0.019467799250048122,0.6237944329610843,-0.7414970621429818,-0.716044927361619,-0.38085855020884,1.025262868403357,-0.1731573892353894,-0.33646547876060257,0.42296999997254947,0.8062963084967769,0.6142966194131645,2.163321420038555,2.110483268288758,-0.5556597766087841,0.7285077888434325,0.759714896501756,0.21921875407416228,0.006006078420106681,-0.2725268595033281,0.7109172484272581,0.9226625150845359,0.7262220114427103,2.1517104126239617,2.254600232786375,-0.9716344473761405,0.7826741712178856,1.6201157539161821,-0.13454125262230793,-0.3758202318299723,0.9203718998783434,0.2701931978991111,0.33129922714141397
1193,-0.22220144806998618,1.693967750290027,-0.4454016701179527,0.6007781447975168,-0.20869441727530666,-0.7576037590797476,0.14679511286146354,1.934264831225979,0.38974453242414225,0.1817716333356534,1.0114018805766842,-0.024941749520914207,0.6359147004890029,-0.735707565853865,-0.7206358261489987,-0.37733734408488834,1.0269081532731048,-0.1858001758976076,-0.3374105178535573,0.4071067801994571,0.824993836969013,0.600930461640126,2.150423289862861,2.0936515974756738,-0.5178974815264269,0.732217930104814,0.7747305431640823,0.21151246487805503,0.02430858976950508,-0.27523637656006694,0.7111376752261793,0.9331188770502681,0.7391978365899118,2.1467843712824872,2.246245500429118,-0.9705930895641781,0.7828784583765444,1.6072336021127283,-0.13712684910010603,-0.3741496388506775,0.9001812536217089,0.2659213939778921,0.3228415928659205
1194,-0.22168731891524046,1.6945191919641707,-0.4452545107130185,0.5974654310089015,-0.20974086867761507,-0.759156350018409,0.15074966992479336,1.9223715093065294,0.38900592497128006,0.17814993590242076,1.0173207735006187,-0.02314827778794079,0.6471259479523277,-0.7272198430893678,-0.7197854353601754,-0.350917684829388,1.0284300417776222,-0.20491907693806236,-0.33828467901454046,0.3710817404817762,0.858763494269097,0.5738082111994866,2.1248138425178733,2.0768246986284113,-0.48726001508069344,0.736206435346953,0.7902026100179015,0.20585807757124275,0.037527483756785426,-0.2729233831537121,0.6941502292515505,0.9558067948034,0.7363533799390589,2.158630677723213,2.230299496780811,-0.950309230710252,0.7830390391801394,1.5842830485507533,-0.1358888199136724,-0.38023190421734415,0.9077547213412087,0.27178900673670403,0.3171782850038414
1198,-0.22148287443723652,1.6998343101837674,-0.443664441642347,0.5967326324148321,-0.2066792905934792,-0.7593156681346378,0.15695079603585887,1.9427534761237653,0.3903151655975644,0.18525653102941717,1.0489136583009206,-0.010057479010480687,0.6574963518559033,-0.7147925665969667,-0.7181785132624317,-0.3353577190315773,1.0298377886443002,-0.21166701435161478,-0.33909327808844997,0.33299544128325764,0.8806109888051153,0.5548841037455738,2.0923022744753603,2.0605719251360086,-0.4593265511573704,0.7398958026959316,0.8050183126293502,0.20230626876923696,0.04783966348842751,-0.2757810173594791,0.6852255792328519,0.9742190236293775,0.7282709014013055,2.156517547000698,2.221903615856698,-0.9213852402595002,0.7832159612416288,1.5943366031173032,-0.13023480398582282,-0.38752694480051425,0.9454791700602887,0.29012651715506244,0.3111491692495432
1199,-0.21882312260908526,1.6983690670389666,-0.44466098406806637,0.5982505708342299,-0.2062196360173942,-0.757856872622996,0.15881648792069247,1.965115382807931,0.3939390798291353,0.19681118555942095,1.0513714478255485,-0.01767008747457143,0.6670889754667104,-0.7128573833808399,-0.716211380966418,-0.3396583151042091,1.0311399544959774,-0.18045600134777526,-0.3398412322318163,0.305761260493423,0.874211500668885,0.5478686997578263,2.072070896370549,2.042765192492443,-0.4350286062147821,0.7433084674937367,0.8149690816729247,0.20627980899408,0.04531821825924353,-0.27763273709544195,0.7054972803164358,0.9635039042778888,0.7311341779624145,2.1248818180126285,2.2282934209509544,-0.9033580317140418,0.7833796141485065,1.6077492604217063,-0.1303475346213426,-0.38941273286394096,0.9675194609944624,0.3056839424874262,0.30457687146823126
1203,-0.21770412767034694,1.6986333193922618,-0.4446007850915985,0.5984768810569245,-0.20258242881693822,-0.7594202358486359,0.15513441835585115,1.9866341268785008,0.3894508147208149,0.19956965804380872,1.0550232748709565,-0.017330498805273254,0.675962152306707,-0.7161335117180242,-0.7143639234394107,-0.3436363664713934,1.0323444579087793,-0.15672276120437775,-0.34053308981443003,0.29333380012200827,0.8679285360312355,0.5379469396012658,2.070938546209273,2.0241081290976446,-0.4148737563647831,0.7464651824317063,0.818600807121493,0.2135623896541708,0.03412586337770196,-0.27916787508212393,0.7297707365493947,0.9497383259399633,0.7380469551051706,2.1042209510441268,2.2368008005451694,-0.9002815086516214,0.7835309930873686,1.6207742296339165,-0.1338477007857278,-0.38718117610488506,0.9844652671105811,0.3172292827902577,0.29956115670939276
1204,-0.2196421296768913,1.6993563165724135,-0.4435884536368061,0.5984180061119687,-0.19485262746856988,-0.7628010512396955,0.14853585344012332,2.0025928162745568,0.3754930220466176,0.20021112052859863,1.0795104778648181,0.010436807991710234,0.6841698408837038,-0.7213283483391725,-0.7194214231541253,-0.3473160639860389,1.0334586235656207,-0.1619025325496547,-0.3411730580783478,0.314759155932776,0.8662415079506455,0.532495851854884,2.10641560779357,2.0073532254247515,-0.400924909959781,0.7493851437493285,0.8152706915609942,0.22107326637446026,0.02389775179789813,-0.28259409068523966,0.7435506457141662,0.9351750620520864,0.7479706481600878,2.1094402434273687,2.2389704416825107,-0.9108494216803076,0.7836710186058159,1.6322777749343818,-0.13591015879835566,-0.37725903368635616,0.986283236925166,0.3196221848979269,0.2976870077636516
1208,-0.22328736902751714,1.7033478032008436,-0.4434738706312696,0.5980383990363026,-0.18981724680933867,-0.7650265914916364,0.14509927774633294,2.0229147502853997,0.3675236479762309,0.21335741048158305,1.1029945571600877,0.031100466943010288,0.6917619528174261,-0.7261335722137345,-0.7243696664175658,-0.35071978418708594,1.0344892267981993,-0.15941529841384586,-0.3417650287224717,0.33584009325542136,0.8635550145629555,0.5267291535793284,2.137220837134231,1.9902197069594558,-0.3880760506088211,0.752086107968129,0.8028184936816715,0.2301332212212297,0.014875425554964569,-0.28452404700431755,0.7603961095451242,0.9224859936855107,0.7594641052764635,2.1056202160669564,2.2421533950597548,-0.9293219892502159,0.7838005422103796,1.646336516519157,-0.14273362376912965,-0.3781745419477588,0.9917002559089014,0.3224076979738583,0.2949417965197208
1209,-0.2301999762032939,1.7192101507583253,-0.4426258137622964,0.5965330181196304,-0.18850790936353676,-0.7661642547287013,0.14698796269248376,2.063029480179225,0.3721210406937537,0.2430854044579134,1.140919778548415,0.035417000187668225,0.6987846563561191,-0.7229788398705588,-0.7289467914362485,-0.35386822537305457,1.0354425347883347,-0.1579386261572523,-0.34231260156828636,0.3249278197126241,0.8712989042632187,0.5069467665378936,2.1116442427457063,1.9735505082561355,-0.3781427567494246,0.7545844998705193,0.7876071068278017,0.23528690730669607,0.01144065448278984,-0.28360850114327796,0.7672942667905683,0.9348655837474612,0.7608295584012046,2.091026946750133,2.2493826909969026,-0.9402274178054751,0.7839203515446013,1.6786027293295083,-0.1501908424748856,-0.40601635690523774,1.0348439120278823,0.33436424253711433,0.2879131018712105
1212,-0.23509219927401245,1.7278473030568076,-0.44242293984453257,0.5950522024550097,-0.18994877550296868,-0.7667818810522148,0.14791175047436844,2.0855441475968073,0.3779696923034132,0.26722625782976467,1.1599853674240663,0.03187508983398607,0.7052806571294102,-0.7214112624695069,-0.7331806320785298,-0.3525210017170263,1.0363243446792096,-0.15962920751931925,-0.3428191064506649,0.3208663100950294,0.8825039510856973,0.4883782754765359,2.0839311819731736,1.9586221841034324,-0.3649396744387224,0.7568955123802305,0.7829099648705015,0.23499698693474758,0.011702266926489137,-0.28127020049338786,0.7670769119082377,0.9446765456266271,0.7664317470192005,2.0809544292243634,2.2586742066419023,-0.9412861528336623,0.7840311751787562,1.6927729431848246,-0.15191884947442685,-0.4279820914640326,1.0596818963694938,0.3425388947736649,0.2799613191987705
1213,-0.23333499334621047,1.7182312757838591,-0.4439747138248795,0.5950291440267378,-0.1958185217389665,-0.7661629777579764,0.14349116981822999,2.0706341205803587,0.39264070802421874,0.26671344970269495,1.1084676965575586,0.007574160781374922,0.7112894578447044,-0.7262102677842939,-0.7358119887899527,-0.35422545400763666,1.037140018828269,-0.15005965242912472,-0.34328762346686503,0.3311802677641386,0.8930727010021549,0.4861168503261655,2.0717025497630095,1.9492765749565057,-0.336341158725929,0.7590331989517131,0.8015923064439553,0.23379598191723816,0.009196161413504548,-0.27402990582169995,0.7722889459206862,0.9319220913823303,0.7873767230689058,2.065340885820493,2.2691375417990294,-0.9349594752010886,0.7841336870403496,1.6674920297511733,-0.15441441120770608,-0.41963688833487794,1.027183565359431,0.34452934187392725,0.27393049772366634
1217,-0.22838537510983453,1.7049689541985704,-0.44213587596219256,0.5888492482578747,-0.20825419863022848,-0.7696060374804515,0.13263973255648182,2.0385010596133584,0.4141291540874614,0.2591487413289571,1.0622049984132294,-0.007500191309865853,0.7168475985063516,-0.7306493477004719,-0.7282512000344715,-0.35711096995706393,1.0378945174161487,-0.14512284293446787,-0.3437210017068501,0.3497354326864071,0.9185742883553699,0.47509915931733054,2.034152922974034,1.9438505813815168,-0.2974809977703498,0.7583998093161706,0.8378274496578599,0.21740511502153426,0.016109547077586665,-0.2709426499016115,0.7630765828006268,0.9362326349016601,0.8149283124951735,2.0547788800183895,2.2755998036773226,-0.9161608483032517,0.7842285105123233,1.6258095013696503,-0.16304408654985186,-0.40849301250845443,0.987079139592052,0.34726920443083975,0.26759959262205246
1218,-0.218541521376648,1.685347438937679,-0.435934767836237,0.5719398679384271,-0.2278058035414967,-0.7803894946169103,0.10946022120821206,1.9901504995112733,0.423162494316895,0.2497017754929431,1.067427659727837,0.021989286354512493,0.7219888786183754,-0.7347554966229366,-0.7058402411354292,-0.3597800722102842,1.0385924286099373,-0.15481752093122744,-0.3280964150108314,0.39281884936956607,0.9516829805909169,0.4437372351867539,1.9823544872047676,1.9463304107617352,-0.2594866765217821,0.7538467576946104,0.8769768529802656,0.1774823202149557,0.03936544222001847,-0.27433372592300037,0.7313668725743827,0.9685847725216818,0.8448433653887454,2.067237051836217,2.271374875545319,-0.8808110776649679,0.783706142258903,1.5694052296083445,-0.16947716896386295,-0.3969566791763836,0.9527396483622276,0.346362616276451,0.26247146859289344
1221,-0.2081295411648461,1.6688700045390008,-0.42895870597621233,0.5536360862660447,-0.24864171076832384,-0.7905971500379139,0.08136663936864041,1.971496822367173,0.4311797846305499,0.24783020142296838,1.089538472555897,0.07154109250931598,0.7267445627219973,-0.7385536843762165,-0.681931418367672,-0.36224899179451286,1.0392379964641918,-0.15620053587208166,-0.3118429433714145,0.4519611411851797,0.9887012698634098,0.394299337354024,1.8915356388035138,1.9417970270831293,-0.23668466321280954,0.7469985595424192,0.9193176702537291,0.14124486227507468,0.0684009813087804,-0.2792233160851699,0.7071812647145846,1.0004865508774203,0.8752945327702499,2.0879398253124384,2.2659443511801522,-0.8348907596577562,0.7657829560138633,1.5461526035180355,-0.17795489544692358,-0.39535325445982356,0.9426281480983661,0.3541005941376421,0.2560774304910012
1222,-0.20379368256343378,1.678076807577606,-0.418536214800731,0.542975998408078,-0.2651174873638615,-0.7951532900445695,0.05119598009531866,2.042265132625363,0.43703993399705704,0.27415215102106816,1.159786288751718,0.12508032307111727,0.7311435705178476,-0.7420670080480003,-0.6798426036934024,-0.3645327424099244,1.0398351467293776,-0.16155058619694146,-0.31463467261855843,0.5097736074955251,1.0361142487954844,0.3071492952538296,1.7496704658932503,1.9188488823857859,-0.23997762065242043,0.703598176632376,0.9529540641811172,0.1329236999932351,0.09992066769106638,-0.2844615173787821,0.6984843633920118,1.0138533845646103,0.894767724324512,2.1132193957455554,2.261927488017183,-0.7979328883429565,0.7510189899271906,1.6239493461076802,-0.19650922266654047,-0.42655383956359294,1.0172675179666197,0.3864478620773189,0.2429286057708203
1226,-0.19806284776888491,1.6990154785134057,-0.41076025865856847,0.5296231644817893,-0.2785349535608236,-0.8011206356612665,0.011104521910190669,2.0851798234835623,0.43392207190939314,0.29679442524829724,1.2101824104174175,0.1746041113407835,0.735212652729009,-0.7453168324444003,-0.6802016807845322,-0.36664521172918013,1.040387510724674,-0.18213448935411847,-0.31271844425472084,0.5890292836369445,1.093035171366183,0.18854434441150555,1.6184451809512566,1.876003143965322,-0.2547617332992461,0.600757238590661,0.969782160419375,0.11494554514934396,0.14065263154661417,-0.2772772312884798,0.7007902178979091,1.032245372458506,0.9068836313277518,2.151077316089639,2.256770096638713,-0.7785548851526227,0.7441797816692626,1.6689172238159258,-0.19740493587741673,-0.4494596269192941,1.0832024698275597,0.41564099881958516,0.23395193287303967
1227,-0.19186773380239489,1.730734938244074,-0.4097348051867757,0.5135919296216408,-0.2824954009167312,-0.8095237070674624,-0.03303098521340855,2.0357348229706633,0.43557548681961256,0.29860030695520423,1.1530262625624474,0.15507351056015944,0.7389765537743335,-0.7483229200110704,-0.6701827563534623,-0.36859924584949155,1.0331869029726768,-0.2141909010448421,-0.2830389677711276,0.7108941520127642,1.1340015590182548,0.056593518580642654,1.4970617923799125,1.808373729328007,-0.27373112294926305,0.49679559569636145,0.9722671347550716,0.0664608350834776,0.18676281281524607,-0.2327907847049597,0.7062050227546642,1.0483663569528845,0.9056527117906015,2.186095892407916,2.249384243648174,-0.7859633888933844,0.7472711480440678,1.6018962632646547,-0.16385796780018147,-0.4284195217802707,1.052402950334502,0.38861303063468894,0.23730206971519108
1231,-0.1909294610758364,1.768939926012972,-0.4032081594569649,0.5025962578427254,-0.2829361294777999,-0.8143404963969527,-0.0647588153580246,1.9956555188430871,0.4275675544476469,0.29586677733371497,1.1117285292147867,0.14659449398534216,0.7424581622412586,-0.7511035510102402,-0.6706183859636397,-0.3466080059934156,1.0263519938890855,-0.2406399573499914,-0.2626761072253202,0.8012759344498327,1.148792454083864,-0.06546099531290553,1.3847821579514188,1.729258452527134,-0.2860018221504417,0.40063107601913434,0.9816254820077533,0.009087151730620167,0.22396884410580212,-0.21085087747347056,0.7092978687936164,1.0618928883625776,0.8969821150704804,2.218488075502323,2.2460319121407335,-0.8082270966022922,0.7501306619407626,1.5559835327406928,-0.13730902854582283,-0.41031096114847704,1.029405121211289,0.3662421732002107,0.24132881848776283
1232,-0.18542894697467036,1.7972251674811597,-0.3889521685248538,0.491287372753355,-0.27307929228757943,-0.8220613251862758,-0.09099228060558119,2.0339532070698025,0.3894662574297835,0.2923536237130079,1.1782225450463328,0.1945047194364415,0.7444264695676984,-0.7483047410029158,-0.6517844823699612,-0.3491357424358281,1.0279155943474039,-0.25670861178690224,-0.2677694768751503,0.7971619782927984,1.111765749361818,-0.1680175628791839,1.2809234961050624,1.6741215229555562,-0.2946319867554296,0.3116788953176992,1.017674480569071,-0.05007236125436611,0.2194678759981738,-0.22121701166296026,0.6976734952303455,1.0657807192851214,0.8885616028768062,2.248450844864648,2.254764049952122,-0.820847641647452,0.7527757122952056,1.601801005521386,-0.12890898041322685,-0.4010645787268959,1.1026345226519214,0.3976788227101949,0.23530542692073608
1235,-0.1783794943817898,1.8069596536668882,-0.3866809601303875,0.47984387199072026,-0.26882671799798497,-0.8276298287178695,-0.11185222760327623,2.0581120481192094,0.3553850971208223,0.28528534526359006,1.242260506816068,0.2388216779787084,0.745664533299637,-0.751086735427697,-0.6235113802545973,-0.352402986753141,1.0293619247713484,-0.2558729691508395,-0.26015780029302793,0.8070709989106838,1.063827452055333,-0.24776353475426258,1.1848542338971826,1.627386940152218,-0.31111016706282946,0.22939812816887178,1.0475258079073755,-0.1292404209053867,0.1955707207243925,-0.2308056857882382,0.7015634771888273,1.0716253815319448,0.8776163748368344,2.2761664065247995,2.2684696411422243,-0.8233724191161639,0.7552223838730651,1.6305536405888912,-0.10774920868124821,-0.3724774577777326,1.1602765598646345,0.4267577235069303,0.23087376046899635
1236,-0.17576005919957366,1.793121824241877,-0.3940190675247855,0.4760698874464896,-0.2888740581463485,-0.821587767659275,-0.12207694634694997,2.0408042911220874,0.35519265003968514,0.27687014462930315,1.2418579337399747,0.27549991547709046,0.7486445433021643,-0.7536600802706198,-0.6289945016890138,-0.35542518774665544,1.0306997804134972,-0.24174798397741545,-0.21888418230283418,0.8407492500229047,1.0088358867961102,-0.3041087056139784,1.0959901663548937,1.593421645771495,-0.33371441326840673,0.15328841855620637,1.0471347864479827,-0.20994494972312372,0.18591677879523197,-0.23226886658389354,0.7375423273835182,1.0761828558728455,0.8779328908583081,2.301384747567146,2.2876257916707337,-0.7989096500340274,0.7574855550825852,1.632548740082555,-0.08827571153831035,-0.34989841637770236,1.1452474779852138,0.4101634378564203,0.233888516558467
1239,-0.1720428889796934,1.7733605133704013,-0.397476130408638,0.4786620982140232,-0.30721070323585564,-0.8132659830436048,-0.122892718965767,2.057361926368269,0.3580164107956472,0.26592449023368797,1.2571404937865327,0.2957830839229682,0.7514010525545022,-0.7560404242503235,-0.6333961850328764,-0.35822072366565627,1.0319372968824851,-0.2234096530841753,-0.21970824788133467,0.8568820084468916,0.9576289757170885,-0.29480437870116827,1.0137909038782764,1.5913308458216284,-0.34913309190564296,0.133154704393659,1.054304694227424,-0.25674909933753165,0.17465187284107928,-0.24029619655734646,0.7722933844295407,1.0745742798693096,0.8907675992846941,2.3052483857797594,2.310921305467032,-0.7531440810369969,0.7595789884513912,1.6784243271579191,-0.09235705878420794,-0.3517880085071906,1.161379378652772,0.4108713715979842,0.2333776335559629
1240,-0.1713030561952911,1.7620143144624991,-0.40114604954190347,0.49001519304960256,-0.31727357112851895,-0.8043225546772647,-0.1108504383453485,2.1061520090198913,0.3692845895354941,0.2635066469127105,1.2738389537850077,0.2991854029556028,0.7539508236129145,-0.7576138243180668,-0.6375839664358215,-0.3608065943907321,1.033081999616299,-0.22525806850847221,-0.22661465608534473,0.8579745903885788,0.8942128639824182,-0.2785976608544897,0.9377565860874058,1.5899165407938407,-0.356999001655273,0.13879023472737553,1.0713268883955112,-0.2982308378569826,0.16169149157684937,-0.24828087481713496,0.7896571938916874,1.0921668352607472,0.8944092747462028,2.300593744845967,2.3253645777257392,-0.7067371565554703,0.7586084256003006,1.752199435263629,-0.12386724778490403,-0.3665428564037031,1.2066505166609536,0.4371900918478992,0.22936928146792387
1244,-0.1738594978177826,1.761408883832125,-0.4048748614673524,0.5013492904799074,-0.32161154595263197,-0.7973199089192196,-0.09744673050594864,2.1381310020939592,0.3757998388114718,0.2561150905773163,1.2757290751793446,0.2804892607232051,0.7563093618419461,-0.7596976374942119,-0.6461218912082737,-0.3631985248114272,1.0341408496450764,-0.2286214700179816,-0.23104288869610076,0.8831869231924131,0.8509099806196683,-0.24821729163760278,0.8935805828499878,1.5939724443965189,-0.3565646747131796,0.18495387693291432,1.0696500146226622,-0.32371296449228465,0.15897468453545327,-0.2535173467160697,0.8109205386246765,1.1093380940090156,0.8923344695805802,2.3079520158186764,2.33389153808247,-0.6466440550976698,0.7395886561244597,1.7925119063725699,-0.1478447134280033,-0.3788745270480244,1.2124294717485307,0.44088337989811177,0.22863692895184498
1245,-0.1748455673731861,1.7927458466597244,-0.40010098708870534,0.500870052232641,-0.30964440522686687,-0.801477033658361,-0.10432687863808451,2.1551025704929665,0.3487251397526803,0.22740468840380035,1.3137409886678397,0.30320554671769523,0.757335055289534,-0.7616251646821461,-0.6416183898502893,-0.3654110604505702,1.0351202859216955,-0.20764707634895804,-0.23638681362681022,0.911036797410028,0.8338697011107589,-0.2171753580317447,0.9181293955401746,1.60567159349044,-0.36187091093647894,0.22998718616294572,1.0529960824125943,-0.32448545148928354,0.14966364208656674,-0.26068349571236443,0.8333910267642742,1.095586213368632,0.8839358838294401,2.3168886314491703,2.3395332601837366,-0.6004598101701427,0.7253141792456954,1.7943211567171329,-0.14284844683058115,-0.3686068133087653,1.2094546934789614,0.4456237172531047,0.2289237852847019
1249,-0.17647015769097968,1.8202897419028687,-0.39579499941001595,0.4999650397149889,-0.3014357062352715,-0.8040852306754158,-0.11233172249590108,2.177052432635358,0.33706279893502844,0.21218864527142872,1.3385707171097816,0.32900041724568846,0.7587381481826511,-0.7634081273309851,-0.6388144599806169,-0.3674576559167774,1.0360262644775684,-0.1869616734099381,-0.24417114596750247,0.933403131681305,0.8260490997865818,-0.19195186848511092,0.9329173347040521,1.6158215636338844,-0.3683953239339892,0.27164299720072477,1.0399931903213344,-0.3252592117678741,0.13663333217521234,-0.26731218353393715,0.8476391940443931,1.0861715192591317,0.874595897178106,2.3232629488838867,2.3421030425043496,-0.5627619543589465,0.7177506932658098,1.8049618646438512,-0.1312446698170113,-0.3605112597139383,1.2449673054551125,0.4711067509591218,0.22488871288537368
1250,-0.17925392366088724,1.8211569961383576,-0.39581817600459185,0.50064011488202,-0.31064444537989555,-0.7995631198437783,-0.11644020487451422,2.207511283425236,0.36843208808733086,0.2446084692975433,1.3136411617954273,0.317199352268705,0.7607376370689521,-0.7650573677811612,-0.6489711127853699,-0.3693507567230191,1.0368642946417508,-0.16578267099736824,-0.2498723742382693,0.9420450718282716,0.8271316290963955,-0.16615229252934935,0.9180539776852387,1.6221971725680815,-0.36776764234630344,0.31017462241067034,1.0374864157939643,-0.3216832286374705,0.12685537482538214,-0.2734437197688919,0.8525595438607405,1.0862329453226471,0.8758433260805235,2.3241118565518066,2.342943240991334,-0.5285131253614663,0.7169971256931005,1.8407568589844887,-0.10624876441339146,-0.3761118847349631,1.3362580747632373,0.4946785571371876,0.20951528029089758
1253,-0.1817265045637436,1.827680640527797,-0.3950456751755219,0.49473272340769225,-0.31286972973843397,-0.8006539430002203,-0.12769231833280695,2.219667675871997,0.38845496733233575,0.26769864779951374,1.3020493037251772,0.3125116929504468,0.7625871642887806,-0.766582915197574,-0.6511044812727614,-0.3711018749687927,1.0376394725436198,-0.1438635057945382,-0.24289046143261833,0.9592979732652175,0.8399562058201441,-0.14602728058295197,0.8934828204083347,1.6268566614160176,-0.36938410268937144,0.34581637572987,1.0322678424835818,-0.32006831670108593,0.11903185290844939,-0.2790056617823714,0.8618376249556826,1.0908809843759035,0.8740561382232934,2.329029028216211,2.340458984478881,-0.502305749550716,0.7202073130834797,1.8601428249189438,-0.06842911857804282,-0.3881851817516974,1.4336937350699899,0.5164824778518985,0.1874586334506015
1254,-0.18407233408525328,1.8320506282002444,-0.3969955674682107,0.4883424394195972,-0.3042725936739729,-0.8067474860863036,-0.13453008694734298,2.2163640888411646,0.3872398261123778,0.2628865295645556,1.3249946206114078,0.3288244396603202,0.7642979769671221,-0.7679940465577562,-0.6432627070386574,-0.37272165934613327,1.038356512102848,-0.14793988381207304,-0.2243888582606051,0.9875850777542576,0.8552818596622312,-0.13713843357653316,0.8472208470339532,1.6267179924746389,-0.37438831095201924,0.3753462018823377,1.01681501634561,-0.3335820385679321,0.1222163553853603,-0.2741176412158218,0.8720995259642276,1.1247081209642167,0.8596281455813475,2.34677915129579,2.333347586015604,-0.4802041839339308,0.715255575251067,1.8573219052130727,-0.04262476325130826,-0.39328260941040355,1.5013454151202714,0.5366511045130061,0.16510904260819145
1257,-0.18527937463908906,1.813772295608996,-0.40322381627510917,0.49201536849935723,-0.3071528404761894,-0.8044499520176864,-0.12821187326683978,2.21681528489884,0.3861507444713342,0.26306801797600937,1.3366475278696137,0.33388961721041505,0.765880478694588,-0.7692993430659244,-0.6490521053347316,-0.3742199598951733,1.0390197736951345,-0.16735347901268421,-0.2189922522224103,1.0056109855437996,0.8635686206228027,-0.12604338810118967,0.7901516887627847,1.624763049246408,-0.37771282918426646,0.39588391005705303,1.0069841664697998,-0.3476354130962775,0.12846813047934721,-0.2678968267248252,0.8784958835257222,1.1678666584044155,0.8473524142538205,2.3668083187653153,2.323571378757583,-0.4589728681077393,0.7084734009996172,1.8692213139111338,-0.0356306050675406,-0.40719152430714434,1.5173268152077377,0.5553070841745307,0.14676058073848797
1258,-0.18308104455483656,1.7816640157591896,-0.4110497113187704,0.5037827155334843,-0.3201107323927523,-0.7949480925137796,-0.10858003842966396,2.2316188950082907,0.3742935904663337,0.26961758849990947,1.345714515215569,0.32678215198526084,0.7673442927924937,-0.7664672963996183,-0.6592780474346267,-0.3710182000592552,1.0379598354806745,-0.18293916384231992,-0.2287477833057295,0.9928051080714203,0.8520939449900942,-0.1198532832249676,0.7518624593052581,1.6232265300008801,-0.38416127202580747,0.41812475212419403,1.013158998505272,-0.3496498798802576,0.12379865309328829,-0.2658346293109392,0.8867884704182494,1.1906889760099524,0.839094758674963,2.385647069882916,2.3145923024432573,-0.4455064883235634,0.7072504490531978,1.901660233500337,-0.07602085516020808,-0.42314769686892006,1.410378918309121,0.5240557907284797,0.1500835591258325
1261,-0.1808401792705068,1.7674719429908412,-0.41272250649580405,0.5129950380785921,-0.32219394190009837,-0.7893763495890866,-0.09955969776484772,2.244172537235478,0.3521487594946869,0.2640596221664426,1.3592697725204446,0.3229412419585762,0.7686983208330567,-0.7678870991696469,-0.6687370438770297,-0.372644260054811,1.038652847819624,-0.1922677476514404,-0.2377716495577998,0.9928741369678247,0.8384234257375933,-0.11714248701950918,0.7329357376084582,1.6215520539749186,-0.3960570463444184,0.44567024571487945,1.0250977503114789,-0.34888223310928157,0.11367726006903145,-0.27140715016140143,0.8950751277826701,1.2104119280574872,0.8293177636892103,2.402495584814336,2.304408269403912,-0.4281621279654753,0.7068274068674743,1.9116659982129016,-0.10585451414218512,-0.40898089121847936,1.3127208677459004,0.4618965261843757,0.16141390513836665
1262,-0.17903015303061995,1.7900181694653856,-0.403169540368979,0.5055550691964896,-0.3100508376752768,-0.7966368191060156,-0.1168431791387124,2.2558092971657917,0.34928713142594653,0.26680700208338853,1.3695375546875428,0.3373438065521789,0.7699507967705775,-0.7692004167319234,-0.6573107310412519,-0.37414836555070025,1.0392938842331523,-0.15912327683693886,-0.24516136462269017,1.021330033349453,0.8371658199594533,-0.11393062407252645,0.7505408651204326,1.6213724435747936,-0.40715517783535154,0.4711498272862634,1.0352580792960557,-0.3490864657939594,0.10497312144370487,-0.27723156389929626,0.8825694503503189,1.1973121680186216,0.8326215508660388,2.3984768063972313,2.302783979968334,-0.40884838366803106,0.7077054582446767,1.911920885537304,-0.07857982553932018,-0.4068873934463983,1.399239946945435,0.48615909922054756,0.14822786818495315
1265,-0.17907864431968307,1.8020899287667862,-0.3997475623338405,0.5027133057828039,-0.30802187469016995,-0.7980579698779687,-0.12452041445294607,2.2614409635737083,0.34599819318266684,0.2658680444291091,1.382577247067266,0.35657945244425976,0.7711093370127842,-0.7704152354770293,-0.6563311408825159,-0.3755396631343977,1.0398868429156658,-0.13517930871648345,-0.2529542122759884,1.036236921747619,0.8282082957637672,-0.10753292228516698,0.7630524417318548,1.62102128412318,-0.4176709927651049,0.4947184402397936,1.0416677093233118,-0.3440691778292695,0.09433857996262207,-0.28261914660684906,0.873795696298632,1.1859992545443006,0.8319332671107125,2.3948657260064596,2.2947287410032957,-0.3926637578553518,0.7080219116232103,1.9120279117417647,-0.05557804854402629,-0.40817794641864485,1.4535860508915899,0.5086019792790065,0.13373201264893275
1266,-0.17979800734542262,1.7931879161410051,-0.40400563038924775,0.5098328227342134,-0.31590987246073693,-0.7919710421696201,-0.11425109937970314,2.2544545524571546,0.3406984190213683,0.26175962933010316,1.3728800292675398,0.3521945877337808,0.7721809867368252,-0.7715389428162522,-0.6660111553163272,-0.3763283787872023,1.040435329696991,-0.1540813751801395,-0.26016259635528927,1.0412331129417698,0.824843402398404,-0.09841823654817068,0.7293704730526165,1.6192967838326693,-0.4205970167683927,0.5142816277634163,1.0454050969854758,-0.3462593077727825,0.09112140491168425,-0.2840103548066014,0.8836478608364507,1.2100407530358581,0.8167618402911995,2.408286753991934,2.2790927491142026,-0.38309082992500443,0.7128569825521874,1.9109006115400422,-0.07824498230584073,-0.418871583476796,1.3601186914103403,0.4950437789722539,0.13888274056031913
1270,-0.18129206966508554,1.7961111678352164,-0.4028661461121833,0.5126376463033145,-0.31636012952796855,-0.7902909613416259,-0.1120674281822052,2.2410149267797506,0.3373482645785334,0.2560257996100613,1.354028859861279,0.3387237164132078,0.7731722627315633,-0.7725783721050334,-0.6749651686676025,-0.37755617537816216,1.0409426799697168,-0.15577665820908082,-0.26352815020259135,1.0657689128016716,0.818719476746416,-0.08135726448079933,0.7142779726362237,1.6232304428998485,-0.4278258877026882,0.5346153556811601,1.0457192946648939,-0.3424757684608288,0.09177009692503131,-0.28888952819610636,0.8883181225667125,1.2156366947997685,0.8090438195330478,2.4112045472244015,2.2702104420542195,-0.3619571806076651,0.7182975588607733,1.893396819696484,-0.07771201857293115,-0.41988837767804227,1.3232272809829728,0.4998332645737954,0.14202165942488676
1271,-0.18282279885332278,1.7978285514187933,-0.40070606000840947,0.5079417693971575,-0.30951385480988247,-0.7956342822313107,-0.11472759703174716,2.2379767329050577,0.3358727429114765,0.25551252040087374,1.3636122792798835,0.33345143964385515,0.774089193026696,-0.7735398441971559,-0.6715628758270513,-0.3786918872248001,1.041411978971988,-0.12438615659413413,-0.26994348893739695,1.091129454161917,0.7953210857850932,-0.06408443346017603,0.756678076441971,1.6358365210290298,-0.45063915282607614,0.5534240540050732,1.0414037937222496,-0.3169322569699254,0.08954110359839917,-0.29340276358139844,0.8764809432638325,1.1753800709395896,0.8236972347763251,2.395431708253327,2.27440740122408,-0.32679441424747896,0.7088239842328226,1.8822968916317706,-0.05696832213871299,-0.41868519140866367,1.3897262834279804,0.5212505822307608,0.13316972529600543
1274,-0.1838179785784258,1.7870253730237142,-0.40213255213292803,0.5057642032581557,-0.3053972709984093,-0.7987674809169013,-0.11360276844793396,2.2334899887036173,0.3337862019108209,0.25049224296472045,1.37540318739499,0.32703699104007505,0.7749373535496938,-0.7744292058823693,-0.6747714932301305,-0.3797424206829401,1.0418460805490888,-0.10869223261557208,-0.2758776772670922,1.1110577857383979,0.7711411207715553,-0.04092014053189908,0.7783444630397184,1.6512903760290485,-0.46727199278888487,0.5708220999546928,1.034765304164151,-0.28646325287591506,0.08706480822981393,-0.29757750631279356,0.871845765615886,1.1433700736297896,0.8411185604900021,2.378200589696256,2.2777479106483804,-0.28860536381127916,0.689557879749674,1.8703921433543205,-0.046879706697900696,-0.4045257343386869,1.4200068410779618,0.5410616010634539,0.12759255153516033
1275,-0.18064785435543385,1.775574517063587,-0.40029710302098725,0.5031367670889156,-0.29762310591265545,-0.8024319942120531,-0.11990319051253844,2.230797895051638,0.3316034699632425,0.23971415168998314,1.372206540124067,0.3227238185386517,0.7757219020334669,-0.7752518654411915,-0.6789859199159686,-0.38071416413171966,1.0422476245079069,-0.10129317539393913,-0.2775088924696185,1.1344992507119733,0.753210108006377,-0.006422702520819059,0.7537968430414177,1.6626481546887686,-0.45396562916410643,0.5869152924580909,1.0358906467424487,-0.2690640932720405,0.07996277100117401,-0.301439143339334,0.8692491627300598,1.124719965939297,0.8596570564437181,2.3555222475925683,2.279847604230556,-0.254375240034324,0.6723903319220337,1.853206968780914,-0.03670116090642558,-0.36920030905975504,1.4143434265654047,0.5593867934836948,0.12549298042579568
1279,-0.17761237949721087,1.7650847783706747,-0.40002455945455273,0.5014200294536895,-0.2950118858321365,-0.803870699480997,-0.12384603262260852,2.2156322634300825,0.3371499496792628,0.2345624172319467,1.3631558554143175,0.318520078918055,0.7764476093809569,-0.7760128255331021,-0.6808364883765046,-0.3816130268218406,1.042619052669814,-0.09026133007270415,-0.28057925904160025,1.156415876540305,0.7432972497356395,0.028322797258172727,0.7192595055370681,1.6716667041035798,-0.4330119713582465,0.5950989210434774,1.0400110837647107,-0.255707042508475,0.07148045507462684,-0.3025152139636385,0.8700928466018387,1.1162058224270859,0.877761460161586,2.3405432404502653,2.2766120684263593,-0.2239958797702582,0.654225129624653,1.8307272581650427,-0.024755110213435717,-0.3386576046112677,1.415182275858481,0.5735116226840934,0.12393449565758623
1280,-0.17609374312619733,1.757745399828868,-0.40629616800821344,0.5054006509549999,-0.3075462965602215,-0.7975171312008275,-0.11811808890917863,2.177685420174933,0.35657353770219125,0.24754232945820842,1.3351655883287306,0.3056016068459102,0.7771188886773851,-0.7767167136181193,-0.6830348805223964,-0.3824444748102026,1.0429626237195782,-0.09640342485294236,-0.28571576461348025,1.16296524334811,0.7594474059996981,0.04347107930027027,0.6698469161704066,1.673685119947667,-0.4291847361351135,0.6028918254640376,1.0387056554066676,-0.25245204599353577,0.07465101409063919,-0.2881898483614843,0.8779976923743492,1.1393607690286212,0.8800809199975638,2.3598074923649617,2.2624192149985576,-0.20608406895316062,0.6480134673545859,1.8193546403159966,-0.016336961783590023,-0.3475395919766738,1.408389402964686,0.5551951672893225,0.12536476234069466
1283,-0.17322977878184972,1.7441971097674533,-0.41270094185650746,0.5124618907298477,-0.3208244079160658,-0.7890326722107808,-0.10900436697128242,2.123658980231632,0.38324403496032317,0.24909472354546017,1.2587473486587653,0.2589626496069411,0.7777398220265811,-0.7773678100967605,-0.6875356168959412,-0.38321356419943736,1.0432804269406095,-0.11464021049308151,-0.2897767089394394,1.147506893098103,0.7855441485316172,0.08727337425520734,0.648131348674297,1.6879578082081892,-0.42535676061572414,0.6165797885542349,1.03320592975307,-0.24390192434265212,0.07438427415640197,-0.2735356733284994,0.8879994029567708,1.1716202281143018,0.8771331956994718,2.377944939208022,2.246429150341565,-0.18975988152414225,0.6504250399314775,1.7960088243121761,-0.007259923553268944,-0.3704673778448015,1.3398223549597628,0.4970862844542838,0.13100573121763262
1284,-0.1697187896570095,1.7143570940193045,-0.42388408860778515,0.5204348030771767,-0.3371348949146942,-0.7796768049650926,-0.08713069594754443,2.0570098996121153,0.41356796317783084,0.2188035403437009,1.164341297509358,0.15965766300991746,0.7783141853745874,-0.7704470048237544,-0.6941973998162009,-0.37472198942334023,1.0410240753091513,-0.1311424743861372,-0.2816655004711915,1.0844512424823645,0.8106799131782809,0.17728398288418112,0.7319162537562665,1.7284195942527398,-0.42286146921514145,0.6292411544126673,1.0118016024650427,-0.20210811880570434,0.0558400003405244,-0.2567697590973266,0.8952217545016306,1.185438087588348,0.8792993550344316,2.3710910606592206,2.2327932994198756,-0.17258642322419493,0.6480319443332996,1.7529696805206265,0.003016327215797641,-0.3825995049289164,1.2393356783377807,0.39923635541131414,0.14448268383652468
1286,-0.1690584605789741,1.701466185003631,-0.4299712148135464,0.5285799620907717,-0.3518791868081431,-0.7701909738574522,-0.05991765479278641,1.957263823867592,0.41813539300475977,0.1737353813985671,1.077015700196156,0.06592022628018443,0.7788454714714932,-0.7608591943954787,-0.6955081030327496,-0.36430023536565864,1.03580541197662,-0.13052939357005733,-0.28672053793585217,0.9962250976392413,0.8376510022994015,0.29122276108957246,0.8733719097495466,1.7842631528158885,-0.4501157004568966,0.6409529178317172,0.9721124810574848,-0.13831973645931905,0.023583205103471665,-0.24394527119158232,0.8971738487050528,1.2030593353388108,0.8813046819269048,2.3592279308700896,2.2185336384007153,-0.15719910040130936,0.645076681267377,1.6883398903757485,0.011755874211307495,-0.39725572150511934,1.146385502462447,0.301070671797063,0.16048569495642948
1287,-0.1711694788363095,1.7297368943049263,-0.41971549860564883,0.5333842364184914,-0.34418148800174053,-0.7713872544965034,-0.044744421524,1.8550599294664176,0.38097867136354807,0.14618808340478923,1.0045676820651925,0.04198447949282514,0.7793369111111312,-0.7626996048158178,-0.6798222867538753,-0.3664301427132342,1.0366600060783733,-0.08892586183810701,-0.2913964475906633,0.8965143599491378,0.8093628755337312,0.43191748845167144,1.0042183915433305,1.8557796797495774,-0.5113957635298284,0.6517862989943384,0.9325099226764471,-0.07662168501617542,-0.01974518163999197,-0.2518293258522136,0.8825214835613153,1.216715349296874,0.8915457105473165,2.3245110393633714,2.2149654424104765,-0.13886461363265346,0.6365489750369402,1.6215397039445476,0.00592278091872085,-0.4223188466069038,1.0764451822010974,0.2615835682097829,0.1663882349856167
1292,-0.1760804803682984,1.7395056994667222,-0.412747371058092,0.545005376411611,-0.3245911102947988,-0.7728845382623649,-0.016100972486128247,1.798917664234045,0.3462837563937371,0.1275688501876961,0.9733191823182402,0.04394941777857568,0.7797914927777962,-0.7644019844546316,-0.6787742554264398,-0.3684003070097417,1.0374505056224952,-0.052748516731596536,-0.2903037079777346,0.8312617907276079,0.7398395871513376,0.5890049488635759,1.1252513872025807,1.9466165296541653,-0.5908510812650913,0.6618071765697631,0.9351771959353616,-0.029011676169530872,-0.06108905789026746,-0.25912207641329765,0.8541925144242674,1.2402198507358273,0.8903499569268801,2.284835744049655,2.2072982747269942,-0.12908460775990754,0.6223602886213149,1.5917674919520188,-0.0016743551473969655,-0.4281732266512987,1.0443762580400207,0.24282929646335882,0.16983138871194461
1293,-0.18663548622110732,1.7174471726518672,-0.41540335667761463,0.5662218448246384,-0.27848770863113803,-0.7748123361540625,0.03877192706385964,1.8589328306374175,0.3548834852634444,0.13249261412325714,1.011509713738239,0.07065794576628923,0.7802119808194614,-0.7540575731337905,-0.6867710362694569,-0.3689924366101203,1.0370717832545613,-0.0557327522418379,-0.28443317780477595,0.8041733767795235,0.6625375591384857,0.6788360782267796,1.2372069081873873,2.0089125954928484,-0.6643472501702096,0.6710764883270307,0.9828489062402096,-0.02950019069514084,-0.06589138641205791,-0.2658678706823003,0.8220825420804709,1.2972322529055331,0.8566242367515913,2.290009233383388,2.1845174738046853,-0.1441478586329563,0.609844713237919,1.6322556690572148,-0.03598006010567382,-0.4058490035235057,1.0228036420468058,0.23739448533672036,0.17315867338563692
1296,-0.20362916008766613,1.7038655499733908,-0.41846355662514284,0.5855047443928176,-0.22811735871649688,-0.7724241476421653,0.09223665803239449,1.9529782722663616,0.3522080185992716,0.15684486776575246,1.082940231577935,0.10155180589419524,0.778641821222689,-0.750750054303123,-0.6941680585492477,-0.37077042886436135,1.037831399510469,-0.05019824625989235,-0.2732870660671896,0.7748536207422705,0.5951713535814286,0.7418555300870774,1.3407657650983336,2.0600255577556075,-0.7323312064074438,0.6796506017025035,1.026945238272194,-0.015178185409336693,-0.06985384181072968,-0.27210773038112773,0.7864412900352136,1.3319395875215225,0.8185018390183895,2.281900519757359,2.1578014017096314,-0.16631669444239458,0.5966843932287081,1.6834725892735392,-0.07281358932901816,-0.374002433856705,1.02974049614173,0.25778394558200235,0.17502426615194133
1297,-0.21852527875440816,1.6842304904906193,-0.4274595867025129,0.5935644466809328,-0.21452719424860647,-0.7628293585438342,0.14053718478673638,1.9910059000537996,0.34131177448310807,0.18724203826528135,1.1287769917599633,0.0838126473054838,0.7782977863929645,-0.7533486502303887,-0.7010103041580541,-0.37241507169953425,1.038534044547184,-0.0032264224480571153,-0.25358114491335876,0.760388526096758,0.5498113289716954,0.7826716736465035,1.4365577077409584,2.110693383909725,-0.7952163659268854,0.6875816565748156,1.0587597972940288,0.06592368136748025,-0.10388331485955468,-0.27787960060254313,0.7486919321496432,1.3161061625295662,0.7970281012592798,2.2033401349810644,2.1334680055013173,-0.18053745652395137,0.5983210112309063,1.6671597890186143,-0.11319861498077266,-0.362758039217697,1.0221783500665214,0.2770344211331122,0.17747891730145193
1302,-0.23375791773399834,1.6509773570230204,-0.4365745286191364,0.595972539518905,-0.19920426772951133,-0.7561769004202269,0.18256748650456445,2.049073626159562,0.3397883738006865,0.21826513866759903,1.1748972288392727,0.05121978205484194,0.7763140601044164,-0.7557523514631094,-0.7073393813462,-0.3739363663220692,1.0391839912061454,0.025954454101397323,-0.25293117375099045,0.7584162225522094,0.5329325456316897,0.7809509933823422,1.5251652546853867,2.1419806376496737,-0.8533851384823691,0.6949178823317044,1.0826572316856151,0.13938202897043347,-0.12717807494462205,-0.28321858055735233,0.7173241762945307,1.294295247034057,0.7716477908790603,2.145378917361022,2.1037866025979706,-0.20557296520023993,0.6123517853885883,1.6621057582822498,-0.15682127880290944,-0.35079069279494524,0.9984841201857988,0.28613733909056743,0.18125709711201612
1303,-0.24667667080969827,1.6318635974176723,-0.4375224465368972,0.5969164038409978,-0.1707116622438378,-0.7562345471186488,0.20653727252902593,2.1281872779551185,0.317875002607211,0.24496709706129807,1.254385780725369,0.0524709619377066,0.7689587427262586,-0.7560038904827925,-0.7131937777452348,-0.37534356384791406,1.0397851918656844,0.02052654094116932,-0.2528978661020192,0.7242237155237502,0.5202869181040596,0.810004047912357,1.6071272356089825,2.1863725648045644,-0.9071912530961914,0.7017038911568266,1.1102326758646384,0.1825445528366661,-0.13545419124558603,-0.28815713701555096,0.6915465301851931,1.284970317323012,0.7288465836586804,2.1737952645632954,2.0685789862028323,-0.2511832161045035,0.625330251484444,1.7030119528367231,-0.1808920464391705,-0.3390934590181742,1.0141763643936594,0.2974108107656868,0.1842106698425399
1306,-0.25320858044897615,1.6277029726555876,-0.43867317954631696,0.5955293151724812,-0.1563355491090132,-0.7575208803687252,0.21694733614490488,2.157625943889075,0.2962863099007661,0.25683398844504157,1.290953296547822,0.039689357243907854,0.7608195486935027,-0.758208448696583,-0.7186090944143423,-0.37664522155932056,1.040341302475758,0.013531153302258424,-0.24264733402001523,0.7003143080218753,0.5135680483894278,0.8435238006597229,1.682942067963309,2.2344985821850805,-0.9569619091139772,0.7079809493200646,1.0981376263616662,0.2264168554456937,-0.15118399060455517,-0.29272530173938466,0.6678482867230997,1.2749414394818597,0.6912658265867211,2.205060121587747,2.037676602078033,-0.2985641195592317,0.6373353326231108,1.7178957624105378,-0.19486777756165383,-0.34207479204955954,1.0200122438489954,0.29508932110458175,0.18911160157332657
1307,-0.25924011526321383,1.6428933697293198,-0.4391243867842761,0.5935492111545925,-0.1449525759707887,-0.7616510475025028,0.21581419437917862,2.128413534359769,0.2993158843144155,0.2610295189202002,1.2314150662582326,0.011530403929238535,0.7555522198491986,-0.7602476650443393,-0.7236182623332668,-0.3778492549423715,1.0408557047900764,-0.01697968686939725,-0.2398510102042949,0.6956790451751502,0.5334197926714869,0.8234963650818672,1.7530707878910605,2.2529330678934856,-1.0029997659304288,0.7137872281210598,1.0591087456164878,0.25239669206313103,-0.1611324909899411,-0.2969508541089308,0.6421870760141433,1.2720589008209695,0.6609571101662965,2.2157586500154793,2.0103198114291643,-0.3368121481916873,0.6484400326763775,1.706558750133955,-0.20968563735949866,-0.34871309648376636,0.9783800926969713,0.2813932312114567,0.19726445318479785
1310,-0.26293828071076875,1.659983700617724,-0.4352422301310447,0.593174640002488,-0.13379674068684894,-0.7658352137290055,0.20913800241023417,2.1060629342868324,0.30172891364667764,0.26370564309657,1.1838851666307109,0.005575706071201125,0.7503550409784749,-0.7620829568332791,-0.7282517426582716,-0.36446467210434935,1.0413315269308208,-0.05432220970163709,-0.2463298779960575,0.6777361557756306,0.5686174043483276,0.8107110626545915,1.8179398538242313,2.274350773786789,-1.0455847834856467,0.7191580360119801,1.0290423047755601,0.25647437647817445,-0.15967316230450804,-0.300859490050761,0.614836505253319,1.2668725653057629,0.6357637073397009,2.2428796491471883,1.9879937516397501,-0.36863119789105914,0.6587118802256491,1.7062632566266789,-0.2119042473769331,-0.3544873241190399,0.9558862836046012,0.27591274464822235,0.20479174344964285
1311,-0.26259230284122925,1.6583008253058107,-0.4326411478694724,0.5935598390345462,-0.1305465767796717,-0.7675640336841177,0.20369036052538017,2.1418218976448404,0.30238968466929833,0.27689217582107367,1.2065820740498066,0.012296554869664692,0.7449882105912756,-0.7621362684922925,-0.7325377119589012,-0.3665822466965232,1.0417716624110094,-0.07933286989193059,-0.2540350871463532,0.6638333757583181,0.6020564351072591,0.8110889430237808,1.877943739812414,2.296476150265204,-1.0790691236988859,0.7241260333110816,1.0147186286426833,0.2702241099180607,-0.15606432521247363,-0.30447497829695386,0.5902892904434753,1.2618748677401155,0.6233647898028252,2.259021835733056,1.9794954901510156,-0.390697506030807,0.6682133392087254,1.7267160969142958,-0.20717752715168472,-0.358516893189808,0.9722189405815895,0.2817780330398576,0.2107682123158162
1316,-0.26057132763526153,1.6552446933305738,-0.43342162120714034,0.5940032592142134,-0.1324428848233943,-0.7686572382505699,0.1969392301893038,2.160581544902597,0.3108862051808366,0.2886403871258694,1.2111765579481553,0.009020586337720784,0.7443748396572543,-0.7638808983553705,-0.7365022335619834,-0.368541003194284,1.0421787877301834,-0.09568077154851215,-0.2611624056103767,0.6578946486408404,0.6276108323694398,0.8006579370145892,1.9334473343514829,2.298854175831049,-1.0657287800584514,0.7287214308127506,1.001161497403095,0.276918269650352,-0.14476938629711175,-0.30766050338877,0.579251374587753,1.259134942937659,0.6194340083906569,2.2606980407085073,1.9769048041554047,-0.4067101333425113,0.677002188768071,1.73225174488724,-0.20824266825928142,-0.3599604433781295,0.9718313063905881,0.2874893916721065,0.2163746279461277
1317,-0.2551870771378664,1.6467305162004688,-0.4364372458809497,0.5946327868435101,-0.13982250883990463,-0.7680275331753775,0.19234142329976647,2.1289717512155018,0.3183500655638191,0.2866349430337658,1.1774876438047186,-0.005762329681748477,0.746726257124552,-0.7641035160208886,-0.7401694160448345,-0.3678798218748731,1.0425553786504194,-0.10338114111798236,-0.26775517518959835,0.6464696082443718,0.6301987802077174,0.8215714862344234,1.9847881593001215,2.3086043931703784,-1.027546402277097,0.7316452817953353,0.9871360989829603,0.26240644660460183,-0.12895789825942527,-0.3005760766201869,0.5807493717205565,1.2349759029963727,0.6237346418724005,2.2671646654300215,1.9770013203351853,-0.42579666371553143,0.6851318746104657,1.7005868936320077,-0.21664572410574465,-0.365041888247068,0.9320660660378187,0.28338576642992025,0.22072488711601854
1319,-0.2515596455689735,1.635784432995306,-0.4379194804320833,0.5949521288170803,-0.14721586791259156,-0.766204304082862,0.19310726826213356,2.1336319625515667,0.3242831174729837,0.2916181531112094,1.1853148634866297,-0.00984752282042753,0.749239995756787,-0.7571917543972851,-0.743561559841472,-0.3697412602342576,1.0429037252516378,-0.1106487298939153,-0.27385348705037843,0.6411870147399247,0.6392196729303213,0.8461006204062068,2.0322784223776127,2.314323033886594,-0.9834047625403278,0.7325600549382648,0.9837042998497794,0.2537047724086592,-0.11324743461869113,-0.29356254831448775,0.5877695296712765,1.2076829443206296,0.6371710171455888,2.2636248353247015,1.9861491481356939,-0.44784989853404383,0.6926518340146809,1.6873774264228563,-0.22345132029380546,-0.3673675467764376,0.9166393073313426,0.28453754208291704,0.22219668635056558
1320,-0.2542253502232537,1.6412040968800383,-0.4361320516746366,0.5942192672255858,-0.14720715794494943,-0.7658148408619379,0.1968785021866618,2.194430258112311,0.3281626480690379,0.3103394049036861,1.2470129030270765,0.010725586586599882,0.7516137360662113,-0.7391619502272758,-0.7466992928533617,-0.36991270574954455,1.0432259458577648,-0.1331197350727655,-0.2794944255216,0.6414001196398962,0.6790302036392424,0.8335253218943451,2.076206915724292,2.3084540483018454,-0.921093968865055,0.7142919746407919,0.9827162514345112,0.25375667280282976,-0.09450820749022862,-0.2907892232958889,0.5942106227635157,1.1975355090409994,0.6486764550134062,2.2511787409454955,1.9989573638431544,-0.46884919241700934,0.6996077964635797,1.7289344642091062,-0.22364792193959016,-0.36141341612768624,0.9637642978154085,0.29715185383688586,0.22162808711490192
1325,-0.2543912143716906,1.6460112746037243,-0.43647222323481194,0.5941211843912163,-0.14505140567307467,-0.7671117256823571,0.19370004721341597,2.229994076406373,0.3268930721739983,0.31705535648545585,1.2781529711281072,0.020419972304079756,0.7541475558612455,-0.7347344349284133,-0.7496016958893595,-0.3716216778183288,1.0435239999184325,-0.151358459852111,-0.28471229360747996,0.6412007086731245,0.7089433089290476,0.819520573494438,2.1143745947151196,2.304418318947356,-0.8422469089643344,0.689953965428406,0.9704399235594442,0.2517990665123138,-0.07943762830254249,-0.2802353359189115,0.6107934341097273,1.1760348338284312,0.6640745856569328,2.2380206133874228,2.012483331032845,-0.4889259142685337,0.7060420617288112,1.7617875716453237,-0.21875358283753799,-0.35704390688050547,1.0008221896000637,0.30430870088290274,0.2227959050071694
1326,-0.24965948147225317,1.6447831219893714,-0.43776413294278127,0.592545070838991,-0.14808170486672004,-0.7702452308388463,0.18353319067185905,2.1937100704107575,0.3305498439022576,0.3036411971230592,1.2413395677237569,0.00758871589214509,0.7563056628433233,-0.7385342023087823,-0.750086687673811,-0.3732024769819541,1.04379969992455,-0.14803342041578102,-0.2895388215869189,0.647105360523665,0.7171777796279869,0.8159750092330634,2.1332390575036952,2.297450503019935,-0.7698502511908061,0.6664838521602648,0.9545312584520541,0.25680425726939254,-0.07887986526707193,-0.264047984702065,0.6391318202852543,1.139561818766309,0.6909411467388283,2.2198855387151992,2.028872019886243,-0.5060502531735875,0.7119937570991504,1.7362909396639141,-0.20961674554219908,-0.3583956673377246,0.9903468261585907,0.3059767411842484,0.22642803001632014
1329,-0.24740987574564696,1.645633743071787,-0.43737067473093005,0.5919615648600226,-0.14682788639840585,-0.7722603711297774,0.17786791921745881,2.1826200475494035,0.33047720114717744,0.28935874362002945,1.228171945537199,0.0018773343811167179,0.7546815988306833,-0.7420489871356237,-0.7517673788303552,-0.3746647162083075,1.044054722430209,-0.1539859984740679,-0.2940033599679,0.64907705870909,0.7318395759354144,0.806200779554581,2.146971499577776,2.2842855425707596,-0.7081658145595614,0.6459249817933997,0.9474180606508888,0.26262856848087285,-0.07557525462797612,-0.2557919140045752,0.6637191722054665,1.1185151801297308,0.7172874291961664,2.2011515531490713,2.046013888141684,-0.5251879815250363,0.7174990753167141,1.7310700625639666,-0.20016785976248908,-0.35555523606831596,0.9893958342631026,0.3056522991380861,0.23086002752069207
1330,-0.24708261886127025,1.64064341523168,-0.43826092878121176,0.5928959684838989,-0.1447502905508809,-0.7696651638031705,0.18744935200958598,2.21900218012369,0.3221538842901634,0.2798764150669763,1.2851848836622095,0.010251104242740304,0.7475962928172917,-0.7340222375943402,-0.7542896754180787,-0.3760172874926844,1.0442906182479432,-0.17529117993304658,-0.2981330579703075,0.6399368841520854,0.7471331985268572,0.8031850776447322,2.171902776700535,2.2735592924249146,-0.6628729217852596,0.6443396188143293,0.9492292547256447,0.25582501369167565,-0.0536879632316151,-0.2572057294937019,0.6772661842763319,1.1172666810330136,0.734583852855224,2.1924580943625203,2.062975543500651,-0.5523973178327657,0.7225914946679605,1.7572713040363872,-0.20139372079283308,-0.3397894333665345,1.0179679600724332,0.30379644295233293,0.23461662892903834
1333,-0.2446499108930877,1.6343036281637788,-0.44057237569920277,0.5932785624874068,-0.14495727817518028,-0.767479411176574,0.19489301736331802,2.225667713501701,0.32058989080804556,0.27134038659742266,1.3060484458797792,0.005557636173475223,0.7396446308016016,-0.7286638198385816,-0.7554288424232609,-0.3772684159307331,1.0445088218793475,-0.1905528885837046,-0.3019530286225345,0.6326334900745436,0.7569832523517227,0.7977345219186709,2.185024448854661,2.25958803938423,-0.6206218134755235,0.6414957352671539,0.9416880880896907,0.24978669721991392,-0.038290077471077766,-0.2550178324165639,0.6923454788572216,1.1115220843971811,0.7531816578523238,2.180212045448967,2.0830781794965825,-0.5767180285424017,0.7273019825678635,1.7622493030868693,-0.19521410372803927,-0.32379464686124004,1.0361072347353086,0.2997893557806829,0.23977420467960003
1334,-0.24101410381431113,1.635230194013136,-0.4416502292891485,0.593289734139754,-0.1450850923167775,-0.7670445671653071,0.19646943613193035,2.195871499805152,0.33183753444213404,0.27218009865460474,1.2555262193270462,-0.01546379898668468,0.7335606181862546,-0.7272725845459515,-0.7551319889578569,-0.37842570973592815,1.0447106602383964,-0.1992070820848372,-0.3054865014758444,0.6289321713589041,0.7667009468638957,0.7776814145303838,2.1680714979464,2.2389447000430627,-0.5737557662943419,0.6220392248014676,0.91828493381129,0.2526887258233751,-0.047645579521214045,-0.24677107098495568,0.7093628070634439,1.0997492443694574,0.7745833584765549,2.154998809785813,2.1039207830715068,-0.5821622181531985,0.7316591838752737,1.7486166490617476,-0.1693545079340312,-0.31944112910909894,1.0392139498937698,0.29225742030665824,0.24680548123554727
1338,-0.2375928061361228,1.6244453128205196,-0.44157022645967864,0.5940033039478737,-0.1406221864721641,-0.7660810051916593,0.20125945705813367,2.1901586968250966,0.3376100907018311,0.2732032187347555,1.2431426936397838,-0.022976252644714246,0.724536650000913,-0.7267489546657185,-0.7562270038834696,-0.37949620650573346,1.0448973607205168,-0.21331631626442107,-0.30875496386515605,0.623215782386911,0.7742636917119793,0.757528255194665,2.150488146826602,2.2219901549919974,-0.5341183007937111,0.6171073371314016,0.9067387399233517,0.24876836752596337,-0.05185122340930424,-0.2465649422667174,0.7162599425930849,1.1077310432471323,0.7880200777053228,2.128771321671729,2.1231966423098405,-0.5791759263424499,0.7356895950846281,1.7487924670984538,-0.14426134580126312,-0.30986126761884386,1.0576090000956662,0.28985411287888113,0.25416665728613264
1339,-0.2339973139294568,1.5935866182133596,-0.43985179253274787,0.5929996477780721,-0.1284660919086256,-0.7680609739441633,0.204768701877875,2.216193455678558,0.3366317476327625,0.271292979643726,1.2958751537734314,-0.0059081129190859715,0.7125168408807494,-0.7311476330657896,-0.7557554733470064,-0.3804864160178035,1.0450700586664778,-0.22771928401395786,-0.3117782915752693,0.6244177398556437,0.7790798948527466,0.7408153738116185,2.1388176581512774,2.2176324801255802,-0.5127370933621819,0.6297291368465466,0.9201716821116025,0.23700670469058113,-0.03812115810025706,-0.2542525215967136,0.7080106345343269,1.1397357101257024,0.7895575215646187,2.10027787099527,2.139335794368559,-0.5750028562489696,0.7394177254532811,1.7590987605228134,-0.12971045483277927,-0.28594800605928905,1.0958239699089893,0.3012459970618945,0.26032669313014595
1342,-0.23038362152869282,1.566105751707084,-0.4390413632565928,0.591829132618939,-0.11490734034579118,-0.7692967108589452,0.21146430332275717,2.2020393480269074,0.3385381438162365,0.26563509694202925,1.3011355729508862,0.004007403891821531,0.6990220539528702,-0.7352164105858553,-0.7557085850018478,-0.3814023598164682,1.0452298042664918,-0.22371771897382567,-0.31457486970712417,0.6455704702184788,0.7723304228662758,0.729829911250645,2.1010457775816387,2.2166602930782884,-0.48763744995146724,0.6414043015830556,0.9404317794362234,0.2326812086147968,-0.031532648385382694,-0.2500207585732291,0.7262305781561089,1.1618522413527694,0.7841265574033083,2.045327879832478,2.1536976835561203,-0.560154434288128,0.7428662460442851,1.7460308776475149,-0.12613254222567624,-0.26563969984033037,1.101827945200537,0.3077481233964767,0.2671861934840402
1343,-0.2266697062266308,1.5490323051313097,-0.4411120836391752,0.5927841222821119,-0.0997689985472587,-0.7661770732212714,0.22721316812453857,2.119559799868049,0.33540048912668474,0.24573526092509942,1.2123084635678738,-0.008914118001163842,0.684780869528914,-0.7389800297919161,-0.7579352911267091,-0.38224960783023304,1.045377568946505,-0.194461869374489,-0.3171617044790898,0.6976657085014,0.7427111413288823,0.7503842473674351,2.0318914563444617,2.2170279262453443,-0.4488512770675299,0.6361285666176241,0.9655349786861186,0.2395309312529376,-0.042164986009935124,-0.203015426393099,0.7928581190585935,1.1427391216234484,0.7772217069934677,1.9469959535200452,2.1674621617338587,-0.5364742456853314,0.7460561275909638,1.7028374224160845,-0.1441777072504236,-0.259265767386371,1.03644763787323,0.29786979374541894,0.27237109560517064
1345,-0.22621201341050873,1.5311128963927023,-0.44000388226607384,0.5915018040745212,-0.0820783686294578,-0.761318015722601,0.252554224110219,2.0765812347424855,0.325919331872464,0.2386222291460744,1.1872910705826358,-0.005825899424139936,0.6690500464350012,-0.7424613775575224,-0.759994994292206,-0.38303331224296555,1.044289226773676,-0.17411827921566467,-0.3195545266431581,0.7398685954728919,0.7097264384108063,0.7924858304781599,1.968792616384227,2.2181638580869554,-0.41160506296118676,0.6259941352046972,1.0001329617923134,0.24960395121334314,-0.05853835631534457,-0.1600971256145799,0.8635158503655788,1.1340868377862432,0.7752503885400888,1.8353490532576426,2.1845218968645126,-0.5121549165586987,0.7490067680216417,1.683256920053721,-0.17332652674827737,-0.2559468881282758,0.9891421629298559,0.28452351416642047,0.2752608730741872
1346,-0.23283193212189476,1.5184177332042519,-0.43350092512266564,0.5837070115418965,-0.06606169163527144,-0.7554994055481847,0.29007348343386036,2.1407490597609664,0.3160224223454882,0.27045645340898916,1.322061003397364,0.03650919175344464,0.6564734335246486,-0.7456816242407083,-0.7619002197202907,-0.38375823882474314,1.041660437235565,-0.17014612051500713,-0.32176788714492127,0.7381207813555203,0.6957466685275393,0.8303407432922347,1.9316201720606145,2.216596909740001,-0.3853555781298868,0.625398944588564,1.0265986939860565,0.268922109031539,-0.08265824353995402,-0.15599305706340846,0.9178390214990269,1.1592410867172263,0.7677999107956922,1.7395519819079337,2.2016221834382312,-0.48250699842999895,0.750800742241886,1.7292887438813866,-0.20599815702271948,-0.2639838732712714,1.019969579295268,0.26393105858909344,0.27791292519020383
1351,-0.238980904883627,1.5307022951847244,-0.42883025611419995,0.5789195392170111,-0.04221507308942079,-0.7501055869213347,0.3168779941652915,2.199391875035834,0.3019041295423687,0.294419168221176,1.4420904517565476,0.07090082146084699,0.6440257015020953,-0.7486603524226553,-0.763662553241269,-0.3844287959128874,1.0333575995584547,-0.15511880502965902,-0.32381524560905217,0.7694538177059688,0.6785482467506322,0.8731612581169422,1.9245299701025436,2.210633125910261,-0.35946806067784537,0.6176583862466579,1.0234808969124345,0.2941439022403587,-0.11837055696166446,-0.13454058430968863,1.0031993761806712,1.1775531003113928,0.7359331980660183,1.621858706504892,2.2111184924814884,-0.44906485374903343,0.7360388749333904,1.765116252793732,-0.2144873866540373,-0.26512833238302175,1.0500259388787507,0.24577524091500347,0.28290870167164034
1352,-0.2407819520900796,1.5813921106499047,-0.42063335979563277,0.5814875082456913,-0.0014619046605709746,-0.7512932717011797,0.31213548418197784,2.198443228162742,0.30346722976611695,0.275913870965572,1.438334945031115,0.07811832738110751,0.6256760627963466,-0.7514156759909562,-0.7527980022131012,-0.3850490612194209,1.013749868236577,-0.1345296561788311,-0.3184701525806366,0.8419367906584032,0.6471703539377777,0.9056967908894845,1.9644232480486845,2.1998095670183733,-0.34543606678493094,0.6145370024984576,0.9971687472337436,0.3215262970796693,-0.15537425803064994,-0.07949136981910757,1.1087784243239067,1.1800329827219487,0.670339841468087,1.5002193035170248,2.2046490900791813,-0.42097461263667146,0.6726252079355471,1.7383408469548194,-0.1866921796462832,-0.24003914734806014,1.0372781240499878,0.2552888517528462,0.28944408173208797
1355,-0.24068490057867675,1.609350325184729,-0.4147328777163429,0.5847190190438158,0.028571150326559866,-0.7486868454227434,0.31105524529960266,2.212972804482825,0.2913448373157706,0.2556076725743889,1.4316190000302487,0.09028123237342697,0.6004513436994587,-0.7464128488532229,-0.7424086836286318,-0.377470487203166,0.9885533012288501,-0.10024134110415815,-0.3182105974286168,0.8964503939091426,0.6134234604812906,0.9454722624061744,1.9993911254997172,2.1889999173351264,-0.32109793779172907,0.603333700868475,0.957845874072846,0.3680147800864204,-0.2092769545947026,-0.039744588952350036,1.196698645888507,1.193583906323925,0.597109909598777,1.3877028557532483,2.207174844292161,-0.3473203379062167,0.5632734673403812,1.7431591860723727,-0.15000038572104904,-0.23712096233748287,1.0484150184271344,0.2795757298269577,0.2981336334500232
1356,-0.23900270316371058,1.573153393195996,-0.41668940667908827,0.5814547705414144,0.03249472642715939,-0.7448716938577277,0.3256080500518603,2.240316652225256,0.26442736685462814,0.2601266110699874,1.4136350289480444,0.10361228257800134,0.58934014497935,-0.7233264926690598,-0.7456328823564843,-0.3757146935859135,0.9842770824162114,-0.044073997631171064,-0.32052475262147057,0.896839591504815,0.5722194171090332,0.983541230375491,1.9796393548500388,2.1938393616041125,-0.28176709665219296,0.5704235360452251,0.9511547197619643,0.4071258021143764,-0.2526441977607529,-0.024778677339090956,1.252442942091185,1.2063475720473866,0.531211968650848,1.2836251415717546,2.228406648993399,-0.23361060329713568,0.4621231072898526,1.821236551980269,-0.13757738374360193,-0.27748704531434976,1.1115068182052819,0.31244201382874315,0.29947559092000725
1360,-0.23781105614524156,1.5499385263017142,-0.42118179189835375,0.5820888754687198,0.03921380929979373,-0.7391632027143638,0.33655991735321783,2.2358042902883137,0.23859426635640626,0.2592087077659103,1.3591315243695699,0.10622128726233337,0.5782695148924021,-0.711870523211434,-0.7486152661797479,-0.37099710939436326,0.9759767353246517,0.02361404558505644,-0.3226653461748602,0.8885971664388829,0.5457421434757136,1.019967616647261,1.9940633598876707,2.1979807893517185,-0.24124350282548146,0.5295033024543098,0.9459310119314761,0.45259087268947146,-0.30712177410734987,-0.011090751756253616,1.2989359837627512,1.235315504382426,0.4593569533432896,1.1873532559538729,2.2688638622714343,-0.10220425044398994,0.36855902424311365,1.8748142375546195,-0.10681321685829247,-0.3073567801354981,1.168597432715942,0.34557853359902657,0.3014822754697439
1361,-0.24079220573091117,1.5544270751123912,-0.4250805273763042,0.5873335395388111,0.05119496441869696,-0.725722299785943,0.35460616540661266,2.215781215619816,0.22017571762793559,0.2517141642775401,1.3330166656929454,0.1038094260727985,0.5606545867679518,-0.7173850839705764,-0.7508594963247959,-0.372624751189786,0.948102889051088,0.07032481152058098,-0.3113068082388776,0.862946231923099,0.5799488178884503,1.0520301532065557,2.040857982921095,2.18192337348164,-0.249292408817966,0.5375966223915722,0.9390020827878613,0.5077413570564272,-0.3767246571644415,-0.019586130776037682,1.3126862748022523,1.2981620287528817,0.43538357096897823,1.0983017617573325,2.311465660699225,-0.005223691265858487,0.2820122474248802,1.8785773399538572,-0.06905083232881548,-0.2969872013340067,1.1874344793835123,0.3557303351855101,0.30815627074534224
1365,-0.24140834274478012,1.541401825190423,-0.4302884137416548,0.5900358771858927,0.05984042343196238,-0.7152649029923455,0.3696929887140251,2.213235047441746,0.20138748981745996,0.2501028042603899,1.3320540503105216,0.10194900978834621,0.5438711340213979,-0.7224860526727833,-0.7534498841004361,-0.374130319850552,0.9203381113805434,0.0954805450985139,-0.3065627592838541,0.8490557444352398,0.6222577138183697,1.075037757763626,2.084143009227013,2.1668621507677965,-0.257407688796776,0.5471901563681288,0.9392133643034838,0.5574041993026743,-0.4356548959525608,-0.03698388914487308,1.321449757791886,1.3430282795224104,0.4371161177654054,1.0159291296255326,2.34603950046355,0.05412399883314056,0.22098944643246124,1.8904685287746545,-0.04645372877424147,-0.29025979277109654,1.191526507792534,0.3498318186542329,0.3163876195403194
1366,-0.24036894179046578,1.539893031949208,-0.43206824513125097,0.5919028907050015,0.0699447488575968,-0.7170575670316082,0.36136843476571334,2.2354416247455706,0.19826512778525776,0.24331978586754394,1.3649356214777437,0.1029217877065535,0.5323983302924535,-0.7272044487223245,-0.7558459927929033,-0.3710202626797253,0.9003253654665405,0.09672464386636155,-0.309750502337565,0.8678054544954902,0.5964035946281288,1.0796104705618867,2.1241816585599866,2.1674890239424167,-0.21898865655972757,0.5159434955824093,0.9300714990548227,0.5941220408142966,-0.4635695459683456,-0.03289657458731862,1.365407952582871,1.3234768361482638,0.42379299687831345,0.9397344449036177,2.379831982566295,0.09676163711614676,0.16335476955482317,1.8984256327582434,-0.03440888039674484,-0.28976992314480315,1.1882496276762349,0.3372262384198754,0.3273093018154303
1368,-0.24137227423490576,1.5504475436915175,-0.4325093091600469,0.59372514026669,0.07781790080507217,-0.7173372587158836,0.35617704781129955,2.2567342144543807,0.20676766795473428,0.2330290423339307,1.4191308376893506,0.1055099046566568,0.5236264547631224,-0.7315689650681501,-0.7580623933334357,-0.36814665364365917,0.8820956543967804,0.07536577199759241,-0.3126991646622477,0.8862152128834432,0.5874038649483551,1.0725245799004373,2.161217409192987,2.1678610285153264,-0.1770079949720227,0.4886980746804351,0.9146297363503866,0.6161357125145256,-0.4685629048224621,-0.031766643565278405,1.4072269528379466,1.2872090108271879,0.43221965063424256,0.8692543615358462,2.4028143581560206,0.09628347887795277,0.15673189663546072,1.8942164066285487,-0.03349037086712453,-0.2822254742153414,1.1786885578740587,0.3185233252823416,0.33808498627234407
1369,-0.24235149483150706,1.5483746943453043,-0.4332726574552362,0.5929351157102934,0.08196978944696764,-0.7161385296398024,0.3589631019213289,2.271932520191837,0.21317324971022197,0.22909875618889006,1.4462506464916753,0.11772024633121171,0.5153786712699241,-0.7356061426880389,-0.760112563833428,-0.36975926377889373,0.876845404735273,0.043776808601646726,-0.3154266773125792,0.880450711327389,0.6124474970373738,1.0631108502869084,2.1853330347594637,2.169137407305969,-0.12985770443522338,0.45921962381771236,0.9096173380960196,0.6271038857281931,-0.4645969545201088,-0.03668321445203857,1.4506319018051195,1.249985183420044,0.4640186068095741,0.8276207223002259,2.424546839886126,0.09075478937865446,0.18136843892198312,1.9166251823518436,-0.04880731837566872,-0.2863090604182812,1.1857025965036456,0.3154084198946681,0.34240143649863874
1374,-0.2413339986688707,1.6100919656099961,-0.4287480241129285,0.5946324857205457,0.08087573561699812,-0.7162202872694774,0.35623001335912385,2.278775647788858,0.2205471021599054,0.22953509329321142,1.4619526957658087,0.13135111334702113,0.5138515835765158,-0.7393405319864361,-0.762008971545921,-0.3589077318187185,0.8670782243540467,0.02943114749021729,-0.31794962651413566,0.8988416972953172,0.6121844916551101,1.0511777184937792,2.177575601655162,2.1666306415385326,-0.10070509156397098,0.44470120841681277,0.8956891380749425,0.6144485064361996,-0.45849667966875957,-0.02897596061603408,1.479255939888795,1.21186943292254,0.48759258399968997,0.795510529672803,2.4384127409474194,0.0879738769821473,0.19140909892676475,1.9231918937321753,-0.05792484726922543,-0.2915073819260245,1.1994139686700258,0.33173606651495835,0.34175178305134757
1375,-0.2381686126085321,1.780977713336305,-0.41672986098394016,0.596813449081047,0.07611052880216182,-0.7152354300047375,0.35561098698912263,2.2809478967049377,0.23247800701721827,0.24274101344799512,1.4614682278434816,0.13631691132145163,0.515770873585962,-0.7427948420874535,-0.7568170227894565,-0.35088231985612495,0.8332229495449962,0.03316851398025129,-0.31021140560146615,0.9307245854997291,0.6223946903052351,1.0321077514922756,2.1841196015295785,2.1607220113840375,-0.09702421671821632,0.44256577444389705,0.8741959406735055,0.5949097467804905,-0.4585775191004377,-0.02662746103588124,1.4732968029143763,1.2020208609968464,0.5060030181332332,0.7727140426859388,2.4427422365113505,0.08693819794360066,0.19234457065707875,1.900142882679317,-0.05666698830665759,-0.291795313037644,1.2104689583449337,0.3515007128168332,0.34042028874258773
1377,-0.23816661139741854,1.8350929144110477,-0.4172566507940244,0.5971024951580284,0.06742521191105225,-0.7162571208774483,0.35482134640851964,2.285367697848361,0.23551231370797648,0.25123510485653733,1.4500323125133345,0.13738037824890678,0.5213770742529446,-0.7459900789308946,-0.732164464106613,-0.3246665444983301,0.8007327282524573,0.052822937864142716,-0.30760301617444297,0.9637101990629214,0.6573189555424609,1.0097415467325794,2.2041998546821557,2.1480529451979584,-0.0740090953176457,0.4396533761910157,0.826214097935716,0.5431868259984852,-0.4659790264657492,-0.012070642097467787,1.484372235785896,1.1698191707704957,0.5440957029268478,0.734180807823799,2.452291974142325,0.07096882674726343,0.1927446083938315,1.8990621986999519,-0.049889042726913344,-0.29120480343700283,1.2237157967039531,0.3840429718555708,0.33740580080903065
1378,-0.2414477431748846,1.630116832092524,-0.434335982995852,0.5931470845697998,0.06908788729462441,-0.7187555604624234,0.35608123258585206,2.284456074339672,0.22497196877693454,0.23552554531151154,1.4442547090629207,0.12701490865665072,0.5203986063799712,-0.7283212074327864,-0.7206307440246387,-0.3228960662696981,0.8192177736335231,0.05569719716348243,-0.3107127399613598,0.9458296626096193,0.6481768315689347,1.0223747166376447,2.2127661365717732,2.151092695877078,-0.061475935449413266,0.4388732570021744,0.8326063854710132,0.5442031087156631,-0.46484516544711285,-0.01273254809419055,1.507914549863341,1.1581463621774584,0.5369350077986829,0.7343333276879616,2.4541938063411592,0.06416276413735363,0.19141115492680333,1.912850359526008,-0.04136652453363314,-0.28389942962709597,1.2138958692393436,0.3725368632724455,0.3391235068029656
1381,-0.24204708149630003,1.5054072091356425,-0.44212059781379687,0.5900801605011381,0.07805706656329342,-0.7184383838045377,0.35994275547482324,2.2823937335292093,0.22329722823296194,0.21965621235326804,1.4452640841759743,0.1086074007331917,0.5174115769533292,-0.7267923184309562,-0.7208589020586921,-0.3272902319436981,0.8363164406110088,0.04644492252932289,-0.31358923446425774,0.9157732270408013,0.639398373518079,1.03442469228914,2.2342728316773366,2.155615626847174,-0.04133433434164123,0.433595874301257,0.8539416257039737,0.5562207948047576,-0.4610590665358959,-0.0303947128992915,1.5428683628687685,1.151525587139506,0.5237017163040965,0.728382920077796,2.4599121560714754,0.053761997964909644,0.1902432559859176,1.9112343193012935,-0.03455126948382378,-0.27181814238738905,1.199895249998503,0.34443096574183135,0.3443802710303556
1382,-0.24200232597469837,1.581753067977774,-0.4313609796653433,0.5882308874576117,0.08469530235399772,-0.716688128683418,0.36492362900236497,2.2930407219698283,0.2397487163056695,0.22983591354534882,1.4815908188513078,0.11737461307208268,0.5143516244556321,-0.7311877445486344,-0.7256993344042901,-0.32807257668518863,0.8341465394406284,0.024973794488458566,-0.3162499918794384,0.9082860031236505,0.6549554400288421,1.0177732581482597,2.2590086296688705,2.1482070034628222,-0.03037369885813178,0.43071142616459723,0.8544834960685378,0.5615653739905582,-0.46089867131801876,-0.04620429827333752,1.57469592429051,1.1440351791242844,0.535230483121407,0.7172210689951591,2.4708037567602883,0.04712492377331303,0.19344088290364495,1.8985144001745444,-0.04304671069810266,-0.26983466358307495,1.1941321460465537,0.34158839967625704,0.3480414487274549
1386,-0.2436305049195534,1.6344036334350733,-0.42413440212247583,0.5863877154237279,0.0879050579211388,-0.7166666077703819,0.36716634009521576,2.3165447541760713,0.24990505996652768,0.2432403398065494,1.53863570347395,0.14807652644006736,0.5117797484529601,-0.7352535137074867,-0.7301767343239685,-0.32006154618803245,0.8349810626036281,-0.0005054097940734009,-0.31871119248848057,0.909799858076907,0.6705439503812072,0.9940951434244042,2.2718429012807437,2.1360092988465476,-0.01842459553903226,0.4285584862605627,0.8415716241929532,0.5567406173730924,-0.4592688485020858,-0.052421731425207896,1.6057831118292913,1.121552690142306,0.563105049700638,0.7013685326331129,2.485401046522169,0.04310031644776742,0.19932890422373295,1.9060463756276405,-0.053410451701758926,-0.26921943784392427,1.210978003065052,0.355990736878346,0.3495584355170546
1387,-0.24342297965680396,1.746365839116007,-0.4122903138779386,0.5848772188615696,0.08335272512068494,-0.7183567386851223,0.367334395418379,2.3410396925286707,0.25064555669152105,0.25657622888548165,1.574227911432568,0.18033266085374855,0.5142113216561434,-0.7390143501794251,-0.732175309911604,-0.31300532758382926,0.82626411738356,-0.013553073928451117,-0.3207681818483243,0.9343783949436812,0.6812487350502937,0.9833702780632797,2.2550759352701095,2.1313119594024306,-0.006393972164968744,0.42365569964854816,0.825131977066283,0.538398509535417,-0.4583188291066043,-0.059048239247661415,1.608610580300052,1.102649840581831,0.5878427817416936,0.6867713053031599,2.492869007810035,0.04102947412469229,0.20304730397901963,1.9269785424614152,-0.06237952667365074,-0.27541240602890943,1.2565843581818799,0.3826997747997342,0.34759194759145023
1391,-0.24393758550565373,1.819017775190342,-0.409498316402389,0.5847544954298014,0.0773684761106207,-0.720258640555817,0.36510791512050933,2.364745736138292,0.24643497980905055,0.2716093440537857,1.6124371557892743,0.21571760033084736,0.5201147228979489,-0.7424931239159681,-0.7234810540695105,-0.30695377672512,0.8097640885391532,-0.01773858210764525,-0.3199469306931842,0.96360275447937,0.6985937987560916,0.972304364465449,2.243653184337295,2.1224561701575246,0.008578996191028272,0.4198942333266564,0.7999923630347261,0.5051923666015333,-0.45825923271764585,-0.05278486946331296,1.6161968021955877,1.0784391683032661,0.6218295061643427,0.6646911027071276,2.5020025251336726,0.03670002926366933,0.20588690225965756,1.9560717045904283,-0.06572784966632485,-0.28268111061325485,1.3089961979453297,0.41204456905422293,0.3441479458893317
1392,-0.24721907192836481,1.6247883634480176,-0.4315791479683613,0.5835271614924215,0.07884622153002432,-0.7212392085925091,0.3648195843699824,2.3568587851082454,0.23514755196700088,0.2597638984603721,1.6074611147893658,0.2031730360069383,0.5197345208759951,-0.7329189512156448,-0.7144551677750611,-0.309823748219677,0.8262569865120977,-0.009070165252267613,-0.32213086089119536,0.9467820358971294,0.6992990792726911,0.9796837563019363,2.2619442971063513,2.1217399692370273,0.015697681862966995,0.4198287168134444,0.807957596834265,0.5062772987855942,-0.45579519358885806,-0.046183956382596245,1.6403160315365684,1.0708895536419996,0.6197251527108321,0.6622366203035318,2.5048925135360083,0.03297592861292488,0.2049283208321051,1.9623739967274172,-0.058267581784736226,-0.27917785570123943,1.2905359191853378,0.39637571523833726,0.34575369761303354
1395,-0.24698718432305936,1.4922794017349255,-0.444604616131285,0.5824876387466318,0.08112142835600629,-0.7216667003828845,0.3651364650748191,2.3385895422269627,0.2295536561807207,0.24819219550711544,1.5706604794687282,0.16921004559582392,0.5187287926156634,-0.7318069674064394,-0.712908115231156,-0.31603939210320126,0.8428277125236905,-0.006362611683356974,-0.32415099632435573,0.9162614639738175,0.698819195756513,0.9896752386720393,2.2813435982413557,2.124077467171295,0.03029628450906098,0.4094073826071376,0.8326528560036467,0.5168022982336388,-0.4485018314522252,-0.055976207248768034,1.670965089144019,1.062277217821786,0.6174582773160341,0.654723330562446,2.5110415797584804,0.029101629699993123,0.20600351109760032,1.954550664994895,-0.0533131905102037,-0.27648963856048353,1.2611768341977858,0.3636220146623793,0.3497935933358011
1396,-0.245003065339169,1.5757010199748291,-0.43403195975031983,0.5814827228631707,0.07920732820888494,-0.7233366080914668,0.3638518841017245,2.326486950719746,0.24518048322348165,0.2590076594400141,1.5076535031111,0.14456714786090302,0.519987304801796,-0.7358262948509564,-0.7183448565888194,-0.3205627194117179,0.844244299584082,-0.022678387095402094,-0.3260196216000291,0.9146039648239491,0.6974779114488768,0.981841553800056,2.270408192752013,2.1223569946549348,0.046466434123356826,0.3859525210540587,0.8451204203020725,0.513341232452427,-0.4345288317573937,-0.07235745508016625,1.6956899210321081,1.040345868429389,0.6444327029166133,0.6316402479610681,2.523731661457254,0.029421357734069443,0.21375042794243596,1.951733228916674,-0.05430405457507761,-0.27888605443700537,1.2580976489782068,0.35740456025984896,0.3536263734509975
1399,-0.2452534811603407,1.5754165463537682,-0.4323410312107226,0.5812018073631267,0.07973451348140134,-0.7245991464664614,0.3616668956620097,2.299801348089921,0.25311984265881277,0.2600376485514926,1.4250813766085548,0.10586177202803881,0.5193610029460272,-0.7395441727371348,-0.7233738423446581,-0.325972940455839,0.8508929046286963,-0.04640844692245605,-0.32774809998002696,0.8995612668003383,0.703619063386838,0.9613205888026661,2.2775314349785742,2.111335191955356,0.0680981457890758,0.3571288771572205,0.8685528888967919,0.5054022462439726,-0.4046387565223021,-0.09239171646633867,1.75710325604251,1.0027371693663434,0.7024662515963173,0.5843507173960463,2.5496193078474714,0.026308957732004173,0.22924445560294165,1.9439144981119603,-0.0547234031677728,-0.28296590808149696,1.2295272914236435,0.3421399908673249,0.3625823653678504
1400,-0.243735210251541,1.5311991296586354,-0.43727134246441973,0.5818919034217286,0.07725972876398352,-0.724163517596372,0.361966775859335,2.2687265029931267,0.24357244190231808,0.25350787429523236,1.383996371676291,0.07595300958845481,0.5176207438569209,-0.7429832097818498,-0.7280256541688086,-0.330977394921651,0.8564523976501123,-0.05421727661092956,-0.3293469424815249,0.8717906133917722,0.7191751352048268,0.9406592440342115,2.3019344664217622,2.1003406440729506,0.08055031769362002,0.3502293595758562,0.8994132090965749,0.5065495965608146,-0.3879297794852664,-0.11123097011457225,1.800684030755721,0.9852943157530579,0.7336398568566549,0.5450514102807099,2.5653963104580897,0.017074446344347488,0.23915853976868448,1.9166041081768141,-0.0643710552065781,-0.29581215377766834,1.1850693761481685,0.32192479563256754,0.366685878028762
1404,-0.24254635797255236,1.616034464115718,-0.4298983578536943,0.5844286603447648,0.07128107328013124,-0.7231881626605386,0.36105544026829234,2.260696811108241,0.24405548714499928,0.2568854499639023,1.3818861483855513,0.08062260613310997,0.5180757738780808,-0.7461643190482111,-0.7323285801061479,-0.3324272557689124,0.8434281155640639,-0.060535600407250756,-0.3308258717954105,0.8789215157952711,0.7418246261656636,0.9140005524055946,2.3146136420274015,2.087771647718429,0.08306277120021972,0.3536693803230613,0.8951986307857434,0.4971446792846721,-0.38120676382840146,-0.12267230724323222,1.8209543062994793,0.9774109641650054,0.760812611954976,0.514215528020477,2.5741577830772404,0.010367150723746386,0.24341199668762156,1.9035799097278174,-0.0699174950634643,-0.30439873019124397,1.1808901503627327,0.3343766556165529,0.36573179338527884
1405,-0.24267004577517287,1.7711277670366448,-0.41299334132451204,0.5857625080423747,0.06736748117284436,-0.7225515879189932,0.36091981027379855,2.273286348241584,0.255625322348229,0.26968410839610557,1.4103986631110572,0.10550218112247764,0.5201858011165427,-0.7491068451195951,-0.7314202851462872,-0.3305758669347161,0.8249814314143157,-0.0660158995382011,-0.3249066001760805,0.9043622295932333,0.7628602504794433,0.8875743556187388,2.3230271539610934,2.078024480736817,0.07931750869208963,0.3569557800652894,0.8708285676991006,0.4867575099276508,-0.37737208616490014,-0.11855714118212245,1.824387377866266,0.980202351809809,0.7792206040474571,0.49233534563957543,2.5783532729487844,0.007792452339881153,0.2430209901280961,1.9052955454096296,-0.06478292937545405,-0.30776218239942627,1.2038258316270203,0.35711324706199904,0.3638788818669211
1409,-0.24186197278335367,1.8634399561093342,-0.40877344262296855,0.5870562020830713,0.0590003731515993,-0.7245230473492399,0.3563008916962506,2.297676298201348,0.25663595910105436,0.2819349006641531,1.4485093761112053,0.1419371268002881,0.5246985038257216,-0.7518286817356256,-0.7167724358938632,-0.3228857195392436,0.8017957321903029,-0.0605435825801738,-0.3196881987188266,0.9309366311752092,0.7985201802706879,0.8496771650197245,2.3384606931704,2.061036099986495,0.07633893611038316,0.3637474063498443,0.8219768688852908,0.4628503837320093,-0.37276675445732865,-0.10148681685325504,1.8339868901249299,0.9740743854852696,0.8092442019184861,0.4670612617547303,2.5825014439480447,-0.0007534428136761967,0.24104448459345837,1.9261254071768115,-0.05574801336349798,-0.31663088390566313,1.2426011815190352,0.38669615435856125,0.360408105916789
1410,-0.23902201497912684,1.842789414094977,-0.4181557239583204,0.5899205400773795,0.044068109331947776,-0.7270751401611055,0.348444398282465,2.2843107148858577,0.2514679570383494,0.28410905985784857,1.4059869689777613,0.14116382600930422,0.5329297861045877,-0.7543463806054537,-0.7006860568389,-0.3016625750196445,0.7855575534115575,-0.04661867873573613,-0.32189153381491464,0.9143226177005018,0.8401482002139277,0.8074037530290424,2.356077888753936,2.0364405399271663,0.08849054754112035,0.3646037647032981,0.7923324055131928,0.4252338283879223,-0.36286946246013324,-0.09970037140565409,1.872555182952382,0.9460315748816662,0.8581846023791775,0.4469851820683657,2.584032751156891,-0.020364711697629538,0.24195853204679185,1.94288103237833,-0.05015512885366442,-0.32961677626121594,1.265671052016068,0.41444782334581853,0.35767619104045034
1414,-0.23484467209592313,1.7776869985896255,-0.4246385726636768,0.5901864548420559,0.03395321247911961,-0.7300038716151496,0.3429598741984341,2.26438014951686,0.248743790216608,0.2830750472872631,1.356473006378101,0.11779394143107876,0.5363279801677592,-0.7566752520600445,-0.7013238968945726,-0.2938648052307529,0.800089522631328,-0.051922769620895766,-0.323929618778796,0.8885030201597157,0.8420927480238483,0.7948209988624064,2.348819201321235,2.0271802091511937,0.10238985328397128,0.3536797680569851,0.8023687969339451,0.4032068629922307,-0.3479652616634984,-0.11840279355023002,1.882102891415097,0.9264707865435275,0.8809738655802045,0.4749473713268387,2.5763340661752,-0.0414668614287962,0.2628282150405156,1.945259835537669,-0.04553607370561769,-0.3302604943937211,1.2622274431464469,0.40959842020659426,0.3593462424708094
1415,-0.2292179579841269,1.650272214875659,-0.4352212842617842,0.5887303943488889,0.02543173917720003,-0.733637695930018,0.33841613513944485,2.2590529284230354,0.23684858757056979,0.2713259682131384,1.351787393292892,0.09256503027568275,0.5343214122819697,-0.7530224340480691,-0.6914018728808415,-0.29460994611963554,0.8186228084339785,-0.073283830463129,-0.32581484737038635,0.8746587081645287,0.8082858445401366,0.8018104549584751,2.31638095062147,2.027410913130966,0.11317912823251108,0.3400685658943812,0.8199372807962109,0.38811524278852183,-0.3345233012421009,-0.13570253403396274,1.8284303669067656,0.9079090184396089,0.8899563096814582,0.5442928860535325,2.5619908696039486,-0.06957803482723196,0.2957546226712586,1.942329835163172,-0.03512210061039722,-0.3116931889055719,1.2503599316733003,0.3852033670876643,0.3625483868634251
1419,-0.2188368443633749,1.5388159602209097,-0.44273028212552157,0.5889510107393505,0.012333248019476838,-0.7384602775295187,0.32811738212629576,2.254253539123014,0.22060422536368735,0.2594841528091631,1.3487574654137522,0.06118129765551214,0.5310506869951989,-0.7514455471062084,-0.6837215659206195,-0.2952394409583372,0.83576609780143,-0.11559105214538856,-0.32755868381760733,0.8567711591198568,0.770384945347947,0.8057546244956492,2.2741765590776675,2.0281974759637853,0.12064136241590095,0.3261715480477062,0.851244352067931,0.37453491271048883,-0.314936530848927,-0.15170479398141556,1.7346640038692998,0.8920825661393345,0.8975182673268154,0.6665364824949294,2.5388171722390536,-0.11964746904613074,0.3324778759709142,1.9424444903539984,-0.0343440585233856,-0.2965925428864603,1.2477044746083574,0.35632616493749847,0.3659207542019608
1420,-0.20440975610344095,1.5706535381136861,-0.4311608299296531,0.5885770334963265,-0.01315137891400038,-0.7485653869512418,0.305047501763024,2.2652550620690826,0.21774564442728872,0.267221407143199,1.3787221210487308,0.052319601770299935,0.5302388564977567,-0.7539919810732428,-0.6913472984765731,-0.30036132689047573,0.8516236404663227,-0.18546172323448445,-0.32917173253128673,0.8370142087114345,0.7710330346813311,0.7747984050573422,2.2434879053729557,2.018993426122217,0.11486359961018408,0.32705531302612495,0.8985290355571337,0.35578320785281187,-0.2722944325399419,-0.16650688443280937,1.6067938073558057,0.8635052632952378,0.9103075079040143,0.8128956213328097,2.4889565271454366,-0.22848390886767095,0.36644688527309566,1.9629025705341518,-0.06125500559184619,-0.300683203637789,1.2953207089696086,0.34726733710324476,0.3667108531738253
1423,-0.1906998128328528,1.5864351383058775,-0.42887411037270595,0.5893553327463493,-0.0384178862088662,-0.7549255908871932,0.28508193560151157,2.2492708260203034,0.22121924373149054,0.2647717673158933,1.3973087898934393,0.05339528669695974,0.5288062246598222,-0.7563474324927497,-0.6942398782000804,-0.30728665237369,0.8662918674313483,-0.25009209399189813,-0.3306638025914403,0.828921240373727,0.7964802825861839,0.7267198928517838,2.230117213692276,2.003356131932049,0.09762600840641174,0.34095744616952484,0.9207219992493169,0.321741173500416,-0.22360351303373877,-0.18019881810034863,1.4825215067019926,0.8262693726917654,0.9263171612228787,0.948277824757849,2.4451721558698143,-0.32915761570259566,0.3978682188776135,1.952277524555388,-0.07469692822128515,-0.29401761476702054,1.315924971985678,0.33731155679145397,0.36741399799036784
1424,-0.1778571768743718,1.5360582013256774,-0.4471742616701003,0.5917320672917572,-0.05260952033588984,-0.7517288788651137,0.28633737371997037,2.151464409937599,0.2314950074741445,0.24640033911636772,1.3256414827357754,0.02988086379823797,0.5239176445760496,-0.7585262250557936,-0.6779782252280643,-0.3136925784456633,0.8798599773739973,-0.2956425181851765,-0.3320439673970823,0.8136210761218032,0.8215896697052644,0.6753123713444938,2.2310994687787726,1.9849741005620112,0.07198038509582312,0.35380511136072146,0.9151371601208308,0.27283537663527274,-0.17556678551717467,-0.19286385674282247,1.3647230863742321,0.8044670036790362,0.9325924076879955,1.0735063629260104,2.4184649148301185,-0.4222807945249009,0.42693295246179247,1.862095415724781,-0.05974922037977754,-0.2735665121152015,1.2402432585225522,0.30182986390547173,0.372177348901864
1426,-0.16564057253492318,1.527137810376005,-0.450486513890493,0.5949504201464707,-0.073620319179038,-0.7485705183460405,0.2832952968805779,2.068552733316705,0.24067160584305206,0.23366299478364513,1.2658092109161765,0.027108967368458824,0.5191427922850305,-0.7605416081766092,-0.6763821552992308,-0.3196180600622386,0.8924104790709476,-0.3484430096665999,-0.33332061984230116,0.7652980626269059,0.8568997482456339,0.6169224818263225,2.2379169952184417,1.9615976258212866,0.04251541221435917,0.379405309444335,0.918484088540267,0.22241003694976794,-0.12159851737793127,-0.20457901748711074,1.2294532479965894,0.7666834713012952,0.9353683949615857,1.1893427607315599,2.395165357080055,-0.5084197349355333,0.45381783102715806,1.798483060410574,-0.05301695196117408,-0.2794590700490487,1.1808060367183775,0.2845880977288136,0.37542639934330807
1427,-0.15389540732150037,1.5104505357113975,-0.43815729115723706,0.5958109454756224,-0.10256373159539585,-0.7517460064216305,0.26337794144879,2.1053967387269745,0.2358696840464589,0.23931938788005902,1.3170082011827438,0.06357269551101707,0.5191114850384961,-0.7624058375633636,-0.6831452067834708,-0.3250991305575707,0.9040196931406266,-0.4008497839416049,-0.3345015233541286,0.7008343671059333,0.8785946985966059,0.5817930851449015,2.233646429832581,1.945009296581431,0.029725505043843574,0.408616833661396,0.956378149559757,0.19293944357095544,-0.08213864616997088,-0.21541554117557743,1.0865328281981292,0.7012118012775991,0.9551063393485528,1.2964914287016926,2.3877429976491245,-0.5880982548153683,0.47868634370012125,1.8683626388350818,-0.06390063533299499,-0.3094056432239935,1.230659596793719,0.30666961767865897,0.3730519254886252
1431,-0.14396782587972354,1.4824381063283463,-0.4359270217648285,0.596789333556588,-0.11975394662458835,-0.7542692205339365,0.24612888204362862,2.145122595153538,0.23427081417533124,0.2440909560952888,1.3604969393476825,0.09182279931005967,0.5208112162551082,-0.7641302497461113,-0.6800300082227021,-0.33016912076575294,0.9147582161550795,-0.4493260501459846,-0.3355938591025689,0.6393230518684543,0.9026924722742775,0.5409135198188818,2.2427397204458255,1.9273155221511804,0.018594707605856506,0.43687542113679134,0.9951735934367587,0.15585242866223964,-0.03963763090978966,-0.22543932558740912,0.9695858021294663,0.637861061338655,0.9773366915175724,1.3956039465740657,2.3896996858614696,-0.6618008857042156,0.5016897179226122,1.9335104923575641,-0.05800761589862086,-0.32912973506460874,1.2784871506339286,0.31942625980989625,0.37164503855638986
1432,-0.13524006900613514,1.501027760530781,-0.43482135081431283,0.5963170648078423,-0.11790152994616182,-0.7607291182469956,0.22758821609754443,2.14347196644797,0.2450236349706445,0.2398644118721004,1.3291834701913599,0.08992322417879263,0.5233019610516542,-0.7657253310151529,-0.6640521920053194,-0.3348588617083215,0.9246913499434484,-0.4896555289535894,-0.33660426966987617,0.5825598226082942,0.9360496513302728,0.4836647613309169,2.2708836164373887,1.9044695842387038,0.004394753127518277,0.463014614551532,1.0270854480156273,0.10677899558413811,0.015098478387993601,-0.22675108567301963,0.9134667827595214,0.5952373889349266,1.0031188594841973,1.487283025606011,2.395988639246487,-0.7299758192763993,0.5229678390784162,1.9371407407555459,-0.029018379682144706,-0.3285935429621936,1.2681973216571925,0.3036909260224623,0.3751002397613114
1435,-0.1258669974227367,1.5200661086816023,-0.42837925256377835,0.5977563596030145,-0.11507380030141559,-0.7654001324079341,0.20882526750433855,2.166877260504018,0.2440293883205158,0.23375821113096398,1.316315027533754,0.08633682656535625,0.5276301693883713,-0.7601390558134038,-0.6539298068805086,-0.3391968720801974,0.9338794986976896,-0.5180070778358027,-0.3375388994446355,0.5293201498570237,0.9551761426539928,0.4340190169754212,2.296916720229584,1.882108404045878,-0.005381379125638373,0.4871933684601671,1.0501111520771982,0.06167828502968448,0.062253963270880425,-0.20154584492579072,0.8774560826046337,0.5541030956246941,1.0290172255524914,1.57208617371056,2.406811202446782,-0.7930376328306694,0.5426501011475349,1.9608788419301797,-0.005886129753739222,-0.3346924119677046,1.268933061551098,0.2890536056362816,0.3790901201333436
1436,-0.1177323863230835,1.5268646209921652,-0.4281886958544457,0.6016095035833661,-0.11378988586210968,-0.7663188329895285,0.1946106710312442,2.2105768266893513,0.23498263926301385,0.22743941965189882,1.3509816184202479,0.09833099144046546,0.534257444882416,-0.7620334766273984,-0.64924050190713,-0.34320953167418256,0.9423785362953628,-0.5103498951937385,-0.3384034319862878,0.4941940660853902,0.9480739746754634,0.39603718851987985,2.3209973412373657,1.8542106653536634,-0.01997990076071149,0.5095587158256545,1.0380433627347099,0.023445076729646,0.08828457758933048,-0.19196141995972268,0.8706360674980148,0.5461313195543588,1.032692435662097,1.650529085707268,2.4206750010320173,-0.8513698103683693,0.5608561935614699,1.9967614274799523,0.002750091390110994,-0.34257308181937945,1.2979939090474473,0.2968300906208906,0.3803243622329881
1440,-0.11037773871201348,1.539613989810676,-0.43123814037480246,0.6037157797788284,-0.11108214521916672,-0.7680007439414366,0.18265506170087137,2.226607747533093,0.22989485010846847,0.2140181277902347,1.362387186826175,0.10243611292117508,0.5408655491516874,-0.7637858158803436,-0.6470630884851774,-0.34692124179861894,0.9502401460732107,-0.4854250260248373,-0.3392031245873163,0.48402348437970355,0.9320863273130728,0.3771911948018679,2.3432719156695634,1.8265806306653896,-0.031203405333307697,0.5302466621387303,1.0010277689215192,0.00037184085788233463,0.09728162798290334,-0.1946029502304506,0.8914334605620414,0.5708567178271714,1.020992737958519,1.7230887793042229,2.431199753489477,-0.9053270745907417,0.5776968290443596,2.0055483326559416,0.011067476485286913,-0.34174981829693757,1.2940911566768598,0.29682713550536416,0.3824408981670112
1441,-0.10317894223423298,1.5326530119780448,-0.43416148694964374,0.6047754049936401,-0.1150536118876722,-0.7677066630787587,0.17786471086434408,2.2163068352583046,0.21881310086681807,0.19673020975261435,1.3549042161358682,0.09652050538082106,0.5439360140581312,-0.752366545303322,-0.6535770103627747,-0.3503545736637226,0.9575121351177198,-0.4819116974080428,-0.3399428402432675,0.47772700120858724,0.9214100666190793,0.3678134194334688,2.3638758970193456,1.8097943904239362,-0.02137646312495764,0.5493830124783255,0.9720592646940921,-0.014258399408478941,0.1083039490202042,-0.2046944909770069,0.8889859029079612,0.6008659424806,1.0231012608037027,1.7902064958814061,2.4446102795259264,-0.955237543996436,0.5932744168660327,2.012913050343065,0.01714433338238728,-0.34664821375635835,1.2665667991535428,0.27538722913397384,0.3864021026549908
1446,-0.09835096212447204,1.5209405416248296,-0.43663287948650675,0.6063172077552564,-0.11758100799822858,-0.7667948002230183,0.1748710510316994,2.1952307586778956,0.20315078165749742,0.18085522234229126,1.3352763918937534,0.09267371229955661,0.5429702431411949,-0.7456462038481537,-0.6618615738443042,-0.35353040563894345,0.964238724983891,-0.4680163366156588,-0.3406270772250224,0.4762091079662949,0.9077664120287238,0.36536050800537273,2.3827533024986076,1.7989121315030128,-0.0012393234520990427,0.567084136542451,0.9472458747072527,-0.016965480101323666,0.10904580163494514,-0.21552235415373142,0.8790748075543535,0.6414283718922594,1.011868928669344,1.8522903837153006,2.4561222058510244,-1.0014047281967033,0.6076836856010802,2.014847174034534,0.0182516543511874,-0.3532493336167056,1.2577696409687036,0.26563173818604513,0.389604673492625
1447,-0.0971653220420729,1.5238320980851836,-0.43357880852057407,0.6056849286583843,-0.11353956896849121,-0.7697407568892677,0.16659441964866128,2.157360083988812,0.19291133961398305,0.17018879470141365,1.2698380229787023,0.08026085931284048,0.538683656403127,-0.7445613358125824,-0.6657689658211394,-0.3564680502160227,0.970460820610099,-0.43488258423260906,-0.34125999643314575,0.47704578559912664,0.8960376334506125,0.3719868286565645,2.389856546407785,1.7941520485555749,0.02169340533911446,0.5834576763017674,0.9398745020203945,0.003869209812289401,0.08805649296684682,-0.2255381275922016,0.8710137537961562,0.6872653267232177,0.9859355145437432,1.909717979961653,2.4606523318296456,-1.0441093735819504,0.6210122591809992,2.003053418578048,0.02009971966830604,-0.3547158997068087,1.2755700429429617,0.27169513409719864,0.39408593584343277
1449,-0.09757161859712245,1.5205279303673704,-0.43061859986173656,0.6042601395655672,-0.11550186214497696,-0.7713967813459324,0.1627145024341084,2.127386083138049,0.1888736930981963,0.17363357394477758,1.2244450496892607,0.06724404973085896,0.5342660871434902,-0.7358022790592681,-0.6747411433845538,-0.359185371449821,0.9762162590643416,-0.40647192344460503,-0.34184544670065986,0.48468302587897144,0.8837037803628036,0.3873112645633691,2.3835323966495676,1.7944654210159747,0.05004903795419083,0.5986032005791349,0.9424522855665066,0.035030637755177015,0.06682778198138348,-0.23480271802278646,0.8503959509681643,0.7282304678963492,0.9644144054450776,1.9568833907275485,2.466930131877373,-1.0836111705633045,0.6333411897424244,1.9901360203956178,0.023117543613888687,-0.3560259233245299,1.2840487713673912,0.26994089295626045,0.39985356440611247
1450,-0.10069584002614443,1.5160061498308155,-0.430697165620833,0.6001840529700742,-0.12403278579123121,-0.7722822935739493,0.16725737544706967,2.1426617560747165,0.2025357924679514,0.20569852783506737,1.2620061492053503,0.06856104490331212,0.5363702816938695,-0.7185012572912012,-0.6830404076307124,-0.3616988935910844,0.9815400396345161,-0.38497831906307634,-0.3423869881981104,0.509799641186045,0.8694636700162442,0.40893464305345134,2.3723586675833395,1.7911085777420928,0.07812156361665905,0.6126128105356998,0.932160025903094,0.06504013632766066,0.05806754602692557,-0.2433724641710775,0.8478069078765393,0.7521393674076112,0.9470404885208342,1.9698474071951098,2.4766690735881047,-1.1201503327710565,0.6447454505117425,1.9726671962995834,0.019982869652760336,-0.36253001270659074,1.2682680705964637,0.26282620103297244,0.40210714457399716
1455,-0.10915406011669271,1.5200034566361613,-0.4290458322490323,0.5966113767659315,-0.12828570616566415,-0.7736828378001059,0.17033058797706116,2.166238489423144,0.2233461515203036,0.2384664755109182,1.3011159457810524,0.07509443556250436,0.5438525840817866,-0.7071156503912172,-0.6907172270584089,-0.36402390157175313,0.9864645366619275,-0.36542764064783095,-0.3428879140832521,0.5369828080900197,0.8534209901469417,0.43247352981862186,2.3617513242796977,1.7872492465851326,0.1040272837114442,0.6255716997455223,0.9219254104050927,0.09358846702697063,0.0534869965225372,-0.2512994793582467,0.8552882160220827,0.7688544284349017,0.9304321544348021,1.9721647084634804,2.4843968803347005,-1.1536882400209851,0.6552943917233617,1.9704114476720795,0.012198615094966503,-0.36446372783173336,1.2829031928366776,0.273410850883339,0.40005015616809975
1456,-0.12232289456947527,1.5255253041506291,-0.4264225796969475,0.5977876437106617,-0.12396858092350067,-0.7730825162180448,0.17211957206734174,2.1850598986899112,0.24255776462053635,0.2505057081277877,1.3154616961189773,0.09197704475217193,0.5512565055180302,-0.7119231201440556,-0.6978182850290282,-0.3661745339538717,0.9910196964122829,-0.3524368137719887,-0.3433512705270082,0.558347861143518,0.8233760850146075,0.4564070732348065,2.349281445533511,1.7893961816394217,0.13053921926600304,0.6375586722646083,0.9199127258681119,0.10737915377404009,0.05207059208485702,-0.2586319684063782,0.8561616483337423,0.7898281688617307,0.9137610766840584,1.9796151131977753,2.488144211591083,-1.1841286885840314,0.6650521623441095,2.013890451746143,0.0028165390239808224,-0.36263689817122585,1.3502364674418637,0.30561856081271344,0.3948857174547673
1458,-0.13783481574435644,1.52541512760562,-0.4269640632911991,0.5985034387620481,-0.12305721164464203,-0.7711788772545558,0.17870001602868338,2.1880671955656923,0.2577525145302348,0.2500835673953817,1.3258111104501653,0.10181504651339873,0.5569568637983894,-0.7174337361332513,-0.704386763651851,-0.3681638689073313,0.9952332191813617,-0.33914006234514193,-0.3437798752374826,0.5783055769593173,0.8001173771857586,0.47494896289887495,2.325076459743751,1.7916593698291399,0.15450914662862753,0.6486466218447627,0.9126362813964088,0.11731189765643464,0.046511992999855506,-0.2654145207758999,0.858914903607001,0.8202518447503249,0.8962608255953395,1.9670006348254767,2.4878560773258687,-1.209418354357822,0.6740781001683013,2.0183293513896023,-0.006225089424057332,-0.34918362716870355,1.3700330376422112,0.32804008094299225,0.3899701173485271
1459,-0.15493861372307244,1.516111510162184,-0.429318426701981,0.5946049045617874,-0.12765079713829688,-0.7710939920757652,0.1885850917906414,2.133222156810539,0.2597760891603009,0.22327890359626368,1.2873863449550769,0.07991943517280495,0.5540679201837069,-0.7225310559232575,-0.7053022039692942,-0.3700040037392815,0.9991307277427595,-0.3236768505329065,-0.34417633459467145,0.5856592528571269,0.8080674542906325,0.48099273417730565,2.2818759353030114,1.7941691119278804,0.17146855345532813,0.6565917320341175,0.9086436449943451,0.13503294913498287,0.027510820430297723,-0.27168838171770743,0.8557874996234358,0.8639720550398372,0.8833624666198513,1.918053652744293,2.484486962143832,-1.2195594885258116,0.6824270926556787,1.9204451445314237,-0.01647212118008985,-0.3183021487837589,1.2796014318703202,0.31591188693547073,0.3895469961090287
1463,-0.178416063051628,1.5252217092751392,-0.42899704834519614,0.5948506142513531,-0.13656327329893364,-0.7666332767687478,0.1994408134296515,2.047285257040666,0.2662443596339647,0.20186946141224107,1.2221266500230623,0.04972028060094713,0.5497917795505939,-0.7272460767290132,-0.7079792038812783,-0.37170612845883544,1.0027359231620525,-0.3093004163800522,-0.33597055853081814,0.6166683057109815,0.8136524387432154,0.47271165718337727,2.2359541545942823,1.791345316181848,0.17395801247174816,0.653451716810296,0.9217897209380048,0.13781541618933446,0.009494996373160978,-0.2701799008919844,0.8836772176478407,0.8965257425434979,0.8623698209640133,1.8941854962887528,2.4738978610497253,-1.218941370238814,0.683295635656931,1.8067440766833507,-0.04656226320131414,-0.29977145850908293,1.1836313244800463,0.30047384280073586,0.3898736606952686
1464,-0.20999482557773902,1.5749858468128548,-0.4270124484707792,0.6037487383632889,-0.15225654473740521,-0.7558797784560954,0.20236394449241057,1.9719509013676126,0.28547585765537425,0.21319309018765145,1.165541886562135,0.01872161592901811,0.5517473402073575,-0.7316074709743373,-0.7097486936713917,-0.37328059382442286,0.9929708763697741,-0.2883163240107519,-0.30854917271528715,0.7020429547514683,0.805087222889039,0.43841267903966763,2.192639858930075,1.7769440070925948,0.15325197770697793,0.6377748037507613,0.9431287112413849,0.11810539067025132,0.004713363207342002,-0.245266469795501,0.9808896615563337,0.8845940607071912,0.8118740710201942,1.922135916838573,2.454405873041422,-1.2053205053846685,0.6673447367726337,1.715806813325946,-0.10433566441140556,-0.29773178884922025,1.1090617174465358,0.2876096823757998,0.38943321929202895
1467,-0.24143915328352616,1.6107379748965625,-0.4294820955594223,0.6089929141295167,-0.16581704784666843,-0.7490417788928656,0.20141685792521496,1.8949847802157609,0.28506943948636665,0.21547862907413018,1.0991031647576024,-0.0207253887342704,0.5528734743560665,-0.733245823922106,-0.7102181192905852,-0.3747369742875912,0.9854363995818074,-0.2506402223860837,-0.2774701307641606,0.7958253581336057,0.7883228511751982,0.41482520456531813,2.1321334828825194,1.7625304391990126,0.12425953597214232,0.6087200138218909,0.9622164940505723,0.08793017287867669,-0.0028394320462508753,-0.22381243514561697,1.0890912821926693,0.8485775603277479,0.7665721402221211,1.9121075086986314,2.4398896906422993,-1.1597760339248195,0.647505171057369,1.6127438544463215,-0.14327620297165572,-0.2792667057694859,1.0258820886380453,0.2640026903964273,0.390748244861918
1468,-0.26487150618254657,1.6085828579740262,-0.4319682516863818,0.6083099861182095,-0.17133596071261656,-0.7481449999236899,0.20219299801113422,1.8360635592094916,0.2540452086384067,0.1905842285568665,1.0470096168699292,-0.044957277062903866,0.5455585201558403,-0.7227355999665831,-0.7106461694533645,-0.3760841262160218,0.990068669613172,-0.1962794195950764,-0.27131360063735865,0.8544455876530976,0.755807169326256,0.4270920883521864,2.0858521360435773,1.7540294531307692,0.09343139588228185,0.5646310474655631,0.9964535045327374,0.05365355889787067,-0.024659372745772977,-0.22842364783900035,1.1437276867827697,0.8129377586745434,0.7678112717254624,1.8556047530383353,2.4379442635764415,-1.1035918355486274,0.6383055880061854,1.5085311541799982,-0.13647814537677097,-0.2538338063874118,0.948940931990192,0.25865934711606825,0.39073970278489606
1470,-0.29069719239452874,1.6255632803264832,-0.4318962882972077,0.6101199157638634,-0.18218656096791275,-0.7413636452683511,0.21199455385788518,1.7910376477445926,0.24517828708933684,0.17709633447133055,1.0166307695673271,-0.06443928920222174,0.5358585917098815,-0.6923029303050995,-0.7147555225841705,-0.3773302417498201,0.9943535193921841,-0.1568803674471607,-0.275882469985915,0.8956085821596416,0.7331768255194254,0.4368622625702002,2.061691160869779,1.7447839996089896,0.058183494396991754,0.525342698654389,1.0353628925662814,0.018603239142413627,-0.04896091161689407,-0.23631427209659286,1.1800272098954012,0.7948175960319694,0.772983481406236,1.835579430158149,2.4301304236140098,-1.0598733053914628,0.6269919176972101,1.41934038678973,-0.1305162587836306,-0.2520334859253996,0.8777703620909276,0.2592189283467471,0.38696353126558225
1471,-0.3204410954873255,1.6666413091799654,-0.4316987697693892,0.6144003997526284,-0.19393884261008285,-0.7270825098338211,0.23717271766504544,1.7686047665621263,0.27297306496826584,0.17236073356954507,0.9976853700681649,-0.10143871280056684,0.5261256737493666,-0.6596806907561975,-0.7191762112557089,-0.3588798387931417,0.9983170054377702,-0.155129289236603,-0.28137123473697134,0.8928040482154549,0.7429444502508862,0.4302048233130426,2.068682047256898,1.7390479512674764,0.038970212059393834,0.5290527495554226,1.0474040743948945,-0.005813023375562753,-0.06419507682970409,-0.24477065168934842,1.1672869119397604,0.8218207610385375,0.7698892730341408,1.8810593639581876,2.426315421962108,-1.0448353496603047,0.6282495883631981,1.3749378342516134,-0.12928316070512955,-0.26724770655059465,0.8248301025163476,0.24553713724651863,0.38185475159390403
1473,-0.3479878652985289,1.7060322718278684,-0.43065144149927903,0.6197871987253685,-0.1882715694006976,-0.7153801626845709,0.26200928855472994,1.7617602367659582,0.2902847872273546,0.16223335202606914,1.0054618716416879,-0.10889183335876756,0.517539743873149,-0.6379576619168138,-0.7173582998364512,-0.3574450917479542,1.0019832300299374,-0.16319212605847125,-0.2864483421316985,0.8417041110276628,0.7493392312554317,0.4140455748829067,2.109880268737631,1.7297362020314548,0.022004844398814248,0.548278643338766,1.0449879778391578,-0.016921744704619254,-0.08190181306763698,-0.2525928028126473,1.0951494148985819,0.8736157254970415,0.7612181176152623,1.9343722386977946,2.425591962839079,-1.0519036401454747,0.6396467991709116,1.3790084503871298,-0.12013409136722131,-0.30225208032643786,0.8242433612319986,0.24166578496071536,0.3750067466110981
1474,-0.3775074408937528,1.76606357980539,-0.42835887541843515,0.6309865491130985,-0.16741738461126665,-0.7051689045331572,0.2767023856922339,1.7424307923940576,0.2935799482546237,0.1710960509608535,1.0496853321358801,-0.049690631503050725,0.5243135708617813,-0.6490156872730528,-0.7196094102003595,-0.3600891348668577,1.0053744877776922,-0.14860337890569503,-0.2911446664718212,0.7861904398679942,0.7501286964839388,0.39209339957853856,2.1479886236073087,1.7079001578910922,-0.0030164785535466906,0.5660625950883584,1.0239840396856084,-0.008784109685848328,-0.09985632883086756,-0.2598282926016987,1.0205800076706775,0.9298443440395924,0.7467101409623447,1.9653791855575289,2.4241340965380727,-1.0711441855790016,0.6505781392330932,1.4296976521559057,-0.12129411758789785,-0.3607535735889385,0.8785468982931691,0.24616312116225395,0.36876002132411484
1478,-0.4030725656904864,1.812243610191144,-0.43022599442008885,0.6401772826663938,-0.14166127866271172,-0.695026666024248,0.295030612650172,1.7683159441357843,0.318248027115223,0.188943579479668,1.0928784714512207,0.0034406176609518176,0.5391342996831808,-0.6592443607275738,-0.7245435544353327,-0.3625348747518433,1.0085114011943652,-0.1392283363185103,-0.29548876648643463,0.7200981893934418,0.7459127195718673,0.3681036487711766,2.1832388518617605,1.6812952347989523,-0.02884823445967951,0.5825127504567315,0.9831256448773527,0.004843823890902332,-0.12369349300872157,-0.26652112065657135,0.9338642662493806,0.9844395991061762,0.7316678205262557,1.9907625503408808,2.4337978018754525,-1.0940667702381746,0.6606896287906111,1.4928124526886914,-0.12065134747676909,-0.4100067513248072,0.9400309819590648,0.24452966792788328,0.3625308232690265
1479,-0.4196915714907214,1.8100661302072247,-0.4350207908176132,0.6396330721005721,-0.12216799751194767,-0.6861087878768519,0.3243443303917335,1.860885063234527,0.35710154257184146,0.18016214839412742,1.1311696850111106,-0.02967346053414615,0.548778074764741,-0.6151870875397004,-0.7291076378526828,-0.36479718414545514,1.011413046104788,-0.12578251015389566,-0.29950705899995195,0.6593226484414739,0.7173565199307125,0.34825455105705977,2.215845312997129,1.6623435365224355,-0.04641881564439241,0.5977291441724767,0.9432742178616847,0.009032381795609805,-0.15875001258631108,-0.27271198660732854,0.8756279532581123,0.9844105027935683,0.7320186591431559,1.9712425122376365,2.470535810786336,-1.0894130806967384,0.6700427566313152,1.4932822646602568,-0.13671510670094048,-0.3872446521429918,0.9658636327745505,0.25418238669890547,0.35587094651288537
1483,-0.43261896176014597,1.8006408189854637,-0.439340239060464,0.6376759555101208,-0.09884536600744981,-0.6775390431788146,0.3529019897244052,1.915016154423547,0.3853208824091939,0.16310501127867574,1.1914557570805286,-0.05860969532066035,0.5538956637443132,-0.5913740093096279,-0.7333294150137315,-0.3593840658859032,1.014097067646929,-0.11445038293193567,-0.3032239795749555,0.6029963369812438,0.7091038295187329,0.3218356837946366,2.227766702677776,1.6506281001719167,-0.05483420956254739,0.6118043083595409,0.9092248657291016,0.008500952267907366,-0.19654686248061382,-0.27843853761177895,0.8611608334014508,0.9809590001377716,0.7511522157662959,1.941525051614064,2.5079290377558117,-1.0628100577318962,0.6786943998839665,1.4823497902221192,-0.17452796601467624,-0.3473764831489903,0.9588307288519197,0.2614186123652382,0.35049729617133707
1484,-0.4385925217087901,1.785255820796156,-0.44370266288816096,0.6359206956287939,-0.06769675240667403,-0.6652830988725148,0.38525370464041475,1.8839726345496077,0.4073908261713062,0.13974238630856353,1.2646163386794835,-0.041020143054517844,0.548835131627559,-0.6059258086114059,-0.7372345588877015,-0.3618826859444605,1.0130686684425623,-0.13949013481984593,-0.3066621311068338,0.5417640409238145,0.7364844484582747,0.2952599664063836,2.191721635884802,1.6548355363769067,-0.04006832882977813,0.6248238352325753,0.8944335659088379,0.008255930760779927,-0.2342541464154565,-0.2834452211627811,0.8307406084459009,1.0126906186637237,0.7783653841919399,1.9562543184790624,2.5364026252965295,-1.0319811595779405,0.686697169892669,1.4818253560883266,-0.19621670671307906,-0.3178192921109055,0.9224749553799259,0.24529389126095444,0.34893844031253196
1489,-0.4336494063432592,1.7549770027039036,-0.44733716994277606,0.6337308523580185,-0.03424692993676543,-0.6482802026483385,0.42064846774202624,1.8412177527718236,0.4240508665164337,0.12753740982250297,1.2696326876345294,-0.0373716604430149,0.5342886838926985,-0.6193862229655505,-0.7408468169711238,-0.36419390949862596,1.008205269362461,-0.14196783188567097,-0.3098424212738213,0.5039532241552688,0.745443968696879,0.2809797524431569,2.1457103558238813,1.6648969436290704,-0.01676660235157144,0.6368668975901322,0.9073234951609969,0.00013283502952377794,-0.2581880203118987,-0.2772759120326449,0.8144732326672407,1.0227107838165828,0.8005509999387435,1.9554399173683872,2.5534974716995027,-0.9842542806733763,0.694099732150719,1.4585362782085056,-0.19150036082212635,-0.2714248269621792,0.8836912191264583,0.23900702964888668,0.3478596210963846
1490,-0.42318276069024013,1.743218525485477,-0.44923237050130627,0.6316817551716228,-0.0016891484407258245,-0.6290673336366118,0.45304480651715506,1.8035620211433863,0.43068331621650496,0.16915281383267053,1.1781377434593432,-0.035488750395584204,0.5181184499028441,-0.6318371062431342,-0.7441881556982894,-0.3642502073598179,1.0042754896874837,-0.08700110364097091,-0.31278418967828475,0.49324797716590274,0.7389754377870251,0.25468146759971677,2.1424765800500563,1.652621534910809,-0.01915093438709833,0.6480067302708723,0.9257602188726729,-0.013245862987235443,-0.24728771898745372,-0.25439112226015187,0.8243848229058311,1.017271428612773,0.8078089911169625,1.9273323807508593,2.54698740718506,-0.9451111620224664,0.6812887313967251,1.4477761520283798,-0.15373370235612496,-0.2422144122154475,0.8827136900820386,0.24486909872566878,0.3462112468387584
1493,-0.40815190953441693,1.7256560437257729,-0.44891452344663807,0.6258229700142488,0.02953797810745088,-0.6115763681946125,0.48316401347550314,1.7522379314821885,0.43921218164242315,0.18988247173426046,1.0945182401388425,-0.02719808109398642,0.4971474693918219,-0.6433541732748991,-0.7472788940209177,-0.3616575910388142,0.9977236717084821,-0.05744208994638621,-0.31550532545241333,0.48901802991526666,0.7421443569780249,0.22036119732809836,2.1287866674518394,1.6342663643735638,-0.030100524563325487,0.6583110755005569,0.9435223292579555,-0.03290448049483756,-0.22078064880050335,-0.2337507900058591,0.8261361662779791,1.0333271461289826,0.8105860212068695,1.9228737951035166,2.5257074251890494,-0.9196489677643138,0.6552169766955052,1.446764392508807,-0.11507250175786049,-0.23101545445734734,0.8832136131166031,0.24027315146219128,0.3468297159806521
1494,-0.38864022876991194,1.6825250707017483,-0.4444778591765316,0.61526149532817,0.05998113921822939,-0.5969751005750392,0.5113475184236737,1.75052632242099,0.4421297059636309,0.14294333332417822,1.111169084821248,-0.022059839440282794,0.47306764132383516,-0.6532415874362286,-0.750137826969349,-0.33123805469425943,0.9967794871248117,-0.0769588140822752,-0.31802237604348227,0.4747651791628597,0.7359395673576525,0.20413642043316546,2.100553564980998,1.630935584826848,-0.02786960160850322,0.6678425948380152,0.9741152813507182,-0.0668883799611941,-0.19824097940139138,-0.23106424133776973,0.8213817582657305,1.060502385470947,0.8063108989464122,1.9335970893096877,2.5038494980842696,-0.8983884813612695,0.6302098628919144,1.4404840409583126,-0.10330604039847525,-0.23425894560846625,0.8657938046708479,0.2286282296030108,0.3477936519665327
1498,-0.3748293189779175,1.656343565610731,-0.4407084649315707,0.6054113159826731,0.08694568520457867,-0.5836572502394314,0.534099054995775,1.7741454474992335,0.4361475005882057,0.10153063568050921,1.1408973647580198,-0.00961577568163936,0.4446510268704258,-0.6573163762449755,-0.7527823399466479,-0.2949207111681681,1.0001697462023946,-0.0806034624163573,-0.32035064784022105,0.4534677567047503,0.7309355515373778,0.17918491008777293,2.091586013610773,1.6228438481584146,-0.03133354612167916,0.676659250225164,1.0114369303815036,-0.09913066699686962,-0.17820831302565504,-0.2337966909376533,0.8137638346026705,1.0873948712544925,0.8044343255989864,1.9532155493121277,2.481454422932606,-0.8761038197998479,0.6054759305037107,1.4348211150720027,-0.08914623427454883,-0.24909648860837016,0.8635425905972969,0.22270731477196534,0.349701346868288
1499,-0.37372502499989585,1.6542090957381275,-0.4411495482025542,0.5983598138587038,0.10743019531047371,-0.5757022382178844,0.5468008953956175,1.791895147617365,0.4101137637086774,0.09856960179986649,1.1693354236956037,0.02082179306286456,0.41385891573552214,-0.6612117902217372,-0.7552285144506493,-0.2529645669669222,1.0027379582822793,-0.06045932037064506,-0.3225042992522044,0.41080211035634384,0.7414021546021797,0.14344453270282115,2.093720350772715,1.613833633371247,-0.03264877766662726,0.6848146564582767,1.0515544509629398,-0.10045784287259443,-0.17738392007583126,-0.2359990353258322,0.7898156164121313,1.0966193581738806,0.8322348222186308,1.9952179809765431,2.4700297304622247,-0.8348403367800906,0.5829734796710644,1.4299737486564499,-0.08222199109045111,-0.2599425814375878,0.877655902157575,0.22927059933736016,0.35589218326662186
1503,-0.37546608516079816,1.637239110271889,-0.4426791510479541,0.5934350374559578,0.12483152854893394,-0.5660959222921539,0.5583792193160292,1.7951193127089946,0.37668383511985754,0.08657753776581364,1.1960797896680595,0.04204270764721331,0.3846943690905129,-0.6641111441281932,-0.7574912258668507,-0.21056929491971801,1.002961840035039,-0.03931065380142374,-0.3244964268082891,0.3751536228912704,0.762799562195539,0.11796617815097427,2.098839070200524,1.612040103168462,-0.02530345258903722,0.6923584072239058,1.090497867140719,-0.09598624607120483,-0.1803187055770912,-0.2396720658850461,0.7696537168590228,1.0977710247067647,0.8584533398355046,2.031965681505503,2.456727194534734,-0.7848113872079423,0.5493448491196815,1.4143505786690662,-0.08092691439406943,-0.26802353113176347,0.872424200519549,0.23407701923178337,0.3637398707875889
1504,-0.37845341542513433,1.6026998210177579,-0.4466881481099357,0.5916064528565533,0.143155778200231,-0.5480631637270634,0.5737028818751524,1.763559651275149,0.35174597704779387,0.08192084477112598,1.1471437715159973,0.025654817575122505,0.3570873230581689,-0.6671887821886383,-0.7595842339268368,-0.19305958366303233,0.9975415018298328,-0.001162348993953963,-0.31892543024552894,0.3843213847007983,0.8090085581318884,0.10360652671110267,2.106980198164721,1.6045507560576606,-0.028444264854487342,0.6993363766821129,1.1265205271051653,-0.10203977839805478,-0.15753265879349276,-0.23667423952550398,0.7772761769217174,1.0981344730288785,0.8581139844617,2.0441025678853513,2.427481264075489,-0.7577090771945014,0.4992264583951689,1.3718480047965258,-0.06209016259057697,-0.2745677983068734,0.8283578185374083,0.2289148957119585,0.3695022484780077
1507,-0.3889974790091868,1.5726317417641322,-0.4490077887885058,0.5920297226727921,0.15418486753681693,-0.531914255104424,0.585487027449231,1.7460388325400849,0.3367649077210781,0.10141338564826678,1.102293232228457,0.0015811218720800015,0.33076509237706436,-0.6662105278834598,-0.761520266382324,-0.1817410441508056,0.9944958066752934,0.04257922333068566,-0.3154524716774038,0.39635272079024164,0.8510324518323201,0.09516945187332511,2.109244691778077,1.5954936901940027,-0.035856583165724445,0.7057909984309545,1.1573356361983063,-0.09506158209876667,-0.13534148418859587,-0.23696591089942057,0.7852828380115594,1.092797041751645,0.8674434845488019,2.053514926189205,2.3968223097954584,-0.7414804292571697,0.44851533937326304,1.3247110381950076,-0.0459699814867778,-0.27893711465342597,0.8034816776585348,0.23917431661471897,0.37439880111109247
1508,-0.40394909202424,1.5414095511876538,-0.4447273927989222,0.5938388902834597,0.15418273522745002,-0.5241660977572223,0.5906208246469619,1.7923359742007734,0.3448756422653098,0.12315284301228761,1.129822156340758,-0.015573414654732566,0.3113875334102694,-0.6610696889427164,-0.7626269865084367,-0.17971334850631374,0.9984486211746465,0.07587206065817878,-0.3179734863015985,0.37886262901671375,0.852314217726241,0.09008488041535156,2.116501769672724,1.5876098319454666,-0.04419990775115702,0.7064535585575124,1.1645778545910916,-0.08109229510188508,-0.1372861732029375,-0.245261651726589,0.7851205723140312,1.0865433687956234,0.8852333502052366,2.0651611529902496,2.367954414606423,-0.7334834596359658,0.4084387235035043,1.309510452436564,-0.030728084481978835,-0.2791345031669481,0.8512188691725003,0.27778016000536976,0.37975173890206787
1512,-0.42419146474896907,1.5120570991202953,-0.4415511660728481,0.5954960135435884,0.15720746725512266,-0.5150300329846419,0.5961663989330183,1.8768274311427031,0.35232938781141876,0.13219957891941989,1.237403128109305,-0.01222103135241432,0.29797110108954417,-0.659903143539033,-0.7617322121512051,-0.1887140185303608,1.0021049745865478,0.1009070860855393,-0.32030542482897856,0.37464020349670585,0.8516586538978604,0.0944288512486823,2.120870863279201,1.5764867939908975,-0.056414264764960045,0.7061299922597654,1.149691494959015,-0.0780924100807634,-0.1380210035124872,-0.25166362483899146,0.8003563681358615,1.0823503560782015,0.8936137647440591,2.0674623002989176,2.336003738122339,-0.7392644157136072,0.37416209261378863,1.3202057672801284,-0.012719221481622946,-0.27234656444219096,0.9228094629906791,0.314397208208556,0.38550867259126914
1513,-0.45775037828019605,1.4972983165042222,-0.43509014813776237,0.5931764770002325,0.17813243599743941,-0.5046806474970542,0.6014216045513868,1.9629294860415865,0.3348760743788128,0.11400746214824367,1.380217143501107,0.04532284350149493,0.29315389155853094,-0.6693152577736055,-0.7635071462398647,-0.20344338125295802,1.0054871014925566,0.08556445866009699,-0.3224624679668051,0.3769443130583774,0.8486886895815149,0.12111288439652744,2.118725783545901,1.57358735933049,-0.05672891643026369,0.7120750928402829,1.1325633192009674,-0.07797809908858157,-0.13223080189718098,-0.2585086389946965,0.8146538475578634,1.0727089551067344,0.9012683819329207,2.065744749108519,2.3119289362883046,-0.7534562632118462,0.3547584536440111,1.3754271195199044,-0.013422015366381301,-0.2684151579468665,0.9875078819262846,0.3228163569205178,0.3900066133741965
1516,-0.4901770235968797,1.5506999834899824,-0.4323132497131634,0.5954181264885148,0.18435191100124682,-0.4959820240332266,0.6045605506440189,2.0301459136687328,0.33064846235358836,0.10057856712363884,1.512320107738524,0.09877330432471783,0.2931035857398114,-0.6780214634405851,-0.7651489602718747,-0.20952210433599258,1.008615568880615,0.0778665502025012,-0.32445773286929475,0.3637828403019479,0.8360476129215277,0.13935086226463597,2.1116239049796715,1.5684456308497072,-0.05790723602536253,0.7175743108772616,1.0963039028282762,-0.07978832573980371,-0.129430886497072,-0.26530044107009426,0.8106179936579916,1.0560909847823032,0.9130416659154367,2.070125561783409,2.2941330832420674,-0.7600138672450192,0.3415752021045401,1.4247305179659433,-0.010160949859693486,-0.2689892229980792,1.0549362771027424,0.3419186914050443,0.3912973508202722
1517,-0.5190522071825107,1.720791688783872,-0.43929907238121085,0.6023843632105575,0.1702222539634927,-0.48834713576738376,0.6080086662234279,2.030316713172391,0.3450644931417197,0.1125096775250764,1.5013617274375384,0.10123847491283464,0.293258607147875,-0.6800618573250089,-0.7426442935170194,-0.20446123126199844,0.9836730628306144,0.10392840253757865,-0.32542654340449484,0.35346712810156355,0.8375855877094616,0.12779909896958214,2.1002175140396697,1.5575661200374642,-0.06694759568601648,0.7094902095924707,1.0570997755234677,-0.08180450202045822,-0.12629874571457242,-0.2715828579898371,0.7900818470083685,1.0343938410117388,0.9235824528842123,2.0787561680214837,2.2849858658301123,-0.7547067715878945,0.33170568991197424,1.4390429748363873,-0.002686500918350417,-0.2843364906527466,1.0755604452584286,0.3659275982525375,0.3891059041642321
1520,-0.5395635195701648,1.8455877863258938,-0.4459203206939603,0.609008043215557,0.15953675696222075,-0.4857441043060476,0.6063908736191953,1.9892467446323134,0.35050451139582667,0.10910041748625642,1.4431075730831453,0.10429448940552942,0.2928917555539348,-0.6796709382886056,-0.6927692329671542,-0.174495722700655,0.9310126593685649,0.13883921322652978,-0.3266950381800308,0.3413040213367526,0.8383209608228244,0.10964551316568176,2.0920604813643195,1.542124066090392,-0.07920224988402808,0.6953498515201602,1.0063719246656013,-0.0894464039072091,-0.11609564934296511,-0.27739409364059925,0.7653227809583185,1.0056417174624739,0.9305073428327898,2.0941709730341724,2.270445689341502,-0.7422766967503367,0.3154029940930591,1.4660009336595556,-0.002135090743091384,-0.30511083072773804,1.0761763345052613,0.39248346923040606,0.38518106833179827
1521,-0.5262291917219536,1.8158265996393712,-0.4538484247758814,0.6172402426629497,0.15860355006368643,-0.4799232629326931,0.6029370269278673,1.9711803875554872,0.3487673152221724,0.08494460150278611,1.494108519006063,0.11992450251069266,0.2898310345640576,-0.685932898365356,-0.6547438303861314,-0.11862054772094062,0.8880860721451558,0.15156798803253232,-0.32837286031652846,0.34672138125030283,0.827833133421823,0.10822565120477995,2.0976516963088194,1.5266693909328146,-0.08724847529919466,0.6826616143742372,0.9657959944936293,-0.11453543646917555,-0.09503710406444331,-0.2728419809974419,0.7705477638858298,0.9899715293279346,0.9279897607448941,2.1176474542274106,2.242871834274274,-0.7221926633108471,0.2927832281360373,1.480301369360663,-0.02142110596566325,-0.28133278857338856,1.083648254601328,0.39349217186102564,0.38119475541251824
1526,-0.5123939832917229,1.806089368508789,-0.4589270160245431,0.6228330051828938,0.1573853810539321,-0.47569364717213036,0.600853096459884,1.9412052591667845,0.3555205908772737,0.07292466578456613,1.4790562232450735,0.10879611421334018,0.2823983961734913,-0.6933927809879544,-0.6376340250597922,-0.07486846539836275,0.8615900784865653,0.1587481311271762,-0.32992484579278886,0.36000693179919285,0.8276461544992723,0.10246565768431838,2.1032815050368527,1.5100700295331648,-0.09564895242698367,0.6687721961450475,0.9498441504401158,-0.13091311683494739,-0.08314134992183098,-0.26811297729862926,0.7770867626263867,0.9779864393777379,0.9260956333589075,2.1387651651458777,2.2137456270508973,-0.6966018468919001,0.2722983983490171,1.4846933206693678,-0.04222439044872567,-0.2508387852173575,1.077539285193388,0.3788639713098635,0.37641246947397533
1527,-0.5158153498887639,1.826463319921994,-0.45566562216861844,0.6238090109079233,0.1524772696583805,-0.4783508045237964,0.5989937461769036,1.9320406775915056,0.37235983622166907,0.07614437194926758,1.4541360820396811,0.10430650457567266,0.28077699724014404,-0.6971682538672066,-0.6323057712768,-0.04472472824128672,0.8390626363747559,0.1840320753467001,-0.33136043235832974,0.34229071834165337,0.8345375332503164,0.0709151364161621,2.1135669272786135,1.4909634098669757,-0.1067043231162937,0.6604172138507167,0.9476435936454338,-0.11985257880829252,-0.09448871768986787,-0.2741844540012321,0.7572162365768139,0.9601171280125769,0.9264312875945946,2.1565288710654533,2.186698657827312,-0.6729034954651654,0.2506114967934816,1.5051323485532544,-0.0444381285038883,-0.24489601806378905,1.0949891225996797,0.3834247963103667,0.3694661119044156
1531,-0.5037524789120114,1.7390514840973528,-0.45631821782994075,0.6205361402469224,0.15583424906906862,-0.48255988486050305,0.5981526084436558,1.9540518042174568,0.378400352731065,0.07854040985707364,1.4809613159935031,0.10017735441746152,0.27991457606870207,-0.6950068333538438,-0.6433165735027885,-0.03809443710598985,0.8496910575644276,0.18711849883278583,-0.332688349931455,0.3286925628304059,0.8343207867599244,0.05888961432262815,2.125562583682982,1.4856356872239465,-0.10815739758710545,0.6643917462953164,0.9695229009866522,-0.11219049464220072,-0.10787867546146113,-0.27740799335135485,0.7544610006555947,0.9658019699710103,0.9269499987587461,2.1672169866629982,2.1735368015955077,-0.6694693201250352,0.2417855393051258,1.515229059545367,-0.04180070401461154,-0.23921271709742908,1.108722988181271,0.37587167153337414,0.3684866200701521
1532,-0.4831295832829601,1.5692705851267388,-0.4691477570013607,0.615399602800097,0.16085086434115,-0.4893507390317532,0.5966122547545137,1.9682215594426515,0.36694966494007775,0.0689186401854045,1.479638284311545,0.08759937384623498,0.27617408405668353,-0.6886064317864979,-0.6409425145736961,-0.042870772487365004,0.8645042282470955,0.18547381359089307,-0.33391667368659583,0.31786649935793526,0.8349697689888301,0.06534028104127317,2.141309618207172,1.4884200041480087,-0.10435965827087003,0.6714063003564974,0.995877790432855,-0.115851201087553,-0.11005535261625246,-0.2696099477104187,0.7551087454418052,0.980949279772238,0.9293913306911801,2.1734542334409874,2.170604600507079,-0.6750684438421976,0.24307574837343712,1.510687412222633,-0.030001854081672115,-0.23438535184435064,1.0964511300371151,0.35762996570779426,0.370861757268646
1536,-0.47415803534879336,1.4672303275167249,-0.4752374169038353,0.6111107821952454,0.16836653516638667,-0.4954920236091788,0.5938720201023636,1.9871818525084448,0.35751090064884966,0.06704924014768736,1.4658771898493,0.06453806858419317,0.26892869808501685,-0.6907904525852582,-0.6502513302898332,-0.058730412493058784,0.8782064111285632,0.18240379820593874,-0.33505287316010113,0.29642660449968145,0.8389918435604311,0.07727417962620999,2.15704492082914,1.4945642188178234,-0.09698852846432539,0.679778687313992,1.0333587658438081,-0.11900162970060613,-0.11279193711423861,-0.27024874789238346,0.7456036732207676,1.00349530707657,0.9425875000322791,2.1823012410192737,2.1688838863440387,-0.6875787810245186,0.2496529602368667,1.5075878863468792,-0.021983179040626508,-0.24294415449491377,1.0684437760291317,0.33148440307268956,0.3753250502287867
1537,-0.4755520695818974,1.4984586251630572,-0.4712251535035987,0.6094712452995991,0.17220947583112614,-0.49835844717789823,0.5920536763785517,2.000144007899062,0.3561167123017426,0.08852477366937317,1.4587213589623207,0.04141060352803583,0.26024308363104237,-0.6978860186413637,-0.6603873305180958,-0.07475214006948276,0.8908809302939209,0.17288528931381214,-0.3361038576730935,0.2833247266401857,0.835503215944705,0.09260736981452161,2.1476450588020652,1.5016868784361175,-0.08640978688666147,0.6872247750341948,1.0736668584055225,-0.11577940988921666,-0.11682742072259245,-0.27606287133556623,0.7403657851357844,1.015675577849201,0.9682083389996753,2.188029887556192,2.162588098611214,-0.6923187560390943,0.2548736372397478,1.5084782538463664,-0.042320179559519236,-0.261632079058399,1.0304695773263333,0.3132660802942482,0.3749500689745551
1541,-0.47637533089078427,1.5113090886203748,-0.469125690065634,0.609371731831935,0.17103940317011504,-0.5040016537217532,0.5877022613986584,2.004922520959592,0.34027248089185,0.10391632730915568,1.4518490889753224,0.03330747126919534,0.2534320010150763,-0.7044494172432613,-0.6697631307292387,-0.08788561304943616,0.9026048605218768,0.16853483567543848,-0.3370760183476115,0.2866347135727015,0.8484862142960841,0.10127517890234433,2.1157155799495952,1.506519944356082,-0.07831387602549039,0.6905895320213058,1.1108123417674813,-0.11649728932452134,-0.11254652642169667,-0.27343351814645456,0.7447762848710254,1.0314626634952186,0.9927571034401316,2.191743574087497,2.1531471955084296,-0.6944534129260795,0.2558993596442983,1.4997095723276286,-0.05529966006818943,-0.26907691342161927,0.9936004203280041,0.301944103033155,0.37076195649990934
1542,-0.4767206062274001,1.4812259827829788,-0.4653499549554684,0.6060364911364602,0.16567947949709944,-0.5189105557504309,0.57965672308303,2.0335519747174335,0.31346364048953446,0.11227310054935824,1.4774875700262455,0.04859465043737039,0.25184431399584273,-0.7105205609500167,-0.6784357459245458,-0.10412696626801918,0.9134494959827361,0.17011642217716194,-0.3343342526427892,0.2967209835369656,0.8932328377807388,0.08068094489431846,2.0602533027086727,1.5051721521222352,-0.07869629271236832,0.6910132606382352,1.1430517638733504,-0.11625567364247831,-0.10945099332029329,-0.262251298857842,0.7523447279136187,1.0611650916568076,1.0029868521681622,2.1967379772317908,2.1435143250354933,-0.7098522125718182,0.24964088687762953,1.4942757722311486,-0.04636740123772301,-0.2713508721823598,0.9879447439855985,0.292581581587462,0.3706542314379047
1546,-0.4753411774421351,1.4883210981065849,-0.45973113208814853,0.6054725114574434,0.1429459589533171,-0.5430647688996394,0.5639593491275003,2.0418320628723943,0.30183675173542107,0.12279841951327233,1.4579527658438944,0.04915420275179261,0.2522850743204823,-0.7161363688787654,-0.6864579149802048,-0.11777668972739372,0.9234807837840308,0.15826288096403848,-0.3229179369569397,0.330333078333645,0.9365250840077234,0.06578609109631733,1.9417264179547105,1.509463772018084,-0.07596997608399639,0.6469205384266523,1.1637403512395075,-0.14184775765731528,-0.10455304670840371,-0.24582719818090734,0.7664809444808622,1.0758971370377444,1.025729058277742,2.191968534269488,2.1361692289791083,-0.7123785971013423,0.24201980863517172,1.5021838748689975,-0.045139504310736954,-0.2767161232065985,0.9983344435563256,0.28787079609866584,0.36997980292071164
1547,-0.4631383733793795,1.4783206113864817,-0.4603276731084167,0.6051680623707206,0.09430199819070627,-0.5786778469342938,0.5385264142929275,2.009154162480606,0.3181918768693319,0.1463713448130636,1.3486063084056021,0.0031143123140416253,0.2513852575033037,-0.7188625081797119,-0.6932185776586444,-0.10848845090109269,0.9327597250002283,0.12589418660272353,-0.27372869009560274,0.35744154825353025,0.9605121700297994,0.046544869191808357,1.7960969366081072,1.5075183332752184,-0.08141500157104085,0.5394966480446535,1.1702070379066396,-0.1917761705718031,-0.10018139836499251,-0.21330261192466352,0.7848678098829484,1.0722315827408433,1.0555336918848377,2.171307937752688,2.1412341519664717,-0.69255202752446,0.2512204689053493,1.5143468054942446,-0.04889535080781988,-0.2962114084020915,1.0201641053157873,0.29466012690111676,0.3685296632430235
1550,-0.44698614618529553,1.4564326897112596,-0.46679190097365153,0.6027158665229816,0.04220943786306938,-0.6116482230977571,0.5107234073136765,1.9669408563254283,0.34560407629375883,0.16913806915410626,1.2474608352751821,-0.05274740636123923,0.2505924174156986,-0.7190481595891629,-0.6982707619998805,-0.09979436892655419,0.9308859408946075,0.10031714951319715,-0.21418754773260726,0.3458917822113682,1.0009159027423589,-0.009805792287535623,1.6613896663624992,1.4895277306392274,-0.10184145081927098,0.44012954944130445,1.1567021113545561,-0.2333167414771321,-0.10110433743875918,-0.1757736853161606,0.806005436350313,1.0791930156198875,1.0660489592987783,2.1489429502390665,2.147820270463227,-0.670504756566973,0.2644518589605408,1.513426173400859,-0.04719117264277443,-0.315578402034289,1.0227315876598568,0.29038071614943306,0.3685890911380033
1551,-0.4315567804767265,1.4678078822291,-0.47860839814423745,0.6078353354170583,-0.00394531023615936,-0.6330276925828534,0.4793710253747101,1.9012127582700982,0.3702309487714262,0.1571909434540532,1.1539012726295435,-0.11421906756818029,0.24903527389601302,-0.7234148737105099,-0.6899769213977137,-0.10779060584538612,0.890825501621201,0.08078053742658915,-0.17115159587833437,0.28477340567209325,1.0308040239764293,-0.09921195996856953,1.5367854413853115,1.452678789187458,-0.13513243835369138,0.34821498323320654,1.1142194193188135,-0.2695218898369789,-0.10298122462564196,-0.1551021487021658,0.8169542422191796,1.0981906284484995,1.0544589186874966,2.1457069382129843,2.152352635556991,-0.6483732166212443,0.2790740293109259,1.4854639207290927,-0.05000375874644889,-0.3244183798111164,0.9500849573851047,0.25407868545646967,0.37054893393354954
1555,-0.41470127365633136,1.464335727674409,-0.4866879071994462,0.6085038687026856,-0.043427228071789836,-0.6503266732159221,0.45267243757465137,1.8391056419469498,0.39738560462776495,0.14830546290644545,1.0673586771823276,-0.17019686254765884,0.2483512694362967,-0.7228801383230083,-0.6826477247960386,-0.11610798607281499,0.8656385530837254,0.06743020058004723,-0.12777475501211147,0.2079367905665167,1.040263993339404,-0.19592086734183828,1.4215265332814133,1.4018172383482885,-0.17545833636541047,0.263194009490716,1.068861615341025,-0.2915310738176775,-0.11250050854670923,-0.1408450902520589,0.8208497154042713,1.125625373811995,1.037285792047662,2.1479059122297692,2.1565624332974265,-0.6309971749220012,0.29762417017603743,1.4647216655620374,-0.05260918074898686,-0.3334566358862291,0.890809697474672,0.22334336880643538,0.3717499363452215
1556,-0.40753872658047197,1.4367180657955658,-0.47758732925254066,0.5989346502403181,-0.06195099294194593,-0.665333055365213,0.4413289982013475,1.8017752826629099,0.4339832552557668,0.14228906927243923,0.9873067763936529,-0.19696623867386742,0.24984139260481214,-0.7126893983856301,-0.68174267664106,-0.13255039588612055,0.879255661602446,0.06045550041826099,-0.08699907502375989,0.1294601129195256,1.0379853301858404,-0.27928580161807043,1.3149120432853074,1.3476945647932834,-0.21181757481642724,0.18454960877891227,1.0555762118953003,-0.30716999214689145,-0.13413428404939895,-0.155953274347169,0.8184212137029555,1.1387721244835471,1.0292009561600743,2.143445254965918,2.164238443129131,-0.6164839021860152,0.3259835222169169,1.4907956359114931,-0.051435689021184415,-0.33477891775553,0.9078104208004335,0.2134041464409609,0.37147536047677426
1561,-0.4035472976972615,1.4276024099298124,-0.4695644065038739,0.5930394667388986,-0.07316365199656642,-0.6773440516282465,0.42913436898062507,1.7888474484740648,0.4687113441893819,0.1240359782930296,0.9500891830891549,-0.2019366920429117,0.25443588209099743,-0.7052796773850831,-0.6776377499745807,-0.15206154119466148,0.8918514869822624,0.039638767469718277,-0.05292185466871156,0.06395334719575148,1.0187136779289738,-0.34595286016252086,1.2162936400389095,1.2924571929439959,-0.24150889939817027,0.11180353812049383,1.0657335760227145,-0.3395821732422877,-0.15895223056327143,-0.1704367287711313,0.8148301568296565,1.1257365595840263,1.0244265914534727,2.125390056712814,2.1714944612037277,-0.5933375618453645,0.35661856253462154,1.5321156263668536,-0.049936148372431426,-0.32394438476970294,0.9467451998814664,0.20606179250367,0.37243977053684113
1562,-0.40012173126658807,1.4332617927050721,-0.4666688914016413,0.5918736056405691,-0.08925078531081584,-0.6909238103247646,0.40539390793861646,1.7910307275472819,0.5099301520304151,0.1102994695090987,0.9399433859395412,-0.20639326453091697,0.26476460951558967,-0.6984142450659179,-0.680784379513199,-0.1688979416192632,0.9035026254585926,0.008395267542220319,-0.024014888208473556,0.050703702633806594,1.0024968371511596,-0.3635396734286754,1.1250716170359916,1.2459277774672213,-0.25003020410513505,0.0445134227614568,1.0937996018688254,-0.39102906409525634,-0.173556212247442,-0.17531970733375568,0.8365125692897726,1.0900620517101085,1.0367129761489455,2.0577686549011434,2.179863591139465,-0.5334105940558874,0.37843074189119075,1.5713125129789323,-0.04894047527053561,-0.3110445467320984,0.9894640671650464,0.20807604039989883,0.3745403123967123
1565,-0.4003619111097006,1.4367011648581751,-0.4638198133746626,0.5921158504137213,-0.09652936555524262,-0.699205998963877,0.3888339906531637,1.8102888249567413,0.5313232019049873,0.08955505285783548,0.9552161796584095,-0.19969625329535773,0.27800984727647204,-0.6967145195753073,-0.6841276212908972,-0.18568302099781847,0.9142799285491982,-0.014393495896536193,-0.00917579078325947,0.0667012238960916,1.0078437454227676,-0.3547194542480241,1.0406912457582924,1.2134105146838918,-0.2409904178235432,-0.017729933945652452,1.1277976666550855,-0.44574839837965324,-0.18816352152995974,-0.17364955900418647,0.8727169265614789,1.033938240763852,1.0605894345087898,1.9937776832612757,2.1885772860623685,-0.4584956906256167,0.40320002205663696,1.6172693241472973,-0.048914354342996166,-0.29300476264654096,1.0321165123943739,0.2084178378183625,0.37886541766825765
1566,-0.4011291438167563,1.4435146325015122,-0.4665544387755432,0.5948689691617537,-0.09673011377081606,-0.6972616260051764,0.38807269875493045,1.78543463468917,0.512600301327658,0.055936164251993374,0.927460047322517,-0.20144858406682525,0.2847002823774361,-0.7033657806071592,-0.6917228996940799,-0.20120921942298212,0.9242489339080084,-0.04050008526085734,0.0050252879729899315,0.07510640214942474,1.0129945412616084,-0.36404338419230736,0.9626394023264204,1.1866326540512233,-0.23935601810803506,-0.07530503889972853,1.1194173371857616,-0.49409413327334994,-0.19987206235540456,-0.16260647568658418,0.9035755266161587,0.9975758133984479,1.076109828768827,1.995245553405697,2.1890755958213335,-0.4143247469885015,0.43186487040238924,1.6033192630164206,-0.07426031865863882,-0.2877260180512127,0.9750083527338195,0.17536995184506007,0.3842307604333651
1570,-0.4009943353001387,1.4482551289433252,-0.4684979204489526,0.5981862287385791,-0.09608352524623232,-0.6958258569144911,0.3857039911291911,1.7551784541680056,0.49416123100980097,0.04083909375185341,0.8856476802233538,-0.207214142517068,0.2927930195930748,-0.7095181970616223,-0.6987485322170239,-0.21557095296625844,0.9334702638649078,-0.07356165038135454,0.01100471057432503,0.10033989587890975,1.0200799713565007,-0.36578058491763327,0.890441447151939,1.166722021195854,-0.231218504274255,-0.1285620109822489,1.1160910278377405,-0.5420399271984128,-0.20405641146938336,-0.14878296580610073,0.9312041723292376,0.964053377316546,1.0975084494225988,1.9983735090658543,2.185430242000692,-0.37024416568125046,0.45837985512221013,1.5758395458950472,-0.09827746672352373,-0.29014852759276494,0.9075217706073478,0.1476214286365886,0.38777211151299235
1571,-0.3993445972717576,1.4410422624083552,-0.465465347807024,0.6031194816266244,-0.09362918442181668,-0.6969717523440284,0.3764450067957222,1.7821533379194336,0.48579992243139514,0.04751713665638134,0.9147287267102184,-0.19187463704621247,0.31001565867771896,-0.7146692075796726,-0.7052472423007471,-0.22885555649378903,0.9419999940750396,-0.09699710962458422,-0.008067908989383102,0.13656868130793612,1.0489713873001665,-0.3466628924089005,0.8236583386155435,1.1635128680300308,-0.1984956970301251,-0.17782471015858023,1.1501942007499097,-0.5835613477723303,-0.21024016297715517,-0.15139174856585327,0.9522391178448311,0.9440627951629402,1.1246302287658436,2.004764638033442,2.1824406287236364,-0.3190666391590897,0.4786744545119376,1.6043557861587123,-0.09175557162023865,-0.28771507595761003,0.9342836394466038,0.1619468939462067,0.3882589353493905
1575,-0.39657366282789064,1.4352627255982517,-0.46425785652291696,0.6062622281265923,-0.09392352222537458,-0.696304632267512,0.372537705209237,1.7960650953905015,0.4735976024160907,0.05328804819368357,0.936384188483618,-0.1810342703001638,0.3284531643916704,-0.7199738670111973,-0.7112585491281911,-0.24114381475675484,0.9498899945194116,-0.11047859644138013,-0.03338388998270597,0.16763799930260048,1.0843369055040148,-0.3256812145124993,0.7809067128427251,1.1661685678486446,-0.163147080247849,-0.22339270689668672,1.1817396356936662,-0.6217025173798166,-0.22239709270958224,-0.15505659750035364,0.9680366379046668,0.9406790570539005,1.1458686637287294,2.0239210402967407,2.1732419146902604,-0.27528002748010394,0.4916587610846472,1.6153337345799021,-0.08768462445240491,-0.2892834429804873,0.9465196011084313,0.1708164271164188,0.389637467980009
1576,-0.39571652472369606,1.4351135912286894,-0.46256256545906693,0.6055717508608724,-0.10042300727231696,-0.6973819944108025,0.3699411142888731,1.784745201624293,0.475282482919431,0.05513962754892069,0.9214876322486132,-0.18712588548446327,0.343483547756307,-0.7248806769853573,-0.7168190079435769,-0.25251045364999825,0.9571882449304557,-0.11705210901977987,-0.05262220787067293,0.21337601540468873,1.1100049735432018,-0.2933984651111269,0.7571489001662386,1.1718313378337533,-0.13356251850405215,-0.26554310387943525,1.1710878709708,-0.6736290376798355,-0.22541773550459163,-0.16272043578701917,0.979866015942907,0.9351870338858351,1.1671049147593189,2.005832700436552,2.1602774230824564,-0.22939661986819854,0.4966857318127503,1.5957104433092042,-0.08962816136953657,-0.29311277828904014,0.9233712026994138,0.16948991825527757,0.3917156233846279
1581,-0.3959037361884206,1.4347866191131393,-0.46079517351391236,0.605236630297702,-0.10284649490418234,-0.6994827696926996,0.36583476425134415,1.7867376063434761,0.4865623314667934,0.05748468218440052,0.9153274673494314,-0.19529282150124178,0.3569547988311264,-0.724399021132507,-0.7219624323478088,-0.2630245946262484,0.9639391265606715,-0.11958688591741798,-0.07239298784736424,0.24930302770623058,1.1330864820248197,-0.25820802730505027,0.7606321155118184,1.176967509376531,-0.1052558293710928,-0.29806615315037693,1.16937470671992,-0.7059816888229529,-0.23037686439436655,-0.1712275000516003,0.9961211486431009,0.9329757823538011,1.178448756497038,1.9811518242503006,2.143414368819645,-0.1899591557186885,0.5007218757220258,1.5961573272111598,-0.07832122512690373,-0.29114671751515614,0.927272899403925,0.17359931699260484,0.39436907957877154
1582,-0.3978613909024678,1.4415579500688998,-0.4636735917040221,0.6072685553930068,-0.09690891811639983,-0.6971157821721538,0.36859618753712803,1.7749480196836933,0.4902084428337162,0.054439711712059004,0.890434324549229,-0.21522972411372357,0.3651643271576079,-0.711711805084049,-0.726720099921723,-0.2645632867690907,0.9701836920686211,-0.125660092196715,-0.08652256794682983,0.2681438579134085,1.1599136100865466,-0.227902737364797,0.7742501779215684,1.1794136712095356,-0.07328890292274703,-0.32415770983342734,1.1942486045473362,-0.6971836010136762,-0.24304704597079813,-0.16460679650664317,1.030763400315319,0.9255067329201235,1.1711136473169674,1.9678677337319948,2.1185222956728285,-0.17214592076399965,0.5089178519281182,1.591336906487483,-0.059574200739931076,-0.28587941347609563,0.9216865334143424,0.16215914151209718,0.3993222234799965
1585,-0.3993032265905991,1.4471006615755173,-0.46465939301452674,0.6074565054514262,-0.09465495924829306,-0.6947865742160524,0.3732407386172726,1.7582226773665293,0.48923906306061277,0.050681765944045595,0.8672370985485186,-0.23183200753620367,0.3714423359640403,-0.7054761945782868,-0.731120942427594,-0.259990540936757,0.9759599151634744,-0.1295961121077123,-0.10100731328889984,0.2897588717809796,1.187957124078069,-0.20342976189219644,0.7744949163410786,1.1833058972791426,-0.04850490014105384,-0.34413186564008047,1.2033651114914667,-0.6867940134375841,-0.25244187112170524,-0.16291526181695332,1.0541531031671643,0.9198543987037061,1.1700222140695218,1.9526595479787505,2.0915420952822132,-0.16080818669490518,0.5221747480818426,1.5782328417510132,-0.049923996850761994,-0.2848101474703742,0.9105839983952742,0.15240468744984256,0.40390079851110683
1586,-0.39838249741615395,1.4417207735978692,-0.46084047621013746,0.6039421620414067,-0.09980809989264898,-0.6967815214346198,0.3738819593024336,1.7672995808295535,0.4841071543871138,0.05394932089628211,0.8930839879663861,-0.21384596459163613,0.3833485912605075,-0.7108614615727078,-0.7351917217455245,-0.26994367536650016,0.9813029215262138,-0.13436643981574983,-0.11961171479223234,0.3178132780235708,1.2140982834293788,-0.19452284763903055,0.742324259769756,1.1919584338547786,-0.04494918542253903,-0.3596468965196964,1.1863936223702318,-0.6951858543850225,-0.2558761280129127,-0.17573992979023595,1.0451372624549444,0.9289964142402959,1.1836253689499965,1.9653695069062032,2.0680316511049592,-0.14895268237354992,0.5387241023330898,1.5839633893848617,-0.06191120700243713,-0.2899245856263941,0.9260730680743755,0.1682045979778213,0.4041625994364217
1590,-0.39848840244085587,1.440793612354726,-0.45947707083340306,0.601730901493253,-0.10090640656455065,-0.6981104159134673,0.3746727458669392,1.7768363103571367,0.4785378492459039,0.05512938036828776,0.9129636707339196,-0.19715091886141412,0.3969355430820468,-0.7164517019547547,-0.7389571926146102,-0.2791503247140126,0.9862452024117476,-0.1463046422883837,-0.1368207861828149,0.3450787400562569,1.2407327973196824,-0.18015706020743738,0.7153516002894437,1.1991387824966053,-0.04039235427677481,-0.3709547073070451,1.1631821295114007,-0.6988569654984014,-0.2571774464712819,-0.18315959480135646,1.045092466026526,0.936812256305695,1.196039749968938,1.9852851063105492,2.043882360407339,-0.13778036695029394,0.5468626576033585,1.589558474839511,-0.07257734434244795,-0.29103465338266876,0.9326189104193433,0.17973078945152135,0.40399573070641903
1591,-0.40058889003074755,1.4489835326317302,-0.46045475449103446,0.6015384897835953,-0.0975968197117297,-0.6975696915758417,0.37685916664692237,1.777308477828813,0.47969771649455833,0.0516316765831494,0.9037468587931643,-0.20580302429218944,0.40666600108656353,-0.7211765086686368,-0.7424402531685144,-0.27884269792702915,0.9908168122308666,-0.16406655885988716,-0.14241129977889072,0.3597946850012689,1.2550833821816736,-0.14032893649505868,0.7222663559863444,1.198116310516758,-0.017112665466326726,-0.3783152367934721,1.1346351151390883,-0.6990028783271921,-0.2545368493617807,-0.17907662560867812,1.0547012011360029,0.9346674671560141,1.2058843416523335,1.9851376329440582,2.0220557425371366,-0.119451390451832,0.5359849622045805,1.581789771531301,-0.07111324799753888,-0.28809590152546394,0.9154820285803333,0.1751247754159424,0.406463559919948
1595,-0.4000136898344535,1.4458091478230908,-0.461422731130633,0.6015703423962065,-0.0960359111549887,-0.6965780823219766,0.37903720417206993,1.7798149269463888,0.4796380493113773,0.05042618192752147,0.9033739251795182,-0.21131048540576297,0.4137929777852445,-0.7228849060202998,-0.7456620841808759,-0.2795343376603174,0.9950455513135514,-0.17288514329343238,-0.15066177812071027,0.37235146771031397,1.270941888462387,-0.10537520530757888,0.7328999367195784,1.1975961402579614,0.0028987511693377268,-0.38479079112702547,1.123275260003685,-0.7025550385902877,-0.24870140602237767,-0.17817213433084167,1.0594897389096243,0.9358913023775072,1.2158629951240147,1.986363644693583,2.003646406843279,-0.09642090980905722,0.5195333252975204,1.5792762933263385,-0.07150419372335201,-0.29121050934329845,0.9085689476819719,0.17178126436771485,0.4087566833773873
1596,-0.39594500692189266,1.4268945659642398,-0.4658476792626023,0.6035600464214452,-0.09464631583552205,-0.6930529789515245,0.38266815078984984,1.7729031367710104,0.47938137665192215,0.05213196542673558,0.9002358447562697,-0.21416262111582846,0.4143394081513799,-0.708168837380696,-0.7486422778673103,-0.2802342825163644,0.998957134965035,-0.1647187837308069,-0.16554209476165696,0.38662500778275144,1.2909631583265964,-0.09545190421632009,0.749078749800514,1.201244027135656,0.013034751279774338,-0.39251275865365326,1.1568396155034086,-0.7042694868763031,-0.2413923710587323,-0.17571350636268074,1.0742441232986788,0.9327054340403933,1.2147592359681136,1.9767305010780514,1.9902937476986853,-0.0791877149579115,0.5101121514402756,1.582447176755524,-0.06634342685638155,-0.29891675689034586,0.9160212889896369,0.16324519941988042,0.41065658203345407
1599,-0.3944631851748892,1.4211899263157315,-0.4692401335429996,0.6060265469217444,-0.09217509126692834,-0.6873138838454216,0.3896603675630384,1.7481778338578078,0.48205439592155197,0.050541278041331274,0.8801914424751708,-0.22522779181783023,0.41050799807496313,-0.695519973722909,-0.7513989570272621,-0.27163377806599115,1.0021800034790012,-0.15542630310347955,-0.1793063876545327,0.3997126446265715,1.310329898474786,-0.09087451032846251,0.7629998665441267,1.2064331064446074,0.02128611078267628,-0.39945333577622144,1.187886644340653,-0.6962215252453772,-0.23725126980893874,-0.1703653628054585,1.090430336308242,0.931844579035568,1.2101887301763496,1.963109247400471,1.9759969101229289,-0.06263862856188611,0.5057395560386435,1.5654739475478228,-0.056498144461263514,-0.30308269324723736,0.9077629104534036,0.14697485301831328,0.414003649531518
1600,-0.39787607381601975,1.4392098354870058,-0.46795198672692645,0.6101174188057489,-0.08935080909490574,-0.6799185145508959,0.3968425150545229,1.7084001914275675,0.4781667041899756,0.03827515312252302,0.8535448706966263,-0.2362246858108315,0.408569911197725,-0.6972488154817652,-0.7539488852502175,-0.26365595289290794,0.9934131772197261,-0.15469564801194538,-0.19106963894032053,0.41734058022642284,1.3321408173884548,-0.09507415905657743,0.7388390051720575,1.213660766393018,0.01484099059321714,-0.39855218796432734,1.1827539890156615,-0.679461330009719,-0.2359915365975443,-0.17002505162681417,1.090293994141068,0.9451074029018327,1.2068960782771314,1.967581287642022,1.9599953177253506,-0.05360671561032487,0.5127322245190588,1.527458039681311,-0.047360709852774976,-0.29634636921482044,0.8773954166289966,0.13419294793703537,0.41687098604640854
1605,-0.39843147882842295,1.445408554229842,-0.4661617271212099,0.612736125897791,-0.08952708673633485,-0.6727860177298465,0.4048435686873211,1.678050141133544,0.4663426426985596,0.030713961574419402,0.8333915264523009,-0.2446164490264943,0.40642704799506457,-0.6976421406859351,-0.7563075688564513,-0.25624075296565096,0.9894584687948506,-0.14831516901129463,-0.20291936601979646,0.44579138863231793,1.341134605641364,-0.10200168158450351,0.7236974651449105,1.226441788100794,-0.00415470404299863,-0.38509270601849266,1.170576840452434,-0.6739261938832646,-0.22817025410171263,-0.17428676110571725,1.0868200310581575,0.9532833729131519,1.2050177744254713,1.9714088333629827,1.940504591788049,-0.04813694180611543,0.5280190541441663,1.4874841277096336,-0.047745220892657876,-0.2871739067407046,0.8543495891181145,0.131386692395055,0.41772998773863346
1606,-0.3943532843600708,1.4317923920695914,-0.4637088150728881,0.6123464259549091,-0.09593600700807983,-0.6693264191413004,0.4096709433424329,1.6861733882326444,0.44104633323423115,0.03521632210627281,0.8413878729178688,-0.24766003551850535,0.40358949535518884,-0.7009666155174222,-0.7584893511922176,-0.2575063184064633,0.9937890836352369,-0.13619628251368565,-0.2138803635683117,0.47336888526502374,1.3229576855978096,-0.09742865293620244,0.7623566224904271,1.243630310721012,-0.028654812436121696,-0.36293780233823,1.163929661528593,-0.6947903610204329,-0.22062172390593043,-0.18467268445557192,1.0767892841251965,0.9503132966697878,1.2125254737244782,1.9705544838221019,1.9229521664626126,-0.045054967936224696,0.542109583403834,1.46350818153998,-0.06342723963289579,-0.2715661198731822,0.8603931110332185,0.14970016297767694,0.41452195661902114
1610,-0.396498171430799,1.4333685139374963,-0.460042085767698,0.6156408687049633,-0.08233381950413234,-0.660194922159956,0.4223151994663093,1.6989309467766702,0.42765536307426955,0.03331069313412592,0.8747886948064725,-0.2310196158815012,0.3989896996566332,-0.7071361524595481,-0.7591930093850652,-0.2605309642528196,0.9973242753583668,-0.121729803070288,-0.22401928630068832,0.4916192134690467,1.2597459723281879,-0.10378851216314398,0.8817378938337702,1.261731766887807,-0.060445087588256216,-0.3186798806827707,1.1534800781563992,-0.6944760916936266,-0.2217823894713249,-0.1968513391672655,1.0633130250517455,0.975964861612806,1.203295429639247,1.9813339852008212,1.9065019767404843,-0.04877031931883525,0.5454371709028171,1.4434756381554725,-0.06822036721708429,-0.25331051255781123,0.8634802631392701,0.1696249294803548,0.4108919569787859
1611,-0.4078498527681445,1.4515248284312214,-0.4579214794401537,0.6275487465721313,-0.03670433436197075,-0.6391470240844224,0.4430874000903414,1.6909661593598566,0.45611714034003165,0.013071166345888067,0.9220814979191143,-0.19606912407875077,0.39321416974029955,-0.7108423364523314,-0.7563702471720337,-0.2588452936802737,1.0009087895165758,-0.11616525059549855,-0.2333977898281367,0.5155097759029709,1.1523452368424036,-0.1070696272986425,1.0119569268212374,1.264677169742715,-0.051735327022891416,-0.23587403963156292,1.1755871754083438,-0.6736119946613558,-0.2245939923481659,-0.20395156956773966,1.0711371725711463,0.9996268704835738,1.1836004633470907,1.9751534905761035,1.9011429424691182,-0.051446263519290755,0.5279986829066895,1.4350389426036274,-0.044510118142264694,-0.2300075015773851,0.8606213551033495,0.17272150227930866,0.4107397902562244
1615,-0.4200817479937392,1.4649697776775779,-0.45595634197218915,0.6357492139422373,0.0038600399909259142,-0.6154295553281037,0.4658910811463861,1.6999756684107006,0.46028392161622,-0.006339367109537254,0.9777988425707886,-0.15870105980721544,0.387348526212035,-0.7120659412694658,-0.7487546198402664,-0.2675545402152322,1.0043806303028326,-0.08971518512564165,-0.24207290559102643,0.5353467210621838,1.0066687034877935,-0.07919087724082549,1.1324095323346448,1.2559386156081886,0.0036877628609505754,-0.1592786366591957,1.2052281372527183,-0.6483358481252463,-0.22624560428861284,-0.21472587750117483,1.0658893634626534,1.0099050494735493,1.1746107698335293,1.9665624536670978,1.900366507383789,-0.05158384812049386,0.5101075861453155,1.434828913184958,-0.03186338641915001,-0.21524071692232516,0.8701078240505115,0.18035769457508832,0.40980942685360516
1616,-0.43961615182345004,1.4795113227950716,-0.4518348107072933,0.635061761490091,0.03213661912959301,-0.594429034937996,0.4922579803585769,1.7367426497533909,0.40269730204014975,-0.02869820528745081,1.0463026607983048,-0.11576755641963722,0.38226079769108007,-0.7152696455136841,-0.7441156447454216,-0.2769403746990897,1.0075920830301202,-0.020137372183630913,-0.2500973876716994,0.5161938290608269,0.8563407699077619,-0.01749775899971326,1.2438281924345465,1.232981342968701,0.09965845596955178,-0.08842788890975603,1.2326460269587645,-0.6201011671486092,-0.22721624340455374,-0.2248013866885867,1.0330671224623502,0.9983396448455492,1.1823422451914463,1.9627949893385201,1.901389524250178,-0.04932057821795728,0.5013669947283378,1.451050171707822,-0.04688758225741645,-0.22676932516078493,0.8783619504946129,0.18999436398769404,0.4078572274690065
1619,-0.4544434077066465,1.4925080180136818,-0.44931324577517456,0.633742686204394,0.06452081967043376,-0.5731177190618026,0.515503008341262,1.769725204149867,0.3671014985503689,-0.03674605081354542,1.1146984730234635,-0.07676316040707615,0.3784330941522144,-0.7150427931492601,-0.7425621258769012,-0.285622271596658,1.0105626768028613,0.05096249239523497,-0.257520033596322,0.4780850019821508,0.7208788471406842,0.05082381798803963,1.3468904530269554,1.1926644758781817,0.20999407177183538,-0.022890947241524327,1.258007574936857,-0.5669581009376065,-0.2351756804235243,-0.2341212326869427,1.0108840961923544,1.0143652463859516,1.180017345024255,1.9616748816962408,1.8995212037832927,-0.05240011147501455,0.494669835480547,1.471325433775758,-0.03980521764279342,-0.2367017399937204,0.8905790731119146,0.1986842057333516,0.40622464524040863
1620,-0.4520761869646413,1.4926835579037632,-0.4495114435828962,0.6323981709109694,0.08748671082252694,-0.5587345096435267,0.5293716809495229,1.8158734208369958,0.3683607341795705,-0.021620038927934057,1.1779939540758573,-0.04790173290022356,0.3747620822301079,-0.708156604233047,-0.7457748164361336,-0.2936530262269086,1.0133104760426466,0.09363323657979296,-0.2643859810765979,0.45150717661409967,0.6262924730863361,0.09510146068773107,1.442223044074934,1.128710076351181,0.3120545163889477,0.037730723801589997,1.2814670068165928,-0.475470045372723,-0.25762209704386224,-0.24221264385719038,0.9948503227763457,1.0807978289476414,1.1627348522488417,2.005093415279913,1.8905170823274684,-0.07055076303580865,0.4994765955555066,1.4839607225252318,-0.0021536753446935487,-0.2377848225451504,0.9289856682763924,0.21214443102540798,0.4052310686780177
1624,-0.4492840556969161,1.4962026259653531,-0.45281710883616266,0.6267873756886526,0.10126285284790866,-0.5482862773352752,0.5443028370275688,1.864982372813207,0.35408983101835756,-0.00776762787072082,1.230109956507096,-0.031045011225934917,0.3695793669143574,-0.7019218206286117,-0.7487465552034236,-0.29583914578098564,1.015852190339448,0.1275094962425945,-0.27073698249585304,0.43561284199550265,0.5683053910534727,0.1401466921228058,1.5304056907943138,1.048395739873195,0.40646042765977664,0.09380576951647075,1.3031669813053486,-0.37328692368340755,-0.2820487929818861,-0.2502266455679011,0.9754381111954209,1.1417274893204017,1.1415465447309114,2.05106078415892,1.8763126046733685,-0.10071697187939821,0.5114780841696435,1.4959854204160175,0.022929997716384733,-0.2479741648771256,0.9679089246732785,0.22582895110849477,0.405489744951693
1625,-0.449708240405026,1.5118154571082993,-0.46133605780449305,0.6249708745033435,0.11645189267413913,-0.5341135851210367,0.5572908046112818,1.8873443584051117,0.3340969038898694,-0.00033999953902557386,1.243840107443969,-0.0279468308685935,0.36303391974088506,-0.7003193547196107,-0.751495413563167,-0.28505399967390666,1.006775462449441,0.15486038945017314,-0.257066724758696,0.4447803252586149,0.5254904136772314,0.2103023329854258,1.6119746390097405,0.9629585471310921,0.49378589558529334,0.14567518680273542,1.3221370352779964,-0.28122410612745796,-0.2947659179186827,-0.2576395971503085,0.9639644699816844,1.1990943307130442,1.1031616543597098,2.092995376636684,1.8583653996123695,-0.13510609962631626,0.5022964015985619,1.4960762243859171,0.041486950092226936,-0.2567464208824744,0.974014326108476,0.23575271748729434,0.4067825957745125
1630,-0.44239746219788645,1.5082974100829398,-0.469630004291574,0.6247640372247244,0.1312692875958685,-0.5193292000409087,0.568098102364025,1.8896420623335735,0.33011218206778603,0.010584637864209658,1.221626156979571,-0.04247807586791295,0.35410335813779115,-0.7006729161170552,-0.7540381075459295,-0.25615265411755206,0.9930943088369485,0.16850812839376564,-0.22957053372147787,0.4651716119209153,0.5053654052232,0.2669350074234399,1.6874259161090102,0.8804872084018462,0.5745619534163964,0.19365439779253024,1.3199031007522,-0.1923974192212278,-0.29946590771614134,-0.2644965773640354,0.9477432401238822,1.2526363545046126,1.0605141759715533,2.1323700984139324,1.836857143982034,-0.17931927832071015,0.4920237958846877,1.4832289633400313,0.06429855750321034,-0.259659761778205,0.9782301926401049,0.25071045366740924,0.4087142292877229
1631,-0.4289254615881441,1.4767043925537686,-0.4734950314465465,0.6190645628491144,0.15089531046991275,-0.5044200950168757,0.582709224266949,1.8808062370350764,0.3355926641496505,0.022979455220708392,1.194748862914744,-0.05500823493028737,0.3428000158668605,-0.6995591765744801,-0.7563900994799849,-0.23617191414300623,0.9968818167745014,0.1881568146262873,-0.21763973118007215,0.4520498052415841,0.513181839429342,0.3119781218428735,1.7572183474258343,0.8203352851716978,0.6492798069101665,0.23803516795809046,1.3225627697919429,-0.1119582071872875,-0.30467538278795075,-0.2708392840617328,0.9234396080711037,1.30234020058562,1.0403556442232038,2.1687917160578873,1.8199523970746625,-0.2189451504282342,0.48937328854787315,1.4791347808707045,0.0777054638844294,-0.2684456475793695,1.0031928478305665,0.2709757827512969,0.40986737368605397
1634,-0.41471848758345947,1.4563542381654413,-0.4745586720374294,0.6119520129216582,0.1717731047955009,-0.484845057329081,0.6007778330910726,1.8626853572053061,0.33928152495526476,0.0351520343687098,1.1652008715065425,-0.06427435945867199,0.3278397730566454,-0.6959694604822649,-0.758565692018986,-0.21145473192206354,0.9995876084596891,0.20858410027863128,-0.21529600873756635,0.43174695552919096,0.5264814190758954,0.3718028457029272,1.8217763463938967,0.7851591525133927,0.718393821391904,0.27908738036123365,1.3279346982747806,-0.02857491780051165,-0.3018123659756208,-0.2767062877571029,0.9053509283866441,1.3340169022600197,1.0292212065545496,2.18295336586445,1.805163628722996,-0.24581696220481553,0.47373404434679506,1.4705098429954038,0.06945368549443288,-0.2783792691455296,1.01984061673369,0.28743660604038757,0.4106118787015279
1635,-0.40063262209214334,1.4570573474893866,-0.4700375297479623,0.6062174009546211,0.1874186898906465,-0.4605046157357617,0.6207335953092569,1.84940037628987,0.3332665221595292,0.04665965999939881,1.1586843523637584,-0.0714446045787871,0.3120087060534667,-0.6815319618758028,-0.760578115117562,-0.17213545719643816,0.9835610155347482,0.221983245079685,-0.22532875808224886,0.40419575713553246,0.532632635111339,0.4456781928275272,1.8814924954393544,0.7888292894200931,0.7782035393735903,0.3170606768341411,1.3356844943563762,0.05775930542641423,-0.2798097700878272,-0.2821332661753202,0.9051349927450882,1.3086006831140073,1.0288138820761463,2.1545412749883486,1.795797567897198,-0.24118169341920306,0.44136661492120266,1.458320357652893,0.03422634281205898,-0.2779173595694333,1.027173110951943,0.2923783524710486,0.41145360441784357
1639,-0.38507802548856546,1.452874421638653,-0.4640881055187265,0.599296899623612,0.20667048163371968,-0.43823350194372424,0.6372455852314337,1.8512506588782482,0.3266279217343521,0.06600404677830812,1.1648320262638843,-0.07855671054020998,0.2993231748376709,-0.6654481097100373,-0.7624396064837448,-0.163848010962757,0.9611725770430961,0.2615598850742646,-0.23460905122608017,0.3560662694348072,0.5484380304582124,0.5046507437665475,1.9367299333064028,0.8054022233910455,0.8021654725394981,0.344025423834831,1.3494013933098357,0.17001099238256645,-0.2630152165476508,-0.2624297766334156,0.9385308409579713,1.2442086166890218,1.0244591326816521,2.0450739646301375,1.7898576782806732,-0.2120101300775408,0.3745651529982352,1.4402925920564245,-0.010849419678329123,-0.27412319393127355,1.0275309977253686,0.2947635243979408,0.412312389890142
1640,-0.36682060011453715,1.450781208576218,-0.46087000254912325,0.5905761669772428,0.245080983054552,-0.4119478153040649,0.649194963173383,1.8753075686321268,0.29579342035464745,0.0933103392423417,1.1536983902982458,-0.09772738963398968,0.2913565529217496,-0.6586081408152914,-0.764161485997464,-0.18101183514055022,0.9324765539369456,0.32048289369369465,-0.24005790207884295,0.3157562276329405,0.5964529094359103,0.49125590810849284,1.9878245633334228,0.8047472014191507,0.8572572568190466,0.37703501826253627,1.3559088215780204,0.27507016795387396,-0.26613932372044535,-0.2102712717888523,1.0127222992040843,1.198165784557646,0.9852794370343122,1.891693417282877,1.7754583647185127,-0.17101561144608796,0.2875679165233675,1.3909418280561,-0.04691821153216629,-0.28289501609363443,0.9981826381601807,0.30179699035518615,0.41333559626776056
1642,-0.3521463272450063,1.4419920445598644,-0.4607659073141607,0.5765482472620034,0.27705997630154106,-0.3851083553159369,0.6652228519652307,1.9145747813858063,0.25601543238028673,0.12432980301166902,1.1427369578167292,-0.12839948179188362,0.2848183730190791,-0.6422166930429296,-0.7657542245476541,-0.19688837250500896,0.9078241897030151,0.3749866766666675,-0.24659856093693086,0.2764628003502073,0.6578948886534997,0.41725207507318185,2.031598651464458,0.7951939422269434,0.9067864029319129,0.40744508049885825,1.3537452103005216,0.37224990535733343,-0.26461107849070753,-0.14083226241568908,1.076048007664161,1.2166447378069132,0.9377736362422425,1.749816410986661,1.7589339689891246,-0.126465562689165,0.20709547278411494,1.3595387445144744,-0.0922916710902985,-0.2956618887540108,0.9639556491376113,0.30711634577374586,0.4144728488226014
1643,-0.34081776968613536,1.4008107674913415,-0.4619870598823381,0.5536378621824416,0.2851024615324891,-0.36628019444968,0.6914047462522048,1.951178544970739,0.23786316374060468,0.15943164121827366,1.1210296083448958,-0.18118105839031903,0.27740243763235517,-0.6294284582079508,-0.7672275077065801,-0.2115741695671333,0.9063201098130945,0.42540267591666747,-0.25428361886666107,0.23282405356758207,0.7095222824905452,0.303535014681018,2.0114979996003854,0.7791293522870609,0.942006543366865,0.43579154946144383,1.3459763572293084,0.4351686383430146,-0.23423526254959973,-0.12203934057412993,1.0910496114782804,1.3220800809782594,0.9015657997859344,1.6185801801626611,1.7429311180491456,-0.09620323560171218,0.13265846232530631,1.3706999906435386,-0.1459928606973036,-0.3044085361506695,0.9603894340597255,0.3126211239314836,0.41599695344483645
1645,-0.328384752614184,1.3512392743244777,-0.4684055624199878,0.5317633445728944,0.29105586992131516,-0.35095024020906074,0.7136863140415388,1.9804974509202051,0.23936926056858499,0.18229277214858167,1.0978808242692282,-0.22990311921277828,0.27048868828025874,-0.618556039417706,-0.7685902946285865,-0.22515853184959833,0.9060843267769908,0.46852737612947787,-0.2613922974516614,0.11705874613375684,0.7589781049548107,0.24926517352369554,1.8649238212914456,0.8003186835340796,0.9891660526143502,0.44287566689734714,1.3234058384203249,0.4618172849060633,-0.2050472796558374,-0.11790607311097992,1.099163805466045,1.4262308907859795,0.8748586085290283,1.4971866666504614,1.731170414640642,-0.0780483731171155,0.06380422765090835,1.3955351548909916,-0.20707302871156993,-0.30313386634758055,0.9600433114506488,0.3130959967374967,0.4184874673033179
1646,-0.32188371375970803,1.297129746803065,-0.49095200927846405,0.5158804339430823,0.2992723980528503,-0.33129606658637406,0.7311267509144979,2.0172796843132743,0.2603516214775306,0.19482919652130626,1.1055103154003159,-0.24354185519850488,0.2666140333941536,-0.5896137808781144,-0.7698508725314427,-0.20188111452617283,0.8785154023976506,0.45852466854171536,-0.26796782514278683,-0.11519663215091873,0.8175828822918394,0.31539378870422724,1.7250545346945871,0.8979720231102699,0.966648955622885,0.35075514188004603,1.2821980106661994,0.5241428980387982,-0.20519269616442237,-0.07488706984448916,1.1222041172941932,1.4520620256691248,0.8524541483117137,1.384897666651677,1.7276061539605219,-0.06994998929267061,0.010633698974514674,1.449256864059067,-0.2700823015832022,-0.3034964525982313,0.9573277534465537,0.3083306644279953,0.4199629811839404
1651,-0.3121891160580722,1.265529185838029,-0.5044250091326181,0.49920657564834814,0.30173098716491353,-0.3155111712984446,0.7484677060500475,2.049336661633656,0.28413080438871197,0.19862700251497517,1.1221110844775646,-0.25184171969734515,0.26115562599656006,-0.5770650847985288,-0.7710169070915845,-0.1830565176258115,0.883351550702803,0.4187768216349789,-0.2740501882570778,-0.27324274506666074,0.8833114629682687,0.29162045541243925,1.5956754445924932,1.0117373921505886,0.8087476789477982,0.26554365623904264,1.233142587077502,0.5844169356481443,-0.20326534544719074,-0.05387819886500717,1.1283251364833462,1.4490952814573441,0.847606988947014,1.2878485299605658,1.7254310800884074,-0.06031793753604235,-0.020775343581024446,1.492282004443727,-0.328365878989462,-0.28290898594430414,0.9596317086151682,0.2951227434805607,0.4227653403446758
1652,-0.30608707835013754,1.3076290917265017,-0.4895154596047202,0.4872656166466119,0.31213229338769055,-0.3026114852382024,0.757345323653924,2.0476084749493277,0.2646651930462518,0.17504295408224232,1.1134255992560893,-0.2842506351571822,0.24808714993746517,-0.5891765259293592,-0.7191622649518212,-0.1987797038038756,0.8956401844000926,0.436051159927656,-0.2696124020468309,-0.1747515707622604,0.9118702186950631,0.18067884869801856,1.4759997862480563,1.0607021098222753,0.7026278569309085,0.19858813494243038,1.244200274274887,0.5732549076363564,-0.16042440186879514,-0.06984882640472992,1.1108069557492444,1.4578983351663175,0.8616061782132819,1.1912598902135234,1.7180052156581977,-0.035418772259893344,-0.07241880067464099,1.4622480311453492,-0.342687076716294,-0.24446516731700635,0.9394612348735947,0.2617362267676383,0.43262535067708346
1654,-0.30581754909665854,1.3417689479732633,-0.4819460010349985,0.48165565780427555,0.3164305968952532,-0.29246967868968493,0.7631126992134233,2.0378432643642954,0.25100279882579474,0.16087075914085805,1.1042377500817933,-0.31799175117967304,0.2315869175848284,-0.5856365398303721,-0.6855201492756302,-0.21100497542585128,0.9070071705700856,0.4494341912754025,-0.2755714218933186,-0.06252504612494472,0.8756124780807484,0.13609815971866532,1.365299802279452,1.1135750478753366,0.6589744865092678,0.14082837471970483,1.2686952537042704,0.5429330829407939,-0.10469799142907593,-0.06683951245748461,1.1117312016666279,1.4396250417867915,0.8622350213831774,1.1019153984475092,1.706625495331679,-0.007103893600796735,-0.11689105861847676,1.4179206043887782,-0.3543635130859746,-0.22282385310754216,0.8960935107657176,0.2254031451813681,0.44607885392433144
1655,-0.3014688045244884,1.3342627197177261,-0.4815881688790821,0.47473374395336143,0.3066434843988558,-0.29368530662584413,0.7709387696178192,2.0308607303314816,0.2606640137844572,0.1691618284123898,1.0977264318068298,-0.33425727532861466,0.2170390973106974,-0.5843751303844001,-0.6883629273268316,-0.2051442337509272,0.9154331455745213,0.4213545665934869,-0.2810835152513197,-0.09851070090007247,0.7998139357511931,0.18710629939457613,1.262902317108493,1.2011238839463798,0.5829687567869154,0.07136139661572698,1.2913531096764503,0.5625539814345027,-0.06907091118493776,-0.05875600291397283,1.1318376541542268,1.3529644010716164,0.8553783056049582,1.0192717435639462,1.6999169980484379,0.0039036002691336686,-0.1259941382952332,1.3941098167205546,-0.38552676734704666,-0.21239444804677685,0.8628951789788656,0.20741992227994316,0.4573626252402485
1657,-0.29958329088335217,1.3407849087137076,-0.47445539525416197,0.47017436191289724,0.29953011494210824,-0.29552794082489325,0.775809909600519,2.0146139298895562,0.25529731180327675,0.1806130959265695,1.0739496597505258,-0.3533443954369608,0.20012165860685543,-0.5871598830178023,-0.6760832497226316,-0.2089572564974468,0.925315659656432,0.414977044548345,-0.28618220160747077,-0.041114239623410195,0.7691106791671712,0.22462127677114718,1.1681846433253558,1.2396027627661983,0.5779579786406464,0.044322296798634274,1.3123116264507169,0.5381598742037783,-0.023560284248161763,-0.05892323677859511,1.1561541729053164,1.2739966089393766,0.8554766176771393,0.9428263627966503,1.6936767375302142,0.011614278879884846,-0.12496603007319743,1.3549194907085151,-0.4036712405867104,-0.20861379347831205,0.8265741415687337,0.20011782368609735,0.47109619999764374
1658,-0.2977043340571665,1.3394637082574692,-0.4702889123162311,0.463939099235436,0.30134981522611826,-0.2862612836534453,0.7823063840624581,2.008053978395894,0.2438952131676695,0.19343389655603846,1.0531202321541229,-0.36299274469775406,0.18032383539797112,-0.5856444470976376,-0.6624247897113216,-0.21297803345652877,0.9344569851821998,0.41726587011149674,-0.2868020601464971,0.01957466269656316,0.7662199361914416,0.2282548874193248,1.1641626978067694,1.258716399358854,0.5993408315469406,0.05987225336369244,1.3316982544669131,0.4911376099236422,0.014895576754502598,-0.06627466907727567,1.176539341519216,1.2517539039378716,0.8603472524989554,0.8849182994711603,1.6858291411428463,0.022247291450514475,-0.10632432418923927,1.3316102501354605,-0.42322720865636093,-0.20770772622546274,0.7962475577889939,0.20289078898202223,0.48336681682255234
1663,-0.29174661765815374,1.3150105700541368,-0.46978802652297247,0.45716805061521953,0.300037088471183,-0.28005411444107425,0.7890150898576285,1.9999137768000261,0.24743303847538872,0.21558363394064037,1.0364996513360416,-0.3603675271396891,0.16226100676410285,-0.5875321435163827,-0.6633690231046588,-0.20484369740958103,0.9429127112935349,0.4032371447315091,-0.29147185563550976,0.015080534297271858,0.7508440158924514,0.23249578178854022,1.089632783619299,1.2834903617722995,0.6001733760789633,0.05757673951940935,1.3496308853818946,0.46306998044725745,0.03561094364040544,-0.07976786922592534,1.191159327832192,1.239602640782531,0.8704829270845328,0.8707982165190793,1.6804103166156794,0.029313959281069057,-0.08276546836156103,1.3169614340367048,-0.44142782228866506,-0.20429242627682181,0.7716925961219557,0.20789226151364457,0.49284056318150243
1664,-0.28742464972939696,1.2871495173930554,-0.47113239463768997,0.4555888623115903,0.2962059578652449,-0.27656952014826974,0.7925970726590651,1.9815579820504277,0.2637937131397474,0.24246181368073522,1.0241042488988976,-0.35754940140657937,0.14823642303262627,-0.5888804610598185,-0.6706514972281109,-0.18540005136852994,0.9507342579465199,0.4026397101637341,-0.2957914164628465,-0.031451177966712374,0.7638744199543448,0.20969053214714833,1.0079103248478514,1.3208538703127926,0.5971448353924239,0.02951873324592958,1.3662185689782524,0.4446536526984087,0.04306552067621715,-0.09273420311407969,1.19878578132164,1.2438640434307808,0.8817426827308601,0.8604716477289831,1.6768715448007765,0.034011476265436096,-0.06477992875198202,1.2856358168611153,-0.4343748063006591,-0.2084265713130397,0.7461311678956238,0.19955818032532918,0.5013950365123212
1666,-0.2825180792396763,1.277891910014714,-0.47007965275362845,0.45665297103776775,0.2947485355425726,-0.26929417382217874,0.7950295672384259,1.9549848236954652,0.27210335094025634,0.25589826975030205,1.0162199494768687,-0.3490838144202111,0.13203515985644204,-0.5890199224791416,-0.671447618406403,-0.16330451386263997,0.957969188600531,0.4067556750908782,-0.29889782402362464,-0.03126916517585078,0.7715064625058206,0.16557991375992376,0.9328329828314615,1.3531398864001152,0.6043439640960628,0.022676847519110848,1.3815621763048838,0.4178217152673936,0.04865378979973428,-0.10107018389029929,1.2106305736859537,1.2513938214565987,0.8935146392628459,0.8505869546136715,1.6747440343479219,0.03845284447089648,-0.05019290511324189,1.250463017921157,-0.4226544706643966,-0.21152606162810217,0.717490865649593,0.18503334573826963,0.5115952046280109
1667,-0.2781210666538544,1.3035310228865225,-0.46571167564200444,0.4543958665336916,0.2969892303952137,-0.263687637244903,0.7973647994930267,1.9378195609807336,0.26183673451329464,0.2544037549966073,1.0188957428779837,-0.33528867058213896,0.11762706569094873,-0.591793854097921,-0.6613505587477522,-0.1541048237382351,0.9646614994554913,0.4032722666193437,-0.29351037845035083,0.017297854542943816,0.7619046492413779,0.12545768082928954,0.9650464733340298,1.3580856495782712,0.6261784813156571,0.06212169584974236,1.3957550130820173,0.4055886694823093,0.05337798314978442,-0.09709751366176834,1.2337020123002713,1.2495087573837425,0.898683367305066,0.8407944369465034,1.6762343382304772,0.0378287739143867,-0.05049196700427814,1.2333644903351355,-0.42368449570342065,-0.21315523315130874,0.6977866858628834,0.17856775587090204,0.5219919028970148
1670,-0.27405064853385697,1.3169751463765604,-0.4642046903436686,0.4513014083328557,0.30009977928047765,-0.2581644937455347,0.7997613740871095,1.9259119969416558,0.25548940904304335,0.25523435552901474,1.0274515095044063,-0.32441991462287395,0.10292825272955687,-0.59309083815937,-0.6594075218778223,-0.1490242318191515,0.9708518869963293,0.390268598850307,-0.2968029292616577,0.039779116775639445,0.7562639059401804,0.09183386311792449,0.9833657125833171,1.3666715400080072,0.6459805374324148,0.1030229751351571,1.4088833871008664,0.4021308798024099,0.059404674699143005,-0.09196558772990318,1.2573466650684808,1.2517040473020253,0.9060919466416888,0.8259934274957356,1.6783609422387136,0.03671160812755614,-0.054624989384535694,1.2225519054627332,-0.4251342043354317,-0.21650415623298452,0.6830962826831498,0.17286287765880956,0.5342803552002735
1671,-0.2673064367751992,1.2928886294730426,-0.46647678090154,0.4461795586451879,0.3009410513465504,-0.2520672555429521,0.80425144311009,1.919225879745798,0.26570759398756433,0.26148787975318444,1.0355325675539873,-0.32054590268966615,0.08783210687340591,-0.5891292564224736,-0.6676337350219809,-0.14732132190909691,0.972990492412352,0.3574330090102563,-0.3007226595670334,0.007877572442117758,0.7328059517004878,0.08623767285591358,0.9096132841395684,1.3987804372293118,0.6413513161847435,0.09799603432148953,1.4210271330683015,0.3837587470302509,0.07325473092841445,-0.09490532379013428,1.2689590665087729,1.2571723035819735,0.9203049697077887,0.825042407464141,1.6773093674386452,0.0387568654867982,-0.04147249993849518,1.2210615913357241,-0.440439915892372,-0.21319271437637827,0.6719625981638656,0.17003090597543027,0.5441048041538828
1675,-0.2630494608325739,1.2872922191918126,-0.4647899678075881,0.4411407542580998,0.30317847597746633,-0.24784929555001545,0.8074951227914239,1.910716193024786,0.2691460094262549,0.26517811628265464,1.0305955494743904,-0.3172130445954641,0.0695793123887573,-0.5848655486293883,-0.6700060344212488,-0.15267061215720834,0.9785562054814256,0.32396532531966504,-0.30434841009950586,0.014009903491971148,0.7202404963569604,0.08724191157229776,0.848582352417302,1.4250199200463118,0.6339446743376084,0.10981872626030664,1.4322600980881788,0.3468981853093897,0.09159556868117222,-0.09559729791311015,1.2838485009624252,1.2574486244155192,0.9373712772353319,0.8246343303233648,1.6760813563451098,0.04022503103608369,-0.021227585130910262,1.2180714033055822,-0.449737739626886,-0.20452556138465425,0.6586983325965156,0.17046331074860835,0.5534843728545279
1676,-0.26622456881214246,1.3047963055063314,-0.45983315418731174,0.4383449299282513,0.307256359831549,-0.2455570790122153,0.8081763252510252,1.8983801649300616,0.2648463034117356,0.2771085581593688,1.0002138056367385,-0.31202547362366656,0.054852490351316625,-0.5860118650403974,-0.6590033361793797,-0.1451772776456808,0.9837044900703186,0.3330988124459255,-0.29565838382625637,0.03519300930313015,0.7364574521836774,0.05645180262674854,0.8755145114320376,1.4341449825854347,0.6442841184522937,0.15059406868311231,1.4426505907315657,0.31114619330993476,0.09776800626715476,-0.09600436657320649,1.298986345997856,1.2790316713051388,0.9485446381097191,0.8165155245548713,1.6763832741401228,0.04220962749655652,-0.007482282894588861,1.2036531735143332,-0.4304292128530077,-0.2056851748747748,0.641587328941456,0.16903255295145972,0.559371329300377
1679,-0.2670821764075331,1.310604991566795,-0.4567786029890892,0.43713990064115554,0.3097685155301613,-0.24357058075371799,0.8084711165186901,1.8884027538720198,0.259516493336415,0.2886078207526047,0.9780371794439655,-0.30611929619603034,0.040116242492466155,-0.5896752553365316,-0.6584281003658349,-0.13202949450928597,0.9884666533150448,0.34629745779566773,-0.2985220578581676,0.037579774583686894,0.7483162392910924,0.02437018749010641,0.8842254892021374,1.45124043465926,0.6483434008732304,0.1835322336499432,1.4522617964266984,0.28494387303943347,0.09639231046324327,-0.09810655037335053,1.3118958460327832,1.2974117916461134,0.9623834859233595,0.8138910164918962,1.67701239489689,0.04637651706384353,0.009676781237977463,1.18643968184827,-0.42304492762647494,-0.2103686774043074,0.6274183347027632,0.168939477198697,0.5641975060460647
1680,-0.26267441549125803,1.3166665725187847,-0.45538697920347476,0.43737570526416447,0.31029846569578534,-0.24302987745630233,0.8083030578286159,1.8931914812790487,0.24686425765030132,0.28410049847809127,0.9973398853645563,-0.30452815854454685,0.026709345158700527,-0.58826174565306,-0.6622597960132369,-0.1416808047827436,0.9883014986274568,0.33426260145312164,-0.302312853518805,0.04068971374711735,0.7379802964156942,0.02441347061343701,0.876419254182298,1.4727187255572924,0.649913356466829,0.2100260400044079,1.4611521616946959,0.28126793331006006,0.0945089379793252,-0.09412635073344,1.3256948605121333,1.2788439378688183,0.9797707524809943,0.8097213326202007,1.680204892060664,0.04879834323892118,0.017011227931704776,1.1714847999072417,-0.44669264997841684,-0.21001210764413972,0.6264197058644032,0.17340466797500811,0.5733333007028721
1684,-0.26052504441249397,1.3192925608561021,-0.4534585888955654,0.4370489630347357,0.3101418205994703,-0.24314667623285646,0.8085047611872316,1.9031744698914141,0.23936340199270664,0.2829223275674181,1.0207234995294172,-0.30412066741265154,0.015975381404461315,-0.5826914595463686,-0.6593874735079395,-0.15665613875563278,0.9846207368582495,0.323637596720556,-0.30581933950489465,0.04441650592763277,0.741503954029686,0.02350457566477831,0.8831232558722438,1.4916698310883905,0.6562684644237499,0.24314468523527946,1.4693757495675939,0.2851581325326743,0.09357873257432262,-0.09488509857231034,1.342969758998133,1.2567943375923722,0.9957454860700733,0.8016424009285547,1.6861332663716566,0.05023726764859332,0.01348641004659317,1.1608157312845164,-0.4578232770490161,-0.21151006007412884,0.628481042403424,0.17922990045321976,0.5848046534956266
1685,-0.2593332555173845,1.2971532930616625,-0.45112516099797156,0.43302354847561814,0.3085007261638479,-0.2436958595436115,0.8111289887947926,1.9091643046368223,0.24771810778431663,0.2990336316867995,1.033345400131308,-0.2964532505122527,0.009328213064882046,-0.5804927607077114,-0.6631904058946299,-0.15858659408744466,0.9893141815938806,0.31643705895634394,-0.30906283904202747,0.026964165052430173,0.7422333074270605,0.019925861974052245,0.8738602027988807,1.5137093324561002,0.6622681024454783,0.2663108021169665,1.4769825683500244,0.2836840702448011,0.09713630337889133,-0.10925678139173418,1.3632808120953337,1.2461985486331228,1.005741725615,0.8069654882024897,1.6927250478853977,0.05222606500788771,0.010114466201236724,1.1668061635969944,-0.4521442960524667,-0.2181593114376834,0.6305040564621152,0.1871483414792216,0.5919625428331294
1688,-0.25749894472392043,1.2885525893248362,-0.4519692388541397,0.43236846879048785,0.3072437649075286,-0.24336954854416212,0.8120529779285505,1.916502161885932,0.2562567588152778,0.31066373594738145,1.0526942756524944,-0.28881097966847935,0.004626196391126896,-0.578660503607548,-0.6683876067017711,-0.1605283918999848,0.99230289248812,0.3014700596206487,-0.31206307611387546,0.009673642801055182,0.7337949860853589,0.027176393747569395,0.8362810471875557,1.5420393285453382,0.6610727854192096,0.2805507401461507,1.4840188757237724,0.28051771038044865,0.10470865432446247,-0.11455291882665437,1.3855817383105338,1.2258879914738992,1.019095956829806,0.8100493287689695,1.6994154561292694,0.053565598500698156,0.004280300599772921,1.1698960846453816,-0.4563407939036692,-0.22563234186347117,0.6347010961375082,0.19104791637450397,0.5995345563358049
1689,-0.25915309260678965,1.315510617929991,-0.4580334618649987,0.44092663740386967,0.30813534865152536,-0.23936217575353844,0.808295772695646,1.9195109356423958,0.2641770303380543,0.3080574968195574,1.0652934594977115,-0.28886592814067125,0.0015008803048937795,-0.5710330796825479,-0.6627537029257041,-0.16120751425663535,0.9789596051007181,0.29066466416118875,-0.3148382954053348,0.0035533716133877118,0.730800715658494,0.03746133729848813,0.776178056180134,1.5705132622286768,0.6421550035082028,0.2823249847318427,1.4875311155309818,0.2711330865967174,0.11245369516211343,-0.09714344319624363,1.4004603039800365,1.2074933609521679,1.0379451566143165,0.7914711933647268,1.7011184234869523,0.050956951125140974,0.002764545758634501,1.1533379378873327,-0.4602714587456986,-0.22910497203344019,0.6335700239790829,0.18384047355644223,0.6085034162888792
1691,-0.26038462338797363,1.328796745491083,-0.4611860997740325,0.4466870069081912,0.30634463116709104,-0.23491033912836318,0.8071188372136396,1.9136130982434727,0.27447156216522334,0.30705138863333303,1.0678689023009815,-0.28736236489833894,-0.0020185084516195877,-0.5624898534766462,-0.6589374360255568,-0.1570404705483944,0.9721337793258197,0.28229066891946575,-0.3174053732499347,0.0003266762818384208,0.7271906536008932,0.049972224036727526,0.7183905396816851,1.6000815726465238,0.6102942843780489,0.2832084556937391,1.485446269286381,0.25065142084304115,0.1204823251854204,-0.0885126720931251,1.4142656489527372,1.194179786444825,1.0590108143470287,0.7724538245491003,1.6994791947075258,0.04507085371228596,0.009500527256893564,1.1368992683982133,-0.4560733853135689,-0.23081419559699187,0.6292676138898544,0.17853920476093815,0.6169360519404088
1692,-0.25834849649634833,1.3194743511605185,-0.45686656775163187,0.443959868838032,0.3017249886061169,-0.23502451749895165,0.8103240970663165,1.908465516508017,0.2750379893131544,0.3106745449312416,1.0663894827810085,-0.2817182089568623,-0.008612478860324006,-0.5593224016389586,-0.6570592797547617,-0.15740884068245126,0.9768487104768115,0.274132230124127,-0.31977992025618956,0.002767937700407135,0.7274650345383622,0.06305163479780816,0.6972506893311124,1.6195611043896638,0.589531383946334,0.30512253239025505,1.4918477990899022,0.22503116685110572,0.12712647484738682,-0.10446901292258579,1.4295074817089155,1.1865203164450027,1.0755472912173498,0.7680254118136506,1.699444982243279,0.041178180465067056,0.015299461284679182,1.1338037714067752,-0.4528707662300277,-0.23209729408583715,0.6316589866190655,0.18605302944713084,0.6226513551068091
1695,-0.25785726292391614,1.3163623674047462,-0.4545505089987312,0.44208451151044204,0.29876356170925406,-0.23569695309480865,0.8122490782876877,1.9042748955044757,0.2713564928663592,0.3104206511607115,1.059746239211244,-0.27709674793626915,-0.017328377021646975,-0.5566258510224539,-0.6549479321928201,-0.1601543542708344,0.979752618015444,0.2690670185268714,-0.3219763762369754,0.0033306154883715132,0.7321769440023547,0.07176289989628427,0.6890287433829385,1.6363961494368413,0.5703959496403243,0.3343503602694238,1.4977692141581596,0.20105363823485392,0.12989156272150137,-0.11573541144931346,1.4461250568333635,1.1856427048583744,1.0944005680005613,0.7663730387293306,1.6993973904291844,0.03948542930672371,0.0237527809254689,1.1311897517383296,-0.4569604893034524,-0.23588477939458238,0.6334591281718229,0.19456560454065108,0.6280127602074441
1696,-0.25924703114264963,1.3075850789959156,-0.4554072180500586,0.44056836879866407,0.29735321661762076,-0.23636394820033374,0.813395759131057,1.899756844127677,0.2677995767168744,0.30211001166242857,1.0523037370569852,-0.2712219037406942,-0.025089627912419633,-0.5534380957980011,-0.6562097476824736,-0.16333944555964158,0.9818404616725837,0.2640133615549273,-0.32400809801920216,0.004514228100606693,0.7309329734216881,0.0755615300900525,0.6674324245164452,1.6549086246498317,0.5517591280568952,0.36426356563854434,1.5032465230962975,0.18588289000303013,0.12857398422264948,-0.1172792519664341,1.4608783166071106,1.182433399886077,1.1175691871143985,0.7699711037241438,1.699393004212495,0.03945202995053704,0.038584538903703794,1.131925258293768,-0.47130346139157997,-0.24490118389041413,0.6324959872714129,0.20249538161831496,0.6349539873751597
1700,-0.25927878996190495,1.3034048697515008,-0.4544149010829215,0.43831558569392315,0.29911231524727444,-0.23496550969387034,0.8143724451745085,1.896514552065632,0.266073911725462,0.30034982724835907,1.0520203289406063,-0.2645940498934746,-0.030990575142937557,-0.5534300805460627,-0.6549042447521851,-0.1673216944452351,0.9822960407086063,0.2603236389839685,-0.32588744066776204,0.010726547479350245,0.7357801863807875,0.07513357849072244,0.6703615597844678,1.6713443896305964,0.5420009660477517,0.3958486482156536,1.508313033864075,0.1744560181165104,0.12471471160009288,-0.12083132435037515,1.4778255050244018,1.1791081901857359,1.139873744486626,0.7706342952790945,1.7013809975396532,0.041375167220247165,0.04837856497366151,1.1301520176793918,-0.4750872355479057,-0.24715817468303586,0.6304782871180495,0.20833394461689217,0.6430444649731484
1701,-0.2586264471826843,1.328529473350386,-0.45470732817600157,0.4416528234893678,0.3076799743069595,-0.22620687456104935,0.8118535993734707,1.8934843967489088,0.27463562674516573,0.31389744987461604,1.0657937664700468,-0.26062961266581325,-0.03201178408252617,-0.5558189852038214,-0.6467289710038392,-0.16591628552814297,0.9712234778361059,0.2626160793639545,-0.3220547022779438,0.022186345062228593,0.7460190212700862,0.07425440584725682,0.6945805802204413,1.6850773093631968,0.534893246925688,0.42506484959947954,1.5129995563242695,0.16583211687107083,0.11953941150311954,-0.11463498309465778,1.4956973606778823,1.1753996257864139,1.155997748376511,0.7528644018745172,1.7029619159431355,0.04432633510136322,0.04523296466976036,1.111122774174686,-0.4541776162485671,-0.23244926313590866,0.6234518806438732,0.20142405645742076,0.6487598307832622
1703,-0.25715630877462686,1.3381796558693857,-0.45555371934112393,0.44337875966209894,0.31165669880548785,-0.21721911511607844,0.8118504995369232,1.8859107683579255,0.2778788642881613,0.32099765841872535,1.0713732148369113,-0.2585478069971065,-0.033289538279449055,-0.5543854224758353,-0.6422980975389503,-0.15908759017342902,0.9624939333877932,0.2633074639170307,-0.3237916407707121,0.025087636245556863,0.7536519220698695,0.07152435221502003,0.7043667350647385,1.7056864637481997,0.5236148721243813,0.4506213362441545,1.5173345895999495,0.15907353347552106,0.11164148232735482,-0.11510465452205512,1.5144307695610157,1.1730781743689773,1.174166523138973,0.7334616931726554,1.703943202227237,0.04723876494562464,0.041919201474047464,1.0944651601769646,-0.4436353869845642,-0.21858736827590317,0.6155241118236234,0.19513857086308647,0.6536353229922274
1704,-0.25407315935614716,1.3089256505675901,-0.4534713768709987,0.43642740683129383,0.3044967857275712,-0.21634376104920772,0.8185402880146908,1.881199245330494,0.27022394887922385,0.3136806656355181,1.0520032233449537,-0.25683695824572045,-0.040604226160032196,-0.5486450908746593,-0.6471426335174731,-0.15591155228309916,0.968630564260562,0.25429895305080036,-0.3256872177129087,0.011194063241845523,0.744509385316555,0.06781453546180884,0.6870025754015386,1.7275173903484913,0.5137010067390526,0.466998582401083,1.5187338933371295,0.14711837902253005,0.1047506659226313,-0.13265175543290098,1.519948439075859,1.1844459944481707,1.1871777910743893,0.7299983975815222,1.7047882270483807,0.046644290924094556,0.047130269464003186,1.1058106780990224,-0.4574463842746875,-0.2192851204450297,0.6173071671899004,0.20205688168713049,0.6578386432089391
1706,-0.2516434607279269,1.2940647519993385,-0.45128812042406957,0.4317624902285257,0.3005527653895709,-0.21681083634869122,0.8223394970996618,1.8751412501558553,0.26779728061763586,0.3167956726861471,1.0319903190236486,-0.25347575742265116,-0.049504514138340006,-0.5454403197468879,-0.6507834784477886,-0.15780770306864303,0.9728409471895303,0.24919545450501307,-0.32744062638444055,0.00099944024887133,0.7437839278521575,0.06453678079367661,0.6712128228658875,1.752828027000657,0.5037981577391982,0.48558765862853304,1.5156246404089249,0.1291493815368165,0.09875883885316705,-0.1488828237754334,1.5313361534792584,1.1974095496590524,1.2002358383767537,0.7283404335130143,1.7066255289534422,0.04432787783610089,0.05303154766564068,1.1103965069122612,-0.4641849939294464,-0.21915260507382642,0.6179401296935236,0.20828401627198326,0.6633802235260529
1707,-0.25216945044226974,1.3003283958295033,-0.45027111251911855,0.4323909739715428,0.3025884746978521,-0.21836742245895077,0.8208495169131806,1.8702674040042373,0.2655447952187868,0.330356598604534,1.0314932909519625,-0.24488590538909055,-0.05454733140488414,-0.5466678639230412,-0.6478371499604215,-0.16116969199103479,0.9683562939526246,0.2580483976633053,-0.32813038528933763,-0.003963896996987366,0.7567170148312687,0.0595624285832033,0.6741877586099406,1.7742922242773895,0.4969531644939848,0.5080734342313931,1.5115510877108351,0.11514564015550252,0.09467689806675442,-0.15337174071323711,1.5516932977279154,1.201949430224038,1.2181636103981013,0.7282163402499829,1.7103703849351297,0.04433496509601397,0.05656066641940379,1.09247184440566,-0.463264113040927,-0.2167746147391629,0.6094653669123716,0.2121913578071146,0.6689549651960858
1710,-0.2526653854994349,1.3008006044720273,-0.4486265484019292,0.43090303889447795,0.30235488082160406,-0.2193884473869362,0.8214455589191575,1.8633900717263572,0.26003693606404293,0.3355487112482789,1.0280780954931161,-0.23799386212863888,-0.061222933002646376,-0.5468426534704043,-0.6438093791073791,-0.1619974152282726,0.9674086030435567,0.26807974419856095,-0.32557957571173207,-0.005660930252437088,0.7638170965663807,0.04350848374522795,0.7004927648836355,1.7874008019800922,0.4951828933774067,0.5288727766640385,1.51119816518673,0.1040535889643993,0.09069710302538637,-0.1590134227928756,1.571091773448878,1.2114676288845352,1.2370161296549953,0.7324323878767844,1.715385501969511,0.04499209224667907,0.06146494152351392,1.0840741918016688,-0.4655050315212358,-0.2181490741945591,0.5967923960826935,0.21036605026651392,0.6761228496958523
1711,-0.2532805832065893,1.310682988227082,-0.44727658879194626,0.429277412994608,0.30489211404122185,-0.21377335193104022,0.8228381709013621,1.8533537496732146,0.2603022030121898,0.3317121979413417,1.0249133932915235,-0.23742868052038058,-0.06836554624279885,-0.5457019767350608,-0.6370180178564568,-0.16065779756536933,0.9668535167905868,0.2762913321852044,-0.31295871096397576,0.012732813521757098,0.7591237800254117,0.009276615378527395,0.7784452631520898,1.7851189171076065,0.499705572315768,0.5481121684142355,1.5156683027977251,0.09797366125803803,0.0853024022647563,-0.16191547776735576,1.5924013210300203,1.2261602338079425,1.2498496114597502,0.7360473544974675,1.720441493180266,0.04551612354578045,0.06475709367665122,1.0923795199818416,-0.4587249565670232,-0.21629564576574534,0.5824665521330177,0.18945549055863878,0.6843184859686635
1712,-0.2547696377456256,1.3187693677384107,-0.446925984417873,0.42836095358374165,0.3075332673289962,-0.21066844568915472,0.8231336397704174,1.8536403981507263,0.2624704878340884,0.3322523080774958,1.0275586630485378,-0.23823807942609931,-0.07433461476584582,-0.5454951537311032,-0.636110743056238,-0.15771757178400025,0.9670834380072872,0.28373329017575605,-0.3108865554225916,0.02043006068655803,0.7580896575018802,-0.021404827643298034,0.834415896710961,1.7873042409976316,0.49881810044985014,0.5659086057831677,1.519803180087896,0.09951046324169004,0.0806787667626933,-0.15849109965537897,1.6141716343647297,1.23341348352824,1.262324906946486,0.7320315167047148,1.7261768084406297,0.0460953927612622,0.06520989327938226,1.0910194600774172,-0.4555201549572617,-0.214458106281498,0.5745208347643561,0.1757190617973613,0.6918994495210138
1713,-0.2545989798930679,1.302486154724669,-0.4463616013557523,0.4254675289105255,0.3017021730385359,-0.2163262812316924,0.8253218285463334,1.8686053585510451,0.26544443186864314,0.34260317723497086,1.0248707424832872,-0.2360486170681534,-0.07943710697505488,-0.5434148595535524,-0.6446621051193788,-0.153113852250621,0.9714847215482277,0.28294270261365156,-0.31375001376589723,-0.007217497382479692,0.7509084609462194,-0.013255570632200602,0.7835787570750149,1.8168312234356832,0.4919839833553385,0.5685373418704199,1.5166564743355873,0.0962832697601829,0.08186113960774376,-0.16119448357789787,1.6314152441625562,1.2247846489166676,1.274285099951238,0.7129239825595038,1.732408569444289,0.04356732571798403,0.062053907029613886,1.0746566969231368,-0.47047628192157587,-0.21781915493134785,0.5800321995859524,0.19561504161907717,0.6977799329130119
1717,-0.2530679628151787,1.2850509455912258,-0.44616755110880174,0.4247505521753295,0.29580782920630483,-0.2209159843437041,0.826608023472104,1.8740220887293462,0.2796688009782059,0.35878161284070537,1.0224951685277814,-0.23022281410123918,-0.08358572722087468,-0.5424860615318422,-0.6517516988447163,-0.14896335989699866,0.9763324781777538,0.27154248417874094,-0.316398712733455,-0.028790183121820107,0.740157511171784,0.00829432249060624,0.7254518954728144,1.8530718153831498,0.47978676030676687,0.5509610461458375,1.5180072868242256,0.0902765175980837,0.08227325800774077,-0.16787638330204474,1.6471593926810393,1.1999350742066435,1.2888283410456318,0.7086435192430424,1.740114445476497,0.037348312995607376,0.05938123252449113,1.0639812051935746,-0.47850761111117196,-0.21866125823253815,0.5837814036068005,0.21466864803693841,0.7019700111994076
1718,-0.25118368902726645,1.2698594567795767,-0.4467173436536679,0.4286125377388846,0.29488403991165024,-0.22353522033024897,0.8242370416150469,1.8602402479180014,0.3045480415241921,0.38058834347438075,1.0214593812715986,-0.22273568431028842,-0.08771417179824616,-0.5466622365126527,-0.6570872316089069,-0.1459067481187294,0.9816475423144223,0.2501569959728136,-0.3188487592784459,-0.04820544591469698,0.7203802518808226,0.02701968006026543,0.6792038855267736,1.8806434423493623,0.470616884508061,0.5535582265711259,1.5219667403124084,0.09027017651688075,0.0724763918572923,-0.1775524139970875,1.6626777406926843,1.1659712203360655,1.3105060118547243,0.7543402281875669,1.7506247739705108,0.02787859774873866,0.0591276512395706,1.0653077611395532,-0.4702528684078526,-0.2161539387577388,0.5801214305243134,0.21581288399964232,0.7054731173098586
1721,-0.25041841143203525,1.2568566146570799,-0.44761152927366044,0.43257435181856324,0.2912754185253998,-0.23113624120176746,0.8213489506383516,1.865188982606197,0.33884539017418763,0.4121524678446468,1.0281813367899217,-0.21161594772003955,-0.09180609892937991,-0.5485554311041692,-0.6666773456671821,-0.14151265190185539,0.9845500900559855,0.22029068834242302,-0.3211150523325625,-0.09199750776301106,0.6887345209571344,0.04380567194336153,0.6282635941122654,1.9143504646136766,0.4380862828499547,0.5129993938858053,1.5252005284986,0.09491060824606093,0.05537271062863672,-0.19041593294730594,1.6737039523177046,1.1330848750686011,1.330769898963551,0.8216272398819602,1.7617162064147693,0.014540239048084633,0.058045635941652726,1.0639727061635234,-0.4663295520915828,-0.22152088145941495,0.5851217731991654,0.22377819738633206,0.7029638698679536
1722,-0.25302963112437277,1.2673430856648007,-0.44841015968970416,0.43648553514428085,0.2855161464533187,-0.2421746038105049,0.818115131869276,1.9039660629417614,0.3902653917125091,0.45129478509256016,1.0571915219833805,-0.19543379999634103,-0.09301520044590149,-0.5476440486773624,-0.6755813947421434,-0.1347559446818248,0.9854974115702135,0.18885321607770217,-0.32321137340762024,-0.1307674823140782,0.6511907944356268,0.05246403921037562,0.5811438245538456,1.947761334323067,0.36616307725749003,0.42424815952656414,1.4960707663433341,0.098867466736198,0.031088796007362644,-0.20231468797625796,1.6783038329546787,1.1045576062452265,1.3367722449773738,0.9001512508587397,1.7705146539028829,-0.0021670114521276105,0.06040926438889707,1.060070597055877,-0.46379840069025025,-0.241981265254937,0.5997122416147171,0.23616793320349827,0.6909654059115549
1724,-0.2593038710369567,1.307578621894838,-0.43788470586329103,0.44894206915034257,0.27991495095356594,-0.25925440385473303,0.8080134855691449,1.8779503207474226,0.387471651068272,0.4582613500791509,1.0634944401810502,-0.18898577971649033,-0.09336774616629635,-0.561018017325183,-0.6647132226867519,-0.12861087044912017,0.9901251057024475,0.18524537281017353,-0.32340483067940046,-0.15162428202686326,0.6418911920691079,0.0448633665911807,0.654172651051117,1.9366696989458865,0.3827057292019451,0.45133439756207183,1.501675458867584,0.07497684597423526,0.014709096588203071,-0.2133210363780386,1.641809697976857,1.093113496244151,1.332291300268075,1.0258239486101253,1.7762199975076018,-0.02332913235095486,0.08924080784565469,1.0561786757699558,-0.42357666686600687,-0.26626111968883404,0.5998209817723451,0.23042693491315092,0.6814981166057368
1725,-0.2647132541567767,1.372273382920128,-0.41225472330738183,0.4582246613908135,0.2604872540302125,-0.27947396453294,0.8025402502861242,1.7972212354025787,0.32302399054856146,0.4279909961333006,1.0554270179943046,-0.19634285304814872,-0.09594752528612706,-0.5778465160257942,-0.5837733998790767,-0.14841748016543618,0.9944057227747638,0.21471944937567342,-0.22060946837844542,-0.028873751469687674,0.5975169500828659,0.028102263694810323,0.8014590772472832,1.87854322417826,0.43337344275456613,0.47638916774491646,1.5068597994525155,0.04479704202356579,0.01905552241754779,-0.22350190864968567,1.562007511541957,1.0731394879137062,1.3610243165143905,1.1305581054898348,1.7783998681847564,-0.02492189109492726,0.1203323824141391,1.0406630773632617,-0.397835873203443,-0.2852161644548756,0.5918776460605005,0.21999135220575855,0.6813717856836401
1729,-0.27157500412831653,1.4162342246762645,-0.40247028723135875,0.46969372295073797,0.23673035834273473,-0.3018245802977285,0.7951405327284579,1.742912053857461,0.27944618536645666,0.4184411554162096,1.0463856319824418,-0.200613492247162,-0.096282677410583,-0.5934128773238595,-0.5216025382566492,-0.16673859415302847,0.9983652935666564,0.23283085349990368,-0.13093646607297965,0.14999202733269146,0.551106191964675,-0.014694888115708578,0.937699021478737,1.8011956738792558,0.4692365472502951,0.4995648301640478,1.5116553144935767,0.02185596174168402,0.01930355135089731,-0.23291921550095923,1.4659222829403782,1.06696559834714,1.3970720187982753,1.2383349805962267,1.780081395835186,-0.026089610469381644,0.15471238767115605,1.0212626748599933,-0.3741327358674929,-0.3090985448515881,0.5963114074000918,0.21974792043950978,0.6801035661101945
1730,-0.287416189113954,1.407759418074175,-0.4034188471313558,0.482047842256758,0.21565802792554836,-0.3292772521630684,0.7827502692269139,1.7313070252981562,0.2923625516009328,0.4432652181626147,1.0473110239166572,-0.19056785955933467,-0.09234718948884463,-0.607686920265415,-0.5204667767542018,-0.1492722849799781,1.0020278965491571,0.19606596325470255,-0.12671382422123853,0.1789355214371164,0.4514969372654536,0.008999247203425854,1.0637209698928318,1.741625334188103,0.5369225567461423,0.5210023179017442,1.5107633429848368,0.01822352192041007,0.0017245280456103101,-0.24163022433838727,1.350091447749328,1.0666515017420874,1.4294369227344068,1.3418092320765096,1.7802763971086126,-0.041960467613622036,0.20201380859581936,1.018788776874359,-0.3361299491710624,-0.34053196988632967,0.6130187836254178,0.23247217291304112,0.6747032284538286
1733,-0.2980299831765937,1.4150258739616002,-0.4033517922851087,0.49197496105143473,0.1916827904169805,-0.3614158519440459,0.7685030432730625,1.7181474391439628,0.31418758712229894,0.4609193459888431,1.049964614192755,-0.17745907637213526,-0.08816795000734973,-0.6210152512455088,-0.5234685722303462,-0.1274966551383435,1.0054158043079704,0.13083421213192986,-0.10561260489218538,0.20002707105783563,0.36612371092173907,0.06770567563531135,1.1802912721758694,1.6834948250142072,0.6126767531413335,0.5408319940591135,1.4954613852341452,0.013747829373831382,-0.017108418825342368,-0.24968790751300823,1.2348002686604618,1.0434676970861567,1.456942490568548,1.4375229146957713,1.7795273519293144,-0.06780804540601086,0.24576762295113289,1.0001017677134392,-0.30256896338328193,-0.36426363397794465,0.6414035081326509,0.2483837374048497,0.6691752591993376
1734,-0.3034360768366269,1.4533910274500121,-0.41289516517431374,0.500262563846135,0.18294781932190557,-0.3865199157489839,0.7529075755687743,1.7094284262897896,0.34839910051888107,0.4658218996105188,1.0416298017714058,-0.16874048873756498,-0.08456536871398548,-0.6333439574020956,-0.5283317238304859,-0.13880147888613503,1.0085496189848726,0.09126272802869255,-0.06463380968146216,0.25051055264723815,0.3139666962528333,0.11186933974607899,1.288118801787679,1.6000996782396266,0.6826451993538778,0.5591744445046799,1.4693250122230979,-0.004776290623631095,-0.026153646805019824,-0.25714126444953267,1.1697624549738774,1.009996932014888,1.4462898330642409,1.5260580711185885,1.777954591981786,-0.10998484489159174,0.2862399012297979,0.940410140518242,-0.27253285862147314,-0.3710376285111647,0.671200722744086,0.2624384875412885,0.667405326184373
1737,-0.31516743287146237,1.4677887519919413,-0.42465970623615756,0.5093747149842895,0.1808838081278036,-0.4091384948808815,0.7351354567006441,1.7187733777590481,0.37494204620094984,0.4611864412256776,1.0467131753933112,-0.15460736885657353,-0.07959746912834453,-0.6447480105969384,-0.5423399012741336,-0.12514590263811234,1.0090330432362888,0.04622391416242744,-0.04615335289247272,0.22512464162377752,0.2886997697382617,0.18565301341511242,1.3878592666786034,1.5245398641046441,0.7492568094023371,0.576141211166829,1.4320515050766702,-0.031609152493056125,-0.03304825739943269,-0.2640356196158178,1.122247212254523,0.9594521341884106,1.4202390577768205,1.6079530908096942,1.7803970498404784,-0.1686017409882523,0.3236767586375631,0.9010615362428559,-0.2466035927167177,-0.37018488144436884,0.6752894762761579,0.2702769391299018,0.6680755975792707
1738,-0.3303352443556517,1.4640230276488126,-0.4260288263478999,0.5187094580365836,0.164505742935545,-0.436204993852756,0.7166613998413303,1.731858559405859,0.3405638037070869,0.4522680614773737,1.0922971728655038,-0.12153189925222173,-0.0702020036978745,-0.6402676605699755,-0.5566686212120369,-0.11486105084160612,1.0118955649935673,0.023296070884655157,-0.005029510646768411,0.2215143616912202,0.27841480499872145,0.23598693410794255,1.4801191967027079,1.4364690571591463,0.8108725486971617,0.5918354703293169,1.4028087449512388,-0.05906671648572115,-0.0403066032236064,-0.27041289814463143,1.0561792949615094,0.9401187829957719,1.3920493041029045,1.683705984023967,1.7862274476955273,-0.2350605029949973,0.35830585173974583,0.9091780132487065,-0.2508027794440673,-0.38312848097085866,0.6585856279536966,0.27469412854490116,0.667007086207429
1742,-0.3449887824792234,1.4714143873699776,-0.4284928858593474,0.5285428244333342,0.15688103772856876,-0.45576354875016395,0.6987921081207901,1.7585839289300338,0.3155513952467333,0.44524263943572767,1.1552680978609435,-0.08192365761738514,-0.05680859575221298,-0.6339010118397962,-0.5738233246211342,-0.12313509441833743,1.0145433976190494,0.03232914346450302,0.015433763441626416,0.22540880823190107,0.2672656144164271,0.24641003997029792,1.565459631975005,1.328504794072134,0.8678671075448747,0.6063526600546182,1.3809618300333955,-0.07892461501227242,-0.046775407646798085,-0.27631188078378405,1.0042909117200802,0.9466878448741669,1.3440179695830277,1.7537774102471693,1.7958239897979007,-0.3095873295226784,0.3903377628592649,0.9225532934293493,-0.24548709565258756,-0.3963446410586461,0.6398514170938954,0.27935360614347204,0.665280415016461
1743,-0.3551540790202658,1.476168502887484,-0.4305045864057495,0.5361325015666736,0.16353958503186725,-0.46060112257218594,0.6882320471880886,1.7825597952956285,0.37368974615913203,0.4239686387227993,1.2131697192388025,-0.045922184778562025,-0.0425854081529559,-0.635495278539081,-0.5896914252745492,-0.10612398741033084,1.0169926427976208,0.00026818855086961635,-0.011903718816495563,0.1809663809343737,0.27314947989328575,0.2565027932367677,1.6443995346018796,1.2492876569608784,0.920587074479009,0.6197810605505217,1.3552363451479164,-0.09655738679693208,-0.0525062436860175,-0.28176843972500026,0.9556171663226344,0.9508056526938319,1.3174766021797688,1.8185934795036316,1.822919885048935,-0.3865387463631669,0.41996728064482,0.9500407204247202,-0.2068600582203901,-0.40660681018808037,0.6435308137430673,0.29542761494054154,0.6607045859751465
1746,-0.3615080210714729,1.478647048299505,-0.4299149500283039,0.5434840009964895,0.16333790863261893,-0.46357062325864273,0.680476410697655,1.807179171431141,0.41712308188084685,0.38519160324766716,1.2755789381658993,-0.0069836268420421475,-0.025435590439579745,-0.6364583400137952,-0.6043694183789581,-0.08887317248688009,1.0192581945877992,-0.027901062895321148,-0.037190889905258394,0.15774677466958492,0.2782473495813755,0.2483383711771195,1.717418944531739,1.1806476415491391,0.9693530438930834,0.6322023310092327,1.3312530520420098,-0.11075392354570844,-0.05940668028781069,-0.2816300785868609,0.9065705855483545,0.9640875553329985,1.2981986724658834,1.878548343565859,1.85638214380733,-0.46400346412996296,0.44737458459645846,1.004242518524251,-0.1851328048480658,-0.42623747419239094,0.6677864756224674,0.32015177813198437,0.6503091184169945
1747,-0.3664686105718436,1.494003586850105,-0.4326441193902651,0.5512955415685117,0.15575425548669206,-0.4696363665127342,0.6717555515164607,1.849564455466626,0.41457641557314995,0.3495782466673249,1.3508990315012195,0.03446244673335472,-0.0016723692629264132,-0.6341883504181559,-0.6179465620005363,-0.08806956409538436,1.0213538299937142,-0.02360373410908154,-0.06058152316236401,0.1816263311313261,0.2836686020827706,0.2662759399693358,1.7849618987168583,1.118481643679644,1.014461565601102,0.6436920061835404,1.29797628426502,-0.1278471898382799,-0.0687231711704312,-0.2833038854692682,0.8847073470486122,0.9569035433900633,1.2629982526154793,1.9340065928234196,1.8840763376673537,-0.5368959911410631,0.47272634075172404,1.0596219149397088,-0.1930888732662101,-0.4425094807211488,0.6850876352833217,0.3311924198669584,0.6400345527453712
1750,-0.37113494622031656,1.5050202073533911,-0.43749229384887456,0.5578829520282856,0.15188651956184004,-0.4805313576479228,0.6593835843639423,1.8826261233256418,0.4242011036998071,0.3192116453043657,1.3889351867933197,0.05827456282667228,0.024968372234590135,-0.6417768263625765,-0.6305054198504961,-0.08778644550702631,1.0213840659371123,-0.024253438058439384,-0.08221785892518671,0.20089483481575632,0.31277754431735366,0.29246648617558524,1.8474391313380938,1.079177175919726,1.0561869481810193,0.654319955719775,1.2481201542626004,-0.1446576966044984,-0.08078296432204975,-0.27132843708251336,0.8685572571644824,0.9432296827664264,1.236255391519369,1.9853054733866633,1.9138219642351886,-0.6023914099471556,0.49617671519534473,1.111824438515455,-0.1833220348234153,-0.447768014839672,0.7103873028010289,0.33922360767358184,0.6287558920652176
1751,-0.37782986430213406,1.5056821659137036,-0.4404078042921023,0.5620809485274318,0.1437411957237586,-0.507169445007367,0.6373245876359439,1.8799525664196657,0.41034491178611054,0.2985650347483635,1.3575046316768138,0.05432793084240423,0.04610798606168303,-0.6525484143853834,-0.6395773882552154,-0.10933044499025743,1.0233202609918288,-0.000998864801907722,-0.10223146950579769,0.2031646926763668,0.3758155375664637,0.2617740483539419,1.905230571512737,1.0418952634958034,1.0926658798398903,0.6641508090407919,1.205394227925998,-0.14016513081714982,-0.09468131533124996,-0.25717966832469175,0.8464456543192157,0.9669660876548625,1.2144056808977002,2.032756937907664,1.9309985959920768,-0.6481096606917297,0.5178683115556939,1.1471946266024244,-0.15789275758428858,-0.44452643846905626,0.7405099903342318,0.3453105048962323,0.6170026901655213
1756,-0.38412030092228266,1.5106290385013772,-0.4413123561317685,0.5660233435552873,0.13635906923227636,-0.5320001279175985,0.6148167553704594,1.8930157792446376,0.3891036120949393,0.2865359558910979,1.3379083142454793,0.05133386094549512,0.06907155265906194,-0.6625121333064797,-0.6505139341360742,-0.13002382578660157,1.0243978520644035,0.0352557340353226,-0.12074405929286285,0.207642361483484,0.4329975403919343,0.23132155809478197,1.9586876536742819,1.019084957542554,1.113105540516038,0.6732443483627324,1.1721481145336266,-0.1355542247946718,-0.10790146517776483,-0.25562584956061557,0.8328579989753496,0.9923371457830098,1.189550383513746,2.0766495425895886,1.9335870931971735,-0.6739030418543999,0.5379330381890168,1.1835758727065493,-0.13503907577560917,-0.43286769706077366,0.7686151610415267,0.3424490210131045,0.607572454279439
1757,-0.392194296456341,1.5181785322004835,-0.438737658830143,0.5673680473798355,0.14283379948454744,-0.5393472656341582,0.6056372937577058,1.954464763245617,0.4109193134809209,0.27396122227345143,1.3952853869805635,0.06965644293672363,0.09635373487952584,-0.6677089517853958,-0.6606302390758687,-0.12748606502011162,1.0255626855973907,0.0435187075431327,-0.13786820484589812,0.21555034151798252,0.45714777945399804,0.24023320600924253,2.0081354546737105,1.0336579661837988,1.1038955718503407,0.6816558722355275,1.147817144367406,-0.14406349380316538,-0.1194334049389187,-0.2620692890985929,0.8272906368582312,1.0084934514985107,1.1720165733287176,2.11725020192037,1.9289286656475775,-0.6764629030672221,0.5409737179952653,1.24675859304348,-0.10943310836855873,-0.4155020374436954,0.8250374105132868,0.3467707711333534,0.5988085751837676
1760,-0.3996573486231623,1.5183447271647068,-0.4378875517146632,0.5678346757989332,0.14710271308079492,-0.5468837526949136,0.5973631506905309,2.0150329513499146,0.4179373455252572,0.266815306994193,1.4606917901244183,0.08929409769866939,0.12132886465714558,-0.6724096997541252,-0.6699878211451784,-0.1263114282291581,1.026420135349884,0.05944373039062453,-0.1537080394824558,0.21624071570352774,0.4809595832774273,0.23733543430635268,2.053874670598182,1.0509220861716775,1.0708779138790654,0.6886419243839136,1.1273256031050356,-0.15158874299393812,-0.1242128575944449,-0.26802204686482656,0.8237168108314091,1.0306835107032646,1.1597632801568296,2.153032287951112,1.918988955731287,-0.6638782099273164,0.5263216326658398,1.3073241988397386,-0.08689267010079327,-0.3955706976621748,0.8883735885191567,0.35362120117019546,0.5908978396558618
1761,-0.4030488476242449,1.5120289635817639,-0.44118052752975245,0.5720553418238903,0.1436491530040314,-0.5558447929422469,0.5857936265366558,2.0574682782321205,0.3860515614812304,0.2554707327678528,1.519468940657391,0.11420231049872781,0.14365745549720238,-0.6797912559550788,-0.6786435845592901,-0.1326168977284152,1.0139391459374727,0.08775399819300526,-0.16835988652127157,0.20697984511344633,0.4999608383321519,0.2239674662580056,2.09516190285674,1.0642699989431386,1.028837533668322,0.6943744158604157,1.111681790690828,-0.16552663148146526,-0.11198356386814919,-0.2734617869937288,0.8205312090290305,1.0382834006061457,1.1515545999082026,2.180637087518044,1.9089015008912997,-0.6446744832604696,0.5080936400659167,1.3607499182315672,-0.08269004937581137,-0.38215006716944044,0.9258740677152477,0.352156077900818,0.5830883555439464
1766,-0.4057800823519513,1.5052458264306878,-0.44157635155923064,0.5753315994626461,0.13920204125695843,-0.5647090401259273,0.5750826396003474,2.113331014980435,0.36202835380761456,0.25586326858925007,1.6114384336389416,0.15386618675147584,0.16718691001696145,-0.6856989635313562,-0.6866501657173434,-0.13522385223174188,1.0083217005883414,0.10614271186079643,-0.1819128450321762,0.18959407844347473,0.509210107387982,0.21617019188747896,2.1173221936655002,1.0865930957774999,0.9931102339772483,0.6936370823970887,1.1027679262616574,-0.17382554011928267,-0.1029978691509979,-0.27706863025628037,0.8164003213923464,1.0405165163298404,1.152062452810902,2.198710144949608,1.899992323374776,-0.6255558221845949,0.49203378228366346,1.418867546658499,-0.08090486595822291,-0.3726349250488143,0.9761551964674172,0.3541648712972056,0.5745766431752076
1767,-0.409319612213114,1.4989390351135312,-0.4387299493860385,0.5773020720248444,0.12526429377520595,-0.5882858571899421,0.5522236182662918,2.1810023791653776,0.3343256749449825,0.27229536239617097,1.716443447788045,0.19750162795213894,0.19188492309318617,-0.6902951321900036,-0.6940562532885427,-0.15033307024388282,1.011237573044216,0.12301199561117963,-0.194449331654763,0.15340853190522902,0.5364948609009335,0.18541532284844214,2.1369778250835063,1.1118805821468414,0.9674705615439972,0.6899591550394558,1.091285417641127,-0.15039479661908256,-0.11833773754861297,-0.27457977427066965,0.8116864613976412,1.052046743330036,1.1620537125982173,2.208901569939341,1.8903961839192527,-0.619418878621623,0.48135521463218023,1.4851980756201792,-0.07119290550770876,-0.3617544752566769,1.0597834725314537,0.3605630818106018,0.5668201453505263
1770,-0.4076294547139716,1.4917288621475553,-0.44149818794690354,0.5810286393015021,0.10240449618700519,-0.6121372009177605,0.5265045932607804,2.2128361010033064,0.31536677270693453,0.2663457796823693,1.747480729736505,0.2185174691129109,0.2107843282063376,-0.6974278472757532,-0.6984667162108952,-0.16815942317919289,1.0139347550658997,0.13253080304192416,-0.20604558178065574,0.1205321794593049,0.5596260407108714,0.15745478100812993,2.154526306073876,1.1418561872729214,0.9414619698231268,0.6783881670524752,1.0721373042888447,-0.140054433000277,-0.1305032198389521,-0.27737187828742577,0.7973272399496332,1.06946144164702,1.1713743775924124,2.206319431188066,1.8800428075366697,-0.6165005837673269,0.47579362053650265,1.5456025874256973,-0.05835437281027539,-0.35308509220059964,1.1232684177825938,0.3598450703252641,0.5595548070631384
1771,-0.40142303064585944,1.4842995558025025,-0.4490522553963512,0.5850938316908337,0.08134356334645484,-0.6234783625505351,0.5121749352035327,2.166065796770544,0.3401309052158462,0.23691059999721467,1.6201534756586728,0.18292871611175296,0.21641044731947326,-0.7040256087300717,-0.6894764487527715,-0.17910171409744857,1.0164296484359572,0.0977874155716158,-0.21677211314710654,0.12080180614193622,0.5706955822063879,0.16650982237241319,2.152497428719539,1.1743128297053864,0.9128380893804009,0.6532444304162811,1.053603864399603,-0.1801398642741063,-0.12226879535565997,-0.28274893741586876,0.756803035640575,1.0870865127978495,1.167495069151949,2.1695972403014414,1.8746742650640682,-0.6052262391177655,0.48477944697340847,1.5794496995595562,-0.03708709513418051,-0.35646249867768875,1.1240951018954541,0.3539018770470093,0.5533221251634233
1775,-0.39859964607038184,1.4730751680929166,-0.4519410872311077,0.5886667320725331,0.05546172876308422,-0.6406392452035838,0.48987430295805157,2.0928133014274524,0.369341030707608,0.21538150547197282,1.4986419649842726,0.15260568848898046,0.21775114063121762,-0.7101285380753164,-0.6717916636789486,-0.18742961899845614,1.0187374248032603,0.03458715049702876,-0.22669415466107354,0.14821086298130026,0.5617986036633561,0.1963402168148251,2.124833663747816,1.2169225145751221,0.8881096515533787,0.613114112739354,1.0336050459780213,-0.22725630328341748,-0.10620267019012317,-0.2877227171096786,0.7132757288120052,1.0833072605787148,1.1584218859745519,2.106593287293352,1.8741005960432142,-0.5943983731388648,0.5015681805675541,1.6032515336490005,-0.011858417634026012,-0.3605419341571589,1.1273613678218388,0.34979337666300986,0.5476317558717286
1776,-0.403304672662689,1.4573719725495402,-0.44754800300731773,0.588697924197869,0.021872305021529204,-0.6695980274887164,0.4523216089259777,2.025378483675169,0.39209333806398655,0.20660920754929737,1.4578516392515832,0.16918577716489913,0.2183428823379057,-0.7157737477196676,-0.6434955878671871,-0.1835953600038299,1.0208721179430158,-0.04129956311941162,-0.23587204306149304,0.23108297408274403,0.5283444514442499,0.2411481984084376,2.0486352751840213,1.2731301889413238,0.8680607557041036,0.5582057775308853,1.0078462237493457,-0.2657884867603941,-0.0757644038623114,-0.29232346332645265,0.679244310146337,1.0376312273503214,1.144424515699714,2.026100133914095,1.8727576827073324,-0.5867608241883622,0.512717186289011,1.636233057873439,0.006630919419933814,-0.36175957709794143,1.1558433215739248,0.33998570830852876,0.5425428985667492
1780,-0.409665502632048,1.4448981048179936,-0.4439310735617691,0.5910172152410846,-0.008280929023856836,-0.6918733574663908,0.41465809377288076,1.986005036723366,0.40492289961167555,0.19981537130180235,1.4115707948303493,0.1849371846124135,0.21777125748045953,-0.7209955666406926,-0.6211992719397064,-0.18725046687318542,1.0228467090972895,-0.10921956931276715,-0.24436158983188103,0.31536456214628306,0.532458860843562,0.27240563635818654,1.956355824621763,1.3160537030409127,0.8486022259641738,0.5240037851111282,0.9749665898025475,-0.27941376874062623,-0.04723231499077257,-0.2965791535769686,0.6564130540782406,0.9860743152672344,1.1188452873136008,1.9588294835544966,1.8752048174108262,-0.5732027421468436,0.5268184038782459,1.6767227257919675,0.023673862287170725,-0.3661565537861407,1.194688515558089,0.3330663136753863,0.5363240096879618
1781,-0.42323555073995206,1.4444163405579706,-0.4379657025749974,0.6033778907033236,-0.02783883410643511,-0.7032894713102682,0.37489203761900036,2.0444221384905634,0.38755867190376647,0.22171050140033877,1.3733680619384605,0.1796075693272317,0.22752505159311098,-0.7250442366538004,-0.6224301995682473,-0.20265910685769653,1.0246732059149926,-0.11297323939150061,-0.25221442059448995,0.2850008532906883,0.5445969724964751,0.2724860694815197,1.9469917429664074,1.3198057472059108,0.8469287363422427,0.5415723193849941,0.9402561879096919,-0.23600193340470568,-0.06706514154746585,-0.30051566705869603,0.654993173177367,0.961142864331465,1.096886843907045,1.9846347504961628,1.8925990520369773,-0.5628374306109116,0.5462118735873773,1.7347985679258535,0.036827729974536004,-0.36405273234420904,1.2594111389908458,0.3494860426008448,0.5293186764891127
1784,-0.4385631654396023,1.4579791548834449,-0.4319309649777879,0.6151337387750728,-0.038697683643875394,-0.7122850216802328,0.33580205566849847,2.1119184503817006,0.35424324617359126,0.24131397077131034,1.3960825052048909,0.18575648947273404,0.2457194480625632,-0.7279832671974502,-0.6049448346018463,-0.21691209884336926,1.026362715471368,-0.10098300240603358,-0.2594782890499032,0.2212424622134055,0.5612777427886149,0.26618827837179837,1.9520461878808562,1.314211855250785,0.8428220771969782,0.5598592454311195,0.8844630445752997,-0.17163131955433844,-0.0992699236679084,-0.30415694202929383,0.675143004531809,0.9455627127041876,1.072143958681756,2.03115788259577,1.9126581768501647,-0.5559013272907475,0.564150833068324,1.8177655806097628,0.0509731833172061,-0.353009085934508,1.3330134976771255,0.35800926358051766,0.5260522137287561
1785,-0.45124879883841706,1.4911573175663213,-0.4291506806708666,0.6251043581159474,-0.03513138964632202,-0.7120414696059433,0.3178164131812201,2.100770533666516,0.30745337663037176,0.21009879472667325,1.4196779981823529,0.2115928741345115,0.26267649541869786,-0.7298893233474044,-0.5489043194603237,-0.23009611643011654,1.0279255118110153,-0.0977555005346547,-0.26619736737116045,0.14793007674097575,0.6202942850507402,0.28340873106355363,1.9313810379645953,1.3160578995919265,0.7992670175455361,0.5659655179707903,0.793605620101932,-0.11282246243627525,-0.10527748665293617,-0.30752512137709676,0.7134258290101512,0.9454567276996781,1.025507134088786,2.036375356573735,1.931215623418869,-0.5452858452858073,0.5807443705881998,1.9147041750988179,0.06969687252856396,-0.34629908030480855,1.3813197006138223,0.33236035439141326,0.5280925706273141
1790,-0.47035936014833835,1.5645176754785293,-0.42090596912586864,0.6395169119301566,-0.035032528392695876,-0.7037880102238584,0.30736505652867147,2.1332342844371635,0.2656380993966123,0.17103221530058887,1.489392919886732,0.25110501799619267,0.28068844466929965,-0.7340524740963491,-0.5150143140572512,-0.2422913326978578,1.0293710984251894,-0.09017525355510637,-0.2720088292673211,0.08122962410284618,0.6618762240085333,0.3119684461207433,1.931639663388798,1.3067139505106489,0.7587309590284014,0.5754569414394481,0.6954272673906262,-0.06288240587329273,-0.11259696862159459,-0.3106406872738145,0.7632348813420387,0.9452440458427062,0.9847674172908505,2.060244462028138,1.9483606474620527,-0.5417541210437192,0.5960933927940848,1.985109107876397,0.08692633884016598,-0.32867979880849013,1.4041790389777422,0.3055707920441263,0.5322966008628213
1791,-0.49629824463950073,1.6937085465646722,-0.4006797051525284,0.6531074938204354,-0.05256731637019393,-0.6947791520634556,0.29659603608816365,2.196392764336875,0.2508246794408235,0.13595951733445075,1.6036787646278574,0.28967806995766987,0.2959193706394684,-0.7333885659766649,-0.511289465722522,-0.25357190774551847,1.0307082660433005,-0.11213582365983385,-0.27678818396200205,0.09933490630529718,0.6810634495984543,0.3280249197734815,1.9350656526861905,1.2982322745473738,0.7513475011783339,0.5869511960475838,0.6285343689767358,-0.039643943339005616,-0.12052035347558927,-0.31352258572827835,0.8029457135897242,0.9337696687133282,0.9580451197035302,2.089301019531816,1.9535561537224746,-0.54472445802852,0.6102912383345285,2.00063986206443,0.10613849539706433,-0.3026398706099287,1.3879620799119667,0.2914809037982009,0.5343926295314365
1795,-0.4828453484158777,1.7254292147612844,-0.40817896683944843,0.664584420287164,-0.06684628633541084,-0.6907980888805265,0.27687022720717097,2.2672825570116095,0.24184489959969413,0.06699427398665198,1.719022107280768,0.3268570272108446,0.3191670055699605,-0.737289273528415,-0.531116132427477,-0.2640064396646045,1.0316243418584565,-0.1311627134620414,-0.27937860473803783,0.16097445234598406,0.7149168116415326,0.3635595015216206,1.9631851327598,1.282585913110708,0.7328523429521507,0.6018347063440149,0.48754190687397925,-0.0111219854440764,-0.1179706770086483,-0.31387572495374527,0.8491592828272047,0.9201276884124446,0.9205665222293,2.1088484649518824,1.9633287241338533,-0.5421225136889857,0.623424245459439,2.01599881066278,0.11867302495045742,-0.2774395854813989,1.3460708196232434,0.26159142229500376,0.5364520940998336
1796,-0.40149208966438427,1.5332942758825556,-0.45130736657993037,0.6600274502056105,-0.07873331824936686,-0.7008796097648858,0.2587133591223025,2.2175860657265276,0.22038214123239186,0.0730509820703627,1.607108728584743,0.2778569598533316,0.31740019615030024,-0.7309522223204677,-0.5426036609114174,-0.2671090876375732,1.0204682109119965,-0.12846697210959215,-0.2747560245730048,0.16729830271328472,0.7070226938322445,0.3677507411461931,1.9921387355888893,1.2818761325245434,0.7255596696897196,0.6047610231020067,0.48200311522929584,-0.01195901535751098,-0.11168883521888878,-0.3165149955822144,0.8342478499113872,0.9147845913592818,0.9243406606494279,2.113809004782907,1.9707868004941467,-0.5379614553365236,0.6330498041388422,1.978560502600855,0.09264518826327964,-0.2982759786214148,1.3322441383234778,0.2533380769635627,0.5364049280597487
1800,-0.3233711399033039,1.4044646614131433,-0.47111183964243886,0.6537768119905674,-0.10213744706321139,-0.713428947086165,0.23057094238083436,2.153372765326659,0.20499371201951516,0.0998813698394736,1.4894831461821358,0.200719785165068,0.3150932925247465,-0.7332661276677914,-0.560813236343061,-0.266190652811359,1.0119828188456526,-0.1525325397251075,-0.2791396135621563,0.16810147932278874,0.6929579048894046,0.36582539483489795,2.0066219483999554,1.2879264170372675,0.7123941645604966,0.5981140605934401,0.5021286187649396,-0.020945999950964453,-0.09446499459784063,-0.31895632091354825,0.7698620196615943,0.9318554289958209,0.9427257389140864,2.1177297637894563,1.9826107551946563,-0.5300161274136682,0.644475918828429,1.9228669580171052,0.06484179193287608,-0.3230273114604813,1.296305088437309,0.2478734469494149,0.5347957848225176
1801,-0.29422122323326666,1.4736333096538545,-0.4445406846317343,0.6540412634392514,-0.12530131440117795,-0.7157998975042035,0.21014307759499587,2.1954182429393585,0.20486711223732756,0.10933685409241678,1.5566354360615329,0.1808473466579471,0.3258789130618602,-0.7288124139873986,-0.5776570936173314,-0.23952155580661627,1.0146241074322286,-0.21350094956447008,-0.2843840925449946,0.1416718971567503,0.694835465145352,0.3508612157027064,1.9543663877468564,1.3048358849123431,0.6718718510310255,0.5732519585786314,0.5323123952123647,-0.0383488323314846,-0.03746491640137638,-0.32121454684503215,0.6391330801186631,0.9938050616399029,0.9309865126915778,2.104344375552033,1.9776586713082753,-0.5178410392395771,0.6540380803066791,1.9170348193457736,0.038056948463138986,-0.3443523181321845,1.2570251820186458,0.25398581354629235,0.5262572383250672
1805,-0.25593397813190966,1.4763768931949977,-0.4366312283300045,0.641377839365324,-0.14157835225720636,-0.7312043740379228,0.18420152206486357,2.2371763254198034,0.21354716133854856,0.14509685718335627,1.5939334071729812,0.15754047361793583,0.34616503976840735,-0.7230506138556029,-0.5932376615960316,-0.237797267477404,1.016181647674774,-0.2540457511303053,-0.28923523560412007,0.11359652863433056,0.703516819571975,0.322592541042203,1.9177787275545577,1.3170710260636649,0.6069311973081963,0.5534335311800135,0.5839338391160181,-0.06276394172175845,0.03886923937362087,-0.32330340583165473,0.5198327459528052,1.036360936481956,0.8977521066804519,2.0998998831906737,1.9628250572619605,-0.48776265896668697,0.6344156361598895,1.9125002747535675,-0.0009995154567385596,-0.3673255010900879,1.2494501589965918,0.27465117604200995,0.5117588020485979
1806,-0.22230215916271334,1.4356824777819936,-0.4451693824044948,0.6141344386691477,-0.15634463929237535,-0.758682786549769,0.1509823645269392,2.182915126752851,0.21911727249402546,0.18841684423968902,1.4743884016350073,0.115736961523023,0.35387974378349735,-0.7267980163502649,-0.6076496869763293,-0.24941489741659875,1.0156453470901776,-0.23315871189898016,-0.28817325826502244,0.13905500875537574,0.7282032559371151,0.31276745017642993,1.9385540886763755,1.3236009947250933,0.5848604030113523,0.5547934051131419,0.6406807862298867,-0.07976415503544138,0.06731545649174057,-0.3252356003942807,0.5091046907380381,1.0210977251493272,0.8831427076820144,2.131881784708408,1.9637380585939044,-0.4726056253928283,0.6457393134478978,1.8674556942912346,-0.017156519754733205,-0.37561353506180656,1.2263610849480397,0.28452841547602126,0.50523434492614
1808,-0.21410500334214577,1.4738348305712934,-0.43364790917601564,0.5980355959743517,-0.16471552782269222,-0.7743545069120547,0.12488922478213389,2.1587740778672515,0.24612823224821082,0.21154789329547435,1.3638092715123817,0.11162538356615945,0.3698559334830747,-0.7311930151239949,-0.6195290712210373,-0.26016120511035384,1.0180119460584143,-0.19654975209755637,-0.290069461614139,0.19415507430145804,0.7556706518645436,0.33212010832623456,1.9718043043025555,1.332778005534174,0.5734146777122939,0.5650956223598839,0.6856095285435878,-0.08142691780918136,0.07510289225069816,-0.32702288036470967,0.5492487318159347,0.9777660724748072,0.8640662617085801,2.1538958603117226,1.9654379524429744,-0.4602433911579157,0.6562137149393055,1.8491984900805136,-0.038542073112353706,-0.37370946135317207,1.1948923073191116,0.2896290384872174,0.49753938640094825
1809,-0.20805067724967655,1.4995007422675608,-0.42327715516553477,0.5995384500343947,-0.1686531478689665,-0.7729332308126869,0.12117748697553442,2.2306501734314246,0.29554245482099856,0.22229659404075253,1.4017507159915197,0.11032994250590984,0.39799172298773816,-0.7352583889896953,-0.6319692408794595,-0.27010153972707734,1.0202010501040333,-0.15675543971084183,-0.2944942019930785,0.2855732273841312,0.7361838823579775,0.39005759430997133,2.020268356504864,1.3309393872683453,0.5699282187757156,0.5809628068870802,0.7046357114198497,-0.045021944559668604,0.043463027092177545,-0.3286761143373565,0.6314825818218833,0.9047961596554273,0.8593066780265757,2.1158484224894534,1.9612365611521596,-0.44779235670946255,0.6659025363188574,1.8319110293769703,-0.0848948385825532,-0.35388571614735576,1.2049695170798183,0.3218658768145591,0.483220221141292
1814,-0.21004319033029206,1.5086739657322934,-0.42612372494448364,0.5974896968887253,-0.1760574142709191,-0.7721555729921566,0.1256408376651926,2.234681239896441,0.34086773846827606,0.2244133392482801,1.38743564493402,0.08175201678186285,0.4261920072674058,-0.7390188598154682,-0.6415073706272172,-0.2792963492475465,1.022225971346231,-0.1205314194418042,-0.29858708684359764,0.39879414482271885,0.6989128751544319,0.457700459572318,2.0650976047919993,1.3080506687150317,0.5795260987679909,0.5962954463705492,0.7055743469053932,-0.00630444759550388,-0.007428630475590996,-0.3302053557620548,0.7140583338267853,0.8483885708281165,0.8612384714686157,2.097879059521879,1.952725916707755,-0.4593550735633882,0.6748646960949432,1.7854744049141964,-0.12721261433320843,-0.32120207558761316,1.1793425968063416,0.3393028581697274,0.4682887595056552
1815,-0.22273584712512703,1.5380735165844737,-0.4334649985762196,0.5912304386634188,-0.18352254691015238,-0.7738542850752586,0.1338491264227474,2.1295633859520247,0.36071668106150845,0.2095740604998647,1.286940054358503,0.06696470436782018,0.44280287050975836,-0.7424972953293081,-0.6382705160733616,-0.28780154805398056,1.0230803551542342,-0.16128392421244306,-0.29986743665964094,0.4294663788866117,0.69106789038931,0.4763930060721538,2.106564659457599,1.286522847563594,0.5798682680896953,0.610478137892758,0.6858939859455888,-0.016795704170198628,-0.019670541534946292,-0.3279611186113277,0.6991017134092714,0.8685493020045061,0.860977376248542,2.1368875050827385,1.9515836383351373,-0.500345820947424,0.6831546938878224,1.7420597970843443,-0.1549929206658023,-0.3029452899834296,1.0908919020458658,0.3078803463714591,0.4634213388493032
1819,-0.23161531384811312,1.543603753208003,-0.43970648712936405,0.5978029617362244,-0.1837682269366951,-0.7664069733662974,0.14656469180349393,2.110639972959598,0.36958354681971756,0.18925107995561252,1.272470276301574,0.05353740081153606,0.4546746601566389,-0.74571484817961,-0.6474374910014282,-0.29395409171857456,1.0248893285176663,-0.22428959009640012,-0.29995686694417484,0.4229792094574735,0.6973097106513143,0.45517072706989276,2.1449216850232795,1.2574621263648325,0.5668282905581288,0.6235971275508012,0.671933537153577,-0.07485697699139089,-0.0047025645164142735,-0.32611451731048313,0.5540288580620697,1.0164743795683595,0.8051165868213972,2.1350220906507804,1.9436889569570381,-0.5689805976170424,0.6908229418462358,1.7235880852662195,-0.147515121838017,-0.282306450207403,1.0330925486112201,0.2786541620222716,0.45728054303828014
1820,-0.2333864433114446,1.525385030288078,-0.4440683318280441,0.5995543098061068,-0.1918077477411013,-0.7580413017674444,0.1706393926211863,2.1879612249876277,0.38084911724851,0.19285010424481552,1.359413523299807,0.057891673048082314,0.4603014044853903,-0.6978635806602489,-0.6577845291763212,-0.24842115645375568,1.0265626288788416,-0.2809529786987862,-0.2828409085932242,0.3956715787654711,0.7439041565274231,0.3664814594078018,2.180401933671534,1.2284227020239342,0.5422054427496196,0.6357321929844912,0.6739839451808081,-0.1555212191505996,0.034117085962519195,-0.3012729232775197,0.34500458215049407,1.1758580511007326,0.7605086491887554,1.9748954338519717,1.9061906681429015,-0.5748238283209156,0.6397602730032886,1.7392098050082097,-0.08936020636819102,-0.2630301726335278,1.090067164279331,0.2792957350026685,0.4520868078364776
1823,-0.24120146301817996,1.5095535089568868,-0.45668768886936656,0.6006337127053181,-0.1794515209776228,-0.7543967095879519,0.1947354599026963,2.259483383113556,0.3757910061695546,0.1802093423607497,1.461902884558715,0.05436323529317332,0.4623165689739961,-0.6799569509168231,-0.6673555394880972,-0.22370855020586172,1.0281104317129286,-0.3294498671973182,-0.26929476908542554,0.34277445726600764,0.7899842727149111,0.27512035398023255,2.2132211636711685,1.2024360472660116,0.5189346038537997,0.6469571285106543,0.6603242353899862,-0.23863798698639915,0.08205440486334215,-0.25978058987915187,0.17577841313315495,1.3232879472681773,0.6975085451212898,1.8267782763130738,1.8162632709885398,-0.5163229627885164,0.5328734025280422,1.776197687988329,-0.04509726494893897,-0.24760845499188144,1.1363181417663242,0.2718672695407985,0.44916430471376323
1824,-0.2517029509004368,1.4919263361842192,-0.46664410377932813,0.5950048424063299,-0.14173659880542683,-0.7530005952879376,0.24263156754243537,2.137481695932525,0.3687942266847505,0.13755625810869546,1.4513021187466388,0.053163499013650646,0.45984458504094866,-0.6878650295980614,-0.6562138637629822,-0.23638283394042212,1.029542149334459,-0.37145981026413044,-0.27243178505253435,0.2816786496528194,0.8128758398362036,0.2079079419733272,2.2435789514208313,1.1888715537289605,0.5068659794333644,0.6573401938723552,0.6532876449454161,-0.27995134906547775,0.12246937705438156,-0.24283000364090762,0.14986876613367212,1.4368968506837214,0.6018661042430593,1.6897699055895932,1.7364283061895522,-0.48305158700238243,0.43400304733843903,1.7374073733452706,-0.08167276738637003,-0.23375989651109394,1.1042912148947235,0.24727753884554768,0.451364676245081
1828,-0.2619549889626234,1.4709113381370669,-0.4713368179324298,0.5897609632093103,-0.09787779329552362,-0.7439701428636682,0.2985136016690671,2.0268076104284654,0.3699515442382779,0.10377918413635877,1.3877500495210362,0.058818520118314434,0.4554402374548625,-0.6951800023782067,-0.6596134672208617,-0.24810654639489046,1.028721733032188,-0.40670820140968067,-0.2781793511735943,0.24399051449183326,0.8282938656176841,0.15108946178185925,2.271659905089269,1.1856826824899631,0.4956877191761739,0.6669445293319285,0.6659421278165689,-0.28876414145391444,0.1488364430249089,-0.2332992567584542,0.18255729584225952,1.5190611813703778,0.5210464862718954,1.5630371626703738,1.6682428763667754,-0.4508511298873527,0.34254796878805605,1.7014968963506953,-0.12414274878913073,-0.22115339651853105,1.0618677934211584,0.22379033410039212,0.45413825238638544
1829,-0.27516658061714716,1.4631290706744828,-0.4728247428838022,0.5812142823240558,-0.05668868086530061,-0.7251527521579083,0.3648696171539854,2.0255117954491237,0.37117203552222483,0.09274100153236019,1.3820805148432675,0.06989119743521822,0.45118758848854157,-0.7019463521998411,-0.6690473071792971,-0.2589509804152737,1.0154761975423907,-0.41471221650374757,-0.2834958498355747,0.243157910417007,0.8130737218161495,0.13246342026777502,2.297634787232574,1.199493235412722,0.4792249282686975,0.6628547691744319,0.694812571888348,-0.2965536543011909,0.16529215379993822,-0.22070451204564673,0.24738631158115088,1.5951665229782013,0.45171715569207754,1.445809375470096,1.588065090461744,-0.3964150606787442,0.2579520211289519,1.7005686144342027,-0.15645483638623411,-0.24265753492357814,1.0397307273831304,0.1906790373030859,0.45788486302436243
1832,-0.28665748740224817,1.4800740301024506,-0.47002212029457363,0.574948890802677,-0.003435154929684048,-0.7029144429387073,0.41872814400700037,2.0054800419246614,0.375531278035631,0.08478170342159583,1.3643496689585461,0.0849841318989327,0.4441859364023518,-0.7082052257848529,-0.6777736091408498,-0.26898208188412814,0.9932679675543744,-0.3750715681559701,-0.28841361109790653,0.26880687342023185,0.7868640545466509,0.14668671164466698,2.3216615532151312,1.2202345678217315,0.4701132891476944,0.6426923585528209,0.7183370695869088,-0.2735628393778418,0.15834111660644654,-0.18815948400739746,0.37052957590131214,1.6379101446808264,0.3359340901692544,1.337373672309839,1.5201262166668343,-0.3816442415570209,0.17970076954428052,1.7091712366496825,-0.16798946707347265,-0.2538332742908248,1.0046273143907742,0.1638169981633082,0.46234050616959466
1833,-0.2966983197155605,1.5293532323032553,-0.45842108833732204,0.5748795966246751,0.06607470913922857,-0.6829050896270731,0.4458567267163929,2.0166664824400518,0.38657618128834575,0.09437219060849224,1.3499861172039342,0.11385884466638652,0.43289138276758404,-0.7074227475938589,-0.685845438455286,-0.2782608507428186,0.985538226846638,-0.3017681781048505,-0.29296254026556356,0.2785342656178635,0.766676818413055,0.19311108454529743,2.3386862701998883,1.2516245197472802,0.4809371910309379,0.6192401959253234,0.7493717243952895,-0.1894973520556416,0.1142253299716168,-0.13929430544079885,0.5399321966415402,1.629192115810188,0.1929290334065603,1.2371703288906517,1.4684311718509406,-0.4173752521999094,0.11439586867218052,1.7237582468400894,-0.12541187663933978,-0.23967448568146374,0.9893748771199903,0.17759712455021628,0.4630084362832974
1836,-0.30329669231936285,1.5413387405409944,-0.4532989844380512,0.5714942172175943,0.11764556972589903,-0.6618705213734523,0.47061799003815413,2.0753421185404592,0.37683456275548927,0.12935725011346536,1.3522273167805285,0.13865271169467655,0.4147728830840141,-0.7001677859372633,-0.6933118805711397,-0.28684371193710717,0.9796017763727856,-0.21527511539077698,-0.29717029974564624,0.3050240940229629,0.749306768651209,0.2659541429105249,2.3424439681266787,1.290197196286926,0.5040769688380792,0.5966150043908528,0.7968554130576849,-0.0694887802895755,0.03625202458956557,-0.05250651467215996,0.6748463738217445,1.5779562493959254,0.06391628053145287,1.1518049745095469,1.4317590381955372,-0.44218649646825375,0.05524642710991742,1.7431480673298942,-0.08216165184623044,-0.24332491182458704,1.0140356626536102,0.21521111756596203,0.4601402441879741
1837,-0.3026526269252999,1.4468573115882915,-0.46317357042747637,0.5626889752784653,0.13804705156401725,-0.6501131704520571,0.4916065441583611,2.1019834400826287,0.36999546750680073,0.18706622403494869,1.301973082074853,0.13220172435535832,0.3995549162864302,-0.7065600519919684,-0.7002183395283044,-0.2947828585418241,0.9528872607464457,-0.16745091467324566,-0.3010624772647228,0.3302894509941422,0.7628599345878069,0.2911438028901081,2.3617008316291677,1.3159458444580885,0.5167007645747063,0.5859494984647707,0.8501920486840447,0.03641470914808297,-0.0212601069116483,-0.030174216301431477,0.691913531194231,1.5580308647080219,0.04681209877307646,1.140760741606083,1.441996977740057,-0.4065122670802397,0.0634074376455377,1.7624848684313412,-0.10057854513881559,-0.2643426773258225,1.0611571562067703,0.25225140507724336,0.4538577067718391
1840,-0.30687870480012325,1.3809982933251042,-0.4650226651309373,0.5530684714882836,0.15840797953863742,-0.6454804706236122,0.5023715158203339,2.1415968352790906,0.3788009756378635,0.25157600725732754,1.2760624968204193,0.1285182060041966,0.38468187712845864,-0.7122246274883509,-0.7066068140636816,-0.30212656915118735,0.9375180894341096,-0.15017879792905198,-0.30466274146986866,0.34614790078233865,0.7838995539059609,0.2985864154178802,2.3803955781770028,1.3429431556649807,0.5310663095619071,0.5802469491473649,0.9042376450327415,0.15149360596197675,-0.0712229616180404,-0.04754606883802475,0.6886499253279648,1.5749029030573283,0.051667719745857967,1.1951220834920329,1.4704734865339684,-0.3436620190481212,0.10558397861624527,1.7922823022909862,-0.13471859099177064,-0.2828523074744849,1.1188142516469313,0.2922373621964501,0.44186151295055154
1841,-0.31328898909596387,1.4147459461309475,-0.4555756311969468,0.5460271872720517,0.17380169052825936,-0.6414817922477176,0.5100474422482157,2.2165963226331593,0.3696989001645778,0.29112290996902274,1.386024657057077,0.16188825593957284,0.37131226344796464,-0.6918218604127199,-0.7125161530089055,-0.30767713468144275,0.9448917060383633,-0.15036046337591835,-0.3079929858596285,0.3738970823522346,0.7390798214437969,0.32867950497107973,2.3653700749107758,1.3724161145818896,0.5458497631118522,0.5740276061840867,0.9542298216552858,0.2579415855148285,-0.1018271487464642,-0.03618429749001692,0.7313857366656589,1.581574276631593,0.007690856362364315,1.146645923541289,1.4867189707114905,-0.30895402913035086,0.11430034250098454,1.8366151746934505,-0.1491301571412591,-0.2827980778270809,1.177909455559272,0.3292243725317163,0.4293743733008005
1845,-0.3139247358009021,1.4230212618434293,-0.4555886917747717,0.538365767079378,0.18330427402547084,-0.6415005513942805,0.5148192755927677,2.285970848435672,0.35089148916194135,0.307643455134942,1.4784994581990358,0.17437234651005193,0.35591657779638713,-0.6922221148305144,-0.7179822915332374,-0.3129413237555717,0.9469081995680388,-0.16826380940659041,-0.31107346192015634,0.411886562653531,0.6874554283557595,0.36066007774272424,2.3539147381871572,1.4000884141330179,0.5505045924566281,0.5683069531276013,0.9791909787235547,0.3564059666012164,-0.10693217709955252,-0.059518483153483535,0.7472637656162021,1.5986761622697487,-0.010599259677586468,1.1109304712646793,1.516098333970944,-0.2677229948284692,0.13622645485668675,1.8811249889165926,-0.16052444310136416,-0.2860304093013176,1.2155532450213204,0.357257753707283,0.41887869517983173
1846,-0.3129354142206204,1.4132257226857499,-0.45973223577701616,0.5323102971084033,0.1850189906117706,-0.6427452294822341,0.5189338018314041,2.2691970531586945,0.3378983649115084,0.31540797796883024,1.4326160018552616,0.1588381815516695,0.33482962363277335,-0.699210306218226,-0.7230384696682448,-0.31892314947390377,0.94620115236799,-0.17428849480922767,-0.31392290227614456,0.4378935267023148,0.6961593888347857,0.37419751561104153,2.363844859444446,1.4241155890628576,0.5558685330974832,0.5675558225133455,0.9903965612146458,0.4447283798974925,-0.10787391613106606,-0.08123454691697228,0.7357696639602952,1.6155890228020036,-0.0013401838879865866,1.112088926075678,1.5500346705358692,-0.21421885757903691,0.17845457393561256,1.8817691167083046,-0.15803911746112223,-0.29524934752469045,1.2017254498730712,0.35577048183390814,0.4096574996237585
1851,-0.312604595918564,1.4426379163136158,-0.4577781383090573,0.5297183171287946,0.187050659298818,-0.6467587102868333,0.5158621191968132,2.258514663673577,0.32283032087466135,0.3084893876405303,1.420206683441657,0.16160940736547136,0.3153922100014862,-0.705674383251859,-0.7277154344431266,-0.324456338263361,0.9490502070046731,-0.17199104095511994,-0.3165586346054337,0.4676495494763017,0.680441994347822,0.407400026899575,2.3525535839762957,1.4500462732330393,0.5631952724980043,0.5618483831933209,0.9808128525939828,0.49707446498704516,-0.10610853003609227,-0.10132190589819937,0.7458025155335687,1.6428154803942014,-0.018062628191164668,1.0720628217299932,1.571630189227456,-0.18271924134843442,0.1991361609717052,1.8812094205558134,-0.14651564513918636,-0.3003514415278807,1.1793303483638629,0.34454173000030747,0.40360420079962683
1852,-0.3134177334751751,1.4723116843356114,-0.4561817467051541,0.5313806907614254,0.18864272611209604,-0.6524663056537826,0.5062965567307484,2.297635068288479,0.3030433631566654,0.3044954037418375,1.4841089675591717,0.17393188497194825,0.30308983632203723,-0.7116536545079697,-0.7320416268598919,-0.32213511196656025,0.9465606218764108,-0.16674174858993135,-0.31899668701002626,0.5002809321939186,0.635386779212885,0.4573562415785903,2.326017586934022,1.475719125658424,0.5546572962999774,0.5453387314146809,0.9485062794570512,0.5208587561881474,-0.09463366797757347,-0.11218976341641186,0.7525586347279305,1.668537359588865,-0.03844686308315366,1.0327087875612277,1.5911670683536392,-0.15307416269260027,0.2219183683079118,1.8991742171866954,-0.1472708636155043,-0.30184002583225367,1.201567894597154,0.3512655981090218,0.39850974654514565
1856,-0.31318144349526006,1.4732334517258974,-0.45830309397924707,0.533741056750214,0.18843948273100808,-0.6551236604517237,0.5004238555500423,2.307007492992779,0.2920748940861517,0.3033409528528515,1.4929014989600093,0.17209005257243254,0.2894031533344858,-0.7171844804198718,-0.7360433548454002,-0.32660549535054156,0.9374444933141236,-0.1475267802752302,-0.32125188548427425,0.5272960327789408,0.6183201841021094,0.5025568309995103,2.310393288900386,1.4905303530350615,0.5349447834602642,0.5425416154030694,0.9192667935480278,0.5385971267548993,-0.0919971155274144,-0.1297802050265901,0.7486664408737407,1.705253220672442,-0.054462136566751786,1.0014076197783932,1.610707055869403,-0.11761737957438284,0.2557368576676477,1.9030317919788504,-0.14482915198139734,-0.299500343017186,1.212104993639306,0.3563805337686198,0.3926407063059201
1857,-0.3110464038731235,1.4415691591599897,-0.46008307068066406,0.531753805925609,0.18973918587847594,-0.6518220590534892,0.5063249298198467,2.278863692596157,0.29682349346439074,0.30625176198324117,1.4404804119718662,0.15950525209682737,0.2750830471012829,-0.7223004943883815,-0.7397449532319952,-0.3315625081992509,0.931200323611534,-0.14057618687892826,-0.32333794407295363,0.5316386092999545,0.630040716423125,0.5087617698829956,2.320227296565434,1.483619702785381,0.5217784397950701,0.5607558442478392,0.9177495278833172,0.5437854784187348,-0.09681074170881675,-0.1462266396495958,0.753028074733158,1.7144901883599102,-0.06269480439360108,0.9661687647553371,1.6232692705233294,-0.10368623644300229,0.2770291251145518,1.8872420630013105,-0.14196393957422357,-0.30187201003032377,1.182696922456252,0.34633073582819357,0.3874165749738679
1860,-0.30928722617495824,1.4098083405196347,-0.45906104573414164,0.5283748189047268,0.19351984377862133,-0.6497938588428855,0.511016694268756,2.2702555009709697,0.30349591742213516,0.31754029558401603,1.4104897335137907,0.15319550121835046,0.26280809069750394,-0.727032807309253,-0.7431689317395956,-0.33614774508430706,0.9307337032707614,-0.14134863387899235,-0.32526754826748205,0.5286396462938052,0.640870205250383,0.5094874228685589,2.326871757017201,1.4785633495801997,0.5110270706696428,0.5776040059292513,0.9271132578250134,0.5498532278693422,-0.09807601249888023,-0.16143959167587613,0.7591482801533378,1.7227284869240584,-0.06904685812974505,0.9423294149318203,1.63661838629353,-0.09307240497927256,0.29946830916165995,1.8781829010668742,-0.14899936488667911,-0.30841564127942994,1.164430891759461,0.34506730511601214,0.3811066881874836
1861,-0.3088152778260377,1.4020127243888156,-0.4563552164025769,0.5265969746750961,0.19732461326324277,-0.652113707152429,0.5084351838803683,2.284037659947194,0.3005738368627336,0.3249524695229847,1.4115893871856078,0.15855688730375292,0.25157021847367095,-0.7314101967610591,-0.746336111859126,-0.34038908920298405,0.9391870568121877,-0.1305486241781385,-0.32705243214742086,0.5343581075117273,0.6484419518876631,0.5347532633395686,2.317838016759412,1.4952908209188678,0.5038237504090688,0.5824749772000224,0.9351974650893257,0.576594040288721,-0.10158321030068354,-0.17551157230018544,0.7549759733520705,1.7563925042697242,-0.08495918797842636,0.9258450928707396,1.6526984676707444,-0.07392635265423383,0.3213776467283528,1.8906892778736573,-0.14791160328335218,-0.3108830052580266,1.1714561344492813,0.3517532616418943,0.37431583907280264
1865,-0.30803564637368974,1.3924260601218992,-0.455334497609865,0.525032770853832,0.20140877297023888,-0.6516878878750483,0.5089970456664054,2.2874360959220312,0.3021422681617824,0.3274242545689732,1.4036567599050433,0.16034098889169973,0.24025056806950681,-0.7354592820039796,-0.7492657534696914,-0.3403601320918645,0.9461393296098732,-0.11504088049405009,-0.3287034497363643,0.544789389398962,0.6542517286184564,0.5525758679709744,2.3166378444831572,1.5075790648914105,0.495501561475743,0.5922195817861857,0.9390484751781427,0.6081588208487769,-0.1104017158569899,-0.18852815437767154,0.7443049670403212,1.7940838366169831,-0.10325106501409435,0.906042325048098,1.6684206000619992,-0.0574447947217369,0.33742761730708143,1.8988921818762508,-0.14280162206499272,-0.3134387052887846,1.1708865639135453,0.35135752080140586,0.36881745773978475
1866,-0.30766477492590383,1.3858070796481896,-0.45611513854703434,0.523808289527151,0.20552345877169836,-0.64939051738058,0.511543683035321,2.2805289833620956,0.3152024096711815,0.3307257131172014,1.390668575564168,0.15592598515888262,0.23003307295946948,-0.7392046858536812,-0.7519756719594646,-0.33949888291077174,0.9457160961147894,-0.10314288419612692,-0.3302306410061369,0.5563944987525036,0.648785905596225,0.5469743120510455,2.325631743516359,1.4996766825404384,0.4838113785786277,0.6067079631522219,0.9334764037654861,0.6296732571052502,-0.12183453699976442,-0.20056849279934616,0.7295105215523005,1.8279553305993528,-0.11584215236428298,0.8908422902147296,1.6846304191334567,-0.04574466736431106,0.3557019657610727,1.8903300371414398,-0.14912329888963263,-0.32018934190221693,1.1553897997395326,0.34711708816954323,0.36346514169178173
1871,-0.3092083142809585,1.3928848587964509,-0.45518800101325885,0.5225359551331406,0.20633764633004378,-0.6500284620528203,0.5117068983522887,2.2866244365397255,0.3194200094718394,0.3353837134342783,1.4013071516899533,0.15972999280509523,0.22397760293319655,-0.7395317607734953,-0.7544823465625046,-0.3343373184686457,0.9506734418684729,-0.08734875567499903,-0.3316432929306766,0.5664590659321647,0.6365006265456424,0.5465722499346302,2.3270795071720043,1.4983673409547615,0.47699588226526696,0.6201097159158053,0.9209961558968739,0.6511710606248098,-0.13362004390614296,-0.21170580583939516,0.7094060237174102,1.864587372556439,-0.1372728346088181,0.8784755988216985,1.698526703866533,-0.03811882887323515,0.3716665862516574,1.8907019855318299,-0.15392015738660084,-0.3256676482804678,1.157010438701516,0.34987875612773367,0.35790968790396194
1872,-0.3124556899814626,1.402523308478493,-0.45274377347707495,0.5204958542998325,0.20465549416965056,-0.6554040276161358,0.5075881745543438,2.3160303240579387,0.30383344877482604,0.341286500516033,1.4362369205944925,0.174486294917043,0.22459949312773209,-0.7394294076426764,-0.7568010205703167,-0.33404613418010737,0.955916395607794,-0.07320827800477457,-0.3329499959608759,0.5712794690282125,0.6229203170237199,0.5609897046301544,2.320353215050401,1.5148871416615213,0.47748435345224843,0.6323408090436073,0.9082117179514712,0.6712361981133955,-0.13948036404655687,-0.22200782040144054,0.6926789805146288,1.8924206202264398,-0.1715522268680532,0.8617723213361421,1.7070002111324856,-0.03722493099294641,0.380852603207463,1.916353275290393,-0.14900456523087044,-0.32664989021186713,1.1869267006277773,0.36329179137737966,0.35257325975688086
1875,-0.31337433822413624,1.4041013473376274,-0.453455153049095,0.5198339897994769,0.20320255619275565,-0.6601388991265904,0.5026907379948637,2.3350871289139334,0.29335731143702465,0.3402637764591463,1.4552904881763515,0.17961796074008485,0.2259185565667649,-0.7428770520694755,-0.7589457940275429,-0.3384450991165993,0.9541825829842849,-0.06389537530009759,-0.3341586962638102,0.5792617222904092,0.6108845265810025,0.5711769694649111,2.315503671687239,1.5272027316992949,0.47289011498733224,0.6438200983653367,0.8915848875952633,0.679984104514888,-0.14470920701875972,-0.23153718387133249,0.6757941748581773,1.9086358847359106,-0.20164358746040958,0.8550553374011168,1.7153320616600243,-0.03717396174271193,0.3937467969336242,1.9341490517964928,-0.14445148742263014,-0.3249663046299391,1.2040903173648856,0.3679606881261516,0.3493363909207875
1876,-0.3096195149444897,1.3877109013232505,-0.4575291703162784,0.5204669607796863,0.20069932634711518,-0.6611937703680123,0.5016539854990717,2.3220922327132123,0.30153208410657467,0.32978249754051425,1.4340630078040382,0.1662498542477781,0.22004875693140105,-0.746066123164265,-0.7609297094754771,-0.3425141416828544,0.9515240528449439,-0.05936454070121046,-0.33527674404402436,0.591425586927026,0.6134048870655896,0.5739655255114878,2.314651953849899,1.5296693831012222,0.4607427180713186,0.6544384409879364,0.8747851177758638,0.6767163627639815,-0.1541702488098394,-0.24035184508098256,0.6594386473519634,1.910328239760205,-0.21642342431809375,0.8701326448406049,1.728328450053622,-0.0316673435071384,0.4170677576366202,1.9228500658682695,-0.14408125604860575,-0.32215241689963847,1.1857083556049546,0.35129269910435873,0.34922225210123203
1880,-0.3034633813047895,1.3882566516747334,-0.45957143713475507,0.5249983494264333,0.18597013902224868,-0.6702878591678422,0.490414137585528,2.2960143009688547,0.29954167291649775,0.3218205339785177,1.3878445025999655,0.13699495929856503,0.21334056221651798,-0.7490160139269452,-0.7627648312648164,-0.34627800605664033,0.95108513286842,-0.060416617009676245,-0.33631093824072256,0.5838257906955787,0.6239608185894467,0.5728654933138253,2.313784687202155,1.5404522884191356,0.4494876781770484,0.6572254140707781,0.855831575207214,0.6490284285741116,-0.15769829522280457,-0.24850540669990887,0.650027409896676,1.880958397371411,-0.21820242875694515,0.9718483817916583,1.7395994163210073,-0.024187106717331066,0.44469252581387364,1.9030651975854043,-0.14787513681032358,-0.3265308163168916,1.1505304367176012,0.322156318982954,0.350781690669457
1881,-0.29303687473045337,1.429454286225279,-0.46079266390794954,0.5378288557757012,0.15271231280956768,-0.6896108415944061,0.46027813174949733,2.2549183051995856,0.27506851222838985,0.32937902382694656,1.3139987193472378,0.08843514238661603,0.21281369788167462,-0.7517446628824241,-0.7644623189199551,-0.34631226795192266,0.9418238322094501,-0.04043347490931573,-0.3372675678726684,0.5634711031489741,0.6114670441906737,0.5901119977272876,2.2999319699255483,1.56553799108144,0.4471721979430659,0.6309491361050766,0.8228025859872088,0.6188342620787737,-0.159458158313065,-0.25604745119741573,0.5893191896307224,1.8554544591542304,-0.2133266646930862,1.0953091281822838,1.731421425433517,-0.04181897003896721,0.47024543637783317,1.872538715288028,-0.15173367607948582,-0.347300615107654,1.1047333455924209,0.287888118486104,0.353208395049471
1885,-0.28207066778870177,1.4599787030144604,-0.4613657790328957,0.5477045344351156,0.11778086725502517,-0.703756785341435,0.43689105890800356,2.2203702574462025,0.2507629777860006,0.34468769458629817,1.2791539831255756,0.04978234055678456,0.21497904314348132,-0.7542686631662422,-0.7660324950009585,-0.3497912728555285,0.9349202015614375,-0.04122927604049615,-0.3381524502822183,0.5657833251984107,0.5668353778038212,0.6228895460176068,2.25230014408353,1.590690506011065,0.4457679182793906,0.5951253790461605,0.7750991931408272,0.5944570355017909,-0.15951064456947966,-0.2630238423576095,0.5118233950297781,1.7403780010169931,-0.19557562208256757,1.2095103185936127,1.7213710792742556,-0.08529295591209103,0.49388187864949573,1.824991245497333,-0.1515837021843843,-0.35775862917736656,1.0750300520897482,0.2619529217057965,0.3558563842325439
1886,-0.2764178925748655,1.4725548942691615,-0.4584027275217672,0.5513487676299033,0.09015250681132947,-0.7101647226880348,0.42843100797916883,2.225619083749804,0.21404250521849916,0.34081436264424303,1.3320003118166601,0.03974664767609256,0.21738574434078767,-0.756603363428774,-0.7605926724858106,-0.35300935239136394,0.9433411864443296,-0.0877318769852884,-0.3389709665110519,0.5990164846629566,0.5005317359151438,0.6451141066648319,2.170734814572541,1.6049596414814151,0.4422061103611896,0.5691693560040164,0.7190506672626122,0.5672692759530497,-0.1514099681099901,-0.26947700418078874,0.4156024401831925,1.5313096509407187,-0.10692179804780426,1.315146419724092,1.7244029383944954,-0.12252185355643579,0.5157455877507835,1.7850346990227297,-0.13469800729023051,-0.3386532042653008,1.0898649028898424,0.25285666083925634,0.3571455730195927
1889,-0.2680473072084174,1.4724169541998078,-0.4475814849099463,0.5568601309512777,0.05665641031567436,-0.7189825186876385,0.4120206105871979,2.257917064306025,0.16079082816059911,0.3378178461853863,1.40245818355047,0.03431327038303104,0.2216789329927418,-0.7587629611716159,-0.7544715361720442,-0.35598607596201165,0.9511305974610049,-0.12287295925474628,-0.339728094022723,0.628106728689225,0.44446460386441417,0.6683016870078675,2.087420684396649,1.6157496730433218,0.443032507175706,0.5537006708175378,0.6850262991972726,0.5444553493340397,-0.14300766570241885,-0.27544617886722955,0.3108610191780396,1.337921427120165,0.012701525729678954,1.4128598132697852,1.7376223753242377,-0.15631924349226362,0.5359695186694747,1.7421208981629466,-0.12823557614591902,-0.3316107329834604,1.109733795018131,0.2529483176026573,0.357677804344353
1890,-0.25614366071283123,1.434702044647576,-0.4306705209587511,0.559790624397956,0.004621664780096211,-0.7358033199279201,0.3810598003382905,2.324108644058061,0.10669841548730631,0.35651869352208604,1.484204448330733,0.033967707922244884,0.23208341783435604,-0.7596902097401639,-0.7567910209591407,-0.35873954526486085,0.9583358026514295,-0.11240602780606791,-0.3404284369710189,0.6342035418856719,0.4014247258301299,0.7154035813553178,2.030012036596829,1.6269619509856648,0.45468049940936267,0.5518336590950529,0.7180669433876924,0.5476073503782533,-0.1465299694743294,-0.2809676654521874,0.32573532208039313,1.1590373200861526,0.09401231858641783,1.5032447022995514,1.7597084822731646,-0.20204704823474381,0.5546766547692641,1.689223408086099,-0.15054677223252755,-0.36016092622235285,1.128819799211557,0.27375102116762606,0.3567101141557083
1895,-0.2492665168076524,1.4024133861981332,-0.4258667658125375,0.5638591193179953,-0.048110620342052005,-0.7515915866576216,0.3389075812632648,2.385419745753707,0.10951474687357768,0.3916810809984774,1.5460508122624375,0.02523364384313513,0.24534007132577995,-0.7614197642499089,-0.7581784229206525,-0.3612865043699963,0.9650006174525723,-0.11655231410857263,-0.3410762541981925,0.6498124773782409,0.3940282141096614,0.7507951870750791,1.9921414910804511,1.6314784447630255,0.46683468003973827,0.5618491137211722,0.7771984890206288,0.5580583987216389,-0.15172473815848136,-0.2860750405432733,0.38941603243511874,1.0008309348614228,0.1915893116038652,1.5868507246520849,1.795233410857712,-0.25174794765449915,0.5719807556615693,1.6493147464317186,-0.15653285807210918,-0.37638443663906684,1.1630902519130286,0.3121245070800542,0.35307432199712163
1896,-0.24138370669666992,1.4086215956288644,-0.4372516388386155,0.572414584109123,-0.07852455127608919,-0.7610048465914269,0.29503739120733014,2.345317459254879,0.2089966517092664,0.4388208989574808,1.4938003800061792,-0.008346270589051383,0.2556208783672091,-0.7632181319311658,-0.7365762943453867,-0.36364244154224656,0.9711655711436293,-0.15329514420907425,-0.3416754851333281,0.6634962386436893,0.4427239606105755,0.7576960856252078,1.9850918285199137,1.6272668902107243,0.47914875415949437,0.5786152801920843,0.816661411440735,0.5497350402862621,-0.14813313834109962,-0.29079936250252775,0.4479649288313881,0.9271212991543606,0.3036029783128434,1.6641862953281783,1.8429744279688993,-0.3035539584115672,0.5879870489869516,1.6260124469873123,-0.13817702444007415,-0.3765073125576882,1.1914756905596509,0.34761998154905016,0.3482663055218293
1898,-0.23639164475735397,1.434172762203113,-0.44264887857362484,0.5694365426324519,-0.1135231497848835,-0.7782536226125769,0.23911465297659878,2.259653755736378,0.27457336742634897,0.46441545471114953,1.403401691600489,-0.03260802983923622,0.2620103243591216,-0.7648816220363283,-0.7081071173494893,-0.3658216834265781,0.9768681533078571,-0.1835337279778261,-0.3342177933949997,0.656672839699703,0.5484969488521356,0.7483713468091853,1.975242539822469,1.6268053172251224,0.49099471111824466,0.5931258617010049,0.854995427402131,0.5303329240123543,-0.14160918528544722,-0.2536781988115324,0.5219193830077181,0.8738030066910809,0.40377529308789684,1.735721698203565,1.8961340607280306,-0.36721083474830823,0.6027928703129303,1.6215376874306684,-0.1435264621758653,-0.4034990543560293,1.191727817887585,0.38045329543287143,0.3436627001523149
1899,-0.2430217026904061,1.4977044728669722,-0.4386345389627077,0.5537776195856698,-0.1610058214213092,-0.7990317320728052,0.1701639346489482,2.207027550202774,0.214024509268551,0.4306855634841381,1.3855466092446245,-0.012830521556973996,0.2660335784840453,-0.7664203503836036,-0.6873061536288131,-0.36758895261714486,0.982143041809768,-0.21224346233411037,-0.28576586782058805,0.6105435455113488,0.7315931714017042,0.6847327510971353,1.9087577693221838,1.6279906890882438,0.4837179378465292,0.5929985487426294,0.8741061927448217,0.4810920407841767,-0.12595425130060367,-0.24267984064060308,0.5129712392875798,0.8644553067946538,0.4762653658288842,1.8018919458632976,1.9384960865036258,-0.43780690459560345,0.6164882550394604,1.6421287183875712,-0.17592054617464828,-0.4672989285363479,1.1622772986167644,0.3880994007006307,0.33971178097988236
1903,-0.24120953212176857,1.5438465666380996,-0.44830600257262404,0.5365480612190119,-0.21070042911631343,-0.8109845715415873,0.10012757808830156,2.14879880075563,0.1734978319633105,0.416667664170675,1.3220838828933852,-0.010441892520269029,0.2671597006216756,-0.7678436741048335,-0.6593423918462084,-0.3605404973208129,0.9870223136740353,-0.25100606789603114,-0.24903266108556127,0.578579094790795,0.9123429335465764,0.5209748776664024,1.76560093662302,1.6326602657335592,0.44678387019955246,0.5419642904348242,0.8802199983033788,0.43796826609777745,-0.117777551395748,-0.2082620444338288,0.46115532919043495,0.9124124301356047,0.5013947840694813,1.86309942494855,1.9696659162403047,-0.5146961919083248,0.629156485911501,1.629565387505665,-0.1779177550911922,-0.5106625653849783,1.1201839787581438,0.3792995986621757,0.3372693882348152
1904,-0.22568997654691414,1.5171020767461973,-0.47253102203792663,0.5183408189565192,-0.2583308287184019,-0.8144149560088267,0.03628026689937226,2.12262044032403,0.22083443323803734,0.4517714438536322,1.2466582423601404,-0.029215907231434364,0.2680133698469673,-0.7691602485469711,-0.6329685346274181,-0.3093184348418006,0.9912164678325138,-0.3080439294344829,-0.17995392765341192,0.636153227200876,1.079536463530583,0.3640917618414223,1.6331808663762934,1.6591243322520999,0.3952701348226945,0.4424121186522124,0.8879002338134224,0.45185995186179995,-0.1326217636919379,-0.14355266819670914,0.4459637372861912,0.993782609209757,0.44314592410577575,1.919716343102409,1.9732450681751883,-0.5885546760327025,0.6408745994681383,1.5991222806330943,-0.12344446893562702,-0.5051077147889067,1.082604702677474,0.36851765717409496,0.3370463535836473
1906,-0.22180937992203253,1.5241533212713299,-0.49037939186728396,0.505974439301849,-0.29854254541001096,-0.8092291592987866,-0.0032222808490078945,2.1125166121730676,0.25290423121592137,0.4765568557408051,1.182053770379543,-0.04785379364237863,0.26819103184287385,-0.7661321006675959,-0.6204369399302663,-0.27386355489772735,0.9954152327450754,-0.34898374443813623,-0.1450857572418509,0.634751578175328,1.2341904787657894,0.21897487970331564,1.5106923013980715,1.7084280537856495,0.36145566187232053,0.35032635975329646,0.8912612807916773,0.4657551822450837,-0.14917259735596633,-0.09585601688331372,0.4283715603859723,1.118284531120633,0.33149321825659894,1.9720869923947282,1.9542708302248415,-0.6617073590251865,0.6517138545080278,1.592426327577215,-0.07919277241951858,-0.5118435608154825,1.0441156315800053,0.35583984236243293,0.3371491310349933
1907,-0.2376446847852573,1.6097832144825712,-0.492589470225507,0.5064859685244436,-0.3333117602692201,-0.7951258450694504,-0.012252536744796838,2.0863413918810614,0.27871525759476234,0.4808270906411471,1.1346848087239851,-0.06685748811121078,0.26975184004325986,-0.7675770431175263,-0.6093422198870364,-0.2825026849233688,0.9992990902891946,-0.3597396434053651,-0.16038427544871212,0.590965913087334,1.3610186882512236,0.10368313191924897,1.397390378793216,1.7342487882584687,0.33132800920431704,0.27163247359503173,0.8968329948969819,0.41540324369736076,-0.14612791453663967,-0.1131347313059197,0.3991127076332367,1.2073861620086466,0.21498818088400473,2.0205298429901237,1.9315530497279676,-0.7265626329290629,0.6617401654199255,1.6144081798399361,-0.07896931746795502,-0.5328258097589751,1.0227240670485775,0.3448422405329298,0.3356456477198137
1911,-0.24223059539607236,1.6473955377626381,-0.49031668068775,0.505784042958522,-0.3580366342808913,-0.7843925855647511,-0.026842915497168374,2.0369869834290637,0.32607187184120134,0.46767733540526224,1.0931917490058682,-0.08552645874087784,0.2729732135021066,-0.7689136148837119,-0.5850971389132397,-0.29076740855411615,1.002891658517505,-0.3853636510203937,-0.17453540479005872,0.6149207679631182,1.377418886128358,-0.02112505251296251,1.292586100383725,1.7204426294736472,0.2762949141304669,0.25612860773752955,0.9259081005717953,0.30421598852457343,-0.13100561348931242,-0.13082957645797572,0.38479160997005285,1.2415346889544596,0.0887683039741532,2.065339479790864,1.905133557250132,-0.7898804354593831,0.671014503013431,1.6328992625139211,-0.0695455018322559,-0.5325275718955272,1.0056620535516567,0.3243719397210859,0.33293290695635963
1912,-0.23247646337816283,1.6272710221397697,-0.48727238425550445,0.49644478918803786,-0.3718529402705307,-0.7798955519071249,-0.08385040378964752,1.9693013376291966,0.3463471866399168,0.4246045143171493,1.038022443547415,-0.08684885190346225,0.27335723065741313,-0.7701499437674334,-0.5664237900722459,-0.2888342301028628,1.006214784128692,-0.4212676640186331,-0.18762519943080433,0.6636427667274253,1.4071289107269096,-0.13735067357449032,1.2237828171261322,1.7075554817786347,0.2522030949006972,0.2729231520966629,0.9560858599637307,0.17372609647257148,-0.1251594059317163,-0.14719730822362753,0.3714626590335024,1.2677891425747385,-0.035699318823908296,2.0972617961604705,1.8633185312644243,-0.8484494027999295,0.6795932652874236,1.6501591293437528,-0.049121752831064396,-0.5420583801843587,0.9714130538276798,0.28373458545239855,0.3305001992971326
1914,-0.2239038682731669,1.6166210510704455,-0.48079100642265554,0.49234357359472564,-0.3813146884634059,-0.7730170270106103,-0.12100243738746831,1.9014626868109439,0.34279192245128687,0.38064295954850413,0.9929636039948864,-0.06877155447811348,0.27303326788960963,-0.771293547984876,-0.5624411236550725,-0.2966240878451481,1.00928867531904,-0.4300864685506984,-0.199733259473494,0.6751478319039114,1.389750299478974,-0.2249732846333151,1.3283484808666723,1.675663524763144,0.26459899632453754,0.3113587656894132,0.9753295159536887,0.042886639237128606,-0.11872948915303382,-0.16233746010685546,0.31039189360977404,1.2518196075325891,-0.13189304132143165,2.107706517815594,1.8525335423000109,-0.9021585685466506,0.6875286203908669,1.6729466979755674,-0.017720286715348053,-0.5628049430240549,0.9565557076917433,0.2318068367049217,0.3264288930728222
1915,-0.22108844972296093,1.594505079984092,-0.47830974456053005,0.4951924825001564,-0.39638049646124257,-0.7615631753066755,-0.13299788463462411,1.842434496285698,0.36184016983110057,0.3716288241027509,0.9578232400376518,-0.04788263784440331,0.2745403465355888,-0.7723513818860104,-0.5788586972664626,-0.3038297062567619,1.0121320246701118,-0.3981725467238526,-0.2109332150129819,0.5960938893395323,1.330766029825093,-0.3008853608031877,1.37977961784333,1.6644821163881562,0.26502619647489123,0.3469117082627071,0.9812233197766118,0.013949564869451148,-0.13658555526805485,-0.1763421005988413,0.22481079944367227,1.2384995379338284,-0.21798024501830976,2.132256999977009,1.8608270277215695,-0.9481001262238253,0.694868823861552,1.7032566047733542,0.05006243719363885,-0.5781374200596048,0.9674661206353761,0.17383974422878964,0.3205767978473817
1918,-0.21674313248919932,1.5604860406749526,-0.4739824629369952,0.49253834242337935,-0.40789496770540146,-0.7530047822327803,-0.15495636320591177,1.788497485456923,0.3570354385298558,0.3623320819365426,0.9350935716817907,-0.025434854185491063,0.27361404320894817,-0.7703849970753995,-0.5896381502009849,-0.31049490328750484,1.0147621228198533,-0.3655443072756883,-0.22129317388700828,0.49465078051329286,1.287376247643678,-0.36297132766686363,1.3445385950580224,1.6690518558598098,0.2731221696042587,0.3540074265724736,0.9839083220777423,0.022185683611248983,-0.14462532613105447,-0.1892963930539282,0.14154021180574172,1.2382408123411628,-0.26870996849447687,2.164647783656533,1.8834879407571115,-0.9694868001140853,0.7016585120719357,1.7258738352265772,0.12072617963570792,-0.5931251173802058,1.0040114842017307,0.13158592944487316,0.31470533511029897
1919,-0.21363431641221675,1.5588014343131633,-0.4620481309365609,0.48871135473128163,-0.40925213798813465,-0.7508453704798982,-0.17293099472841905,1.7717308872922457,0.33356981212757814,0.33779995483417613,0.9451833697967058,-0.000290153000469931,0.2747424336025262,-0.7635721163312864,-0.5904838746138145,-0.31666021054094196,1.0171949636083644,-0.34269917990352167,-0.23087613584548267,0.43401269550385074,1.257280744121176,-0.38629812471120384,1.440047575453671,1.6496787378125932,0.2855859730351278,0.386361719579538,1.001396797682349,-0.047788970562189115,-0.10269659527215376,-0.2012791135748836,0.061103835086136135,1.192109350262532,-0.28545535698278934,2.198648574907293,1.9413340772684453,-0.9617233941089811,0.7079389736665405,1.7480293408386938,0.16939202618354357,-0.5880516920923128,1.1015262085087023,0.12644279596452304,0.3061702814209671
1921,-0.21436141827900457,1.566761315165246,-0.45555745101148004,0.48914329430479675,-0.411819584715534,-0.7480620226085525,-0.1776138440892984,1.776297913809053,0.32579349528865104,0.3268098983016047,0.9659579207161231,0.016822067392091297,0.28065985888736794,-0.7507759932782606,-0.6031130737749261,-0.32236311975037135,1.019445341337737,-0.3229109500395201,-0.23974037565707149,0.3661219024872619,1.2289888510947833,-0.42031156706511286,1.5283933823196456,1.6351900775642638,0.2752091002358644,0.4149170730816552,0.9999530384467661,-0.07027245941743315,-0.0674588901321799,-0.21236313005676732,-0.002251788603787358,1.1576147608909875,-0.31517252702564985,2.230099306814246,1.999189600611769,-0.9400980174011767,0.7137484006415499,1.7826261728914057,0.20717126245326228,-0.5673246847985723,1.1897121150802752,0.12947703212705527,0.2966667582875764
1922,-0.21565528243550264,1.5751493475175073,-0.45431733514548084,0.48808474748858416,-0.4178505203762258,-0.7446832155833871,-0.1806132063795696,1.7658356637572052,0.3177689216479643,0.3276273707781257,0.958053472351947,0.022125039202595106,0.2863033452026713,-0.7341917211203154,-0.6167844432418066,-0.3255250728101325,1.0215269407374066,-0.32180496405115755,-0.24793979748279113,0.28937603944209295,1.2278853478589564,-0.4775021919423032,1.5589340949954842,1.639865529242934,0.26553374435060745,0.4166919832131037,0.9805540551549669,-0.00029583829373871356,-0.09320528841367014,-0.22261584530250977,-0.03842261125203469,1.189835287215788,-0.3633932735420423,2.2527293029101227,2.0280145366222095,-0.9050039021094662,0.7191221205934336,1.814036815626413,0.2095311392763146,-0.5559147703085151,1.1918749059529183,0.10958528346328358,0.2881009499525706
1924,-0.21930902102745148,1.6013782136063617,-0.45288747554558567,0.490130361347268,-0.4185159823898226,-0.7432795973639609,-0.1793099035534464,1.762386409023777,0.31027140606163817,0.31987272941155215,0.9426600508413505,0.018666048313230273,0.29180677923092124,-0.728607952192819,-0.6294304599986712,-0.31941064876797814,1.0234524201821011,-0.3290401314042917,-0.25552426267158185,0.23688791216409077,1.2324361975783786,-0.5192694374731146,1.6035795010391494,1.642803377556241,0.2554981748201776,0.41957869285540167,0.9601578200668889,0.04538593517970325,-0.12680545885090885,-0.23209960690482156,-0.05725004738874352,1.2169742043833576,-0.4024534124010222,2.2574828358892503,2.0573879294253894,-0.8634443328289189,0.724092811548926,1.8259815166120843,0.18843746811893775,-0.5435703206388853,1.1791139035939735,0.09870147322996427,0.28087823974296283
1925,-0.22659058980392455,1.6310023216103673,-0.45629021557324334,0.49472160079209937,-0.4174660485638529,-0.7429199703393016,-0.17041875975735996,1.7532715714519356,0.3198083796765327,0.3047117398997594,0.9255918979752599,0.010749394856429513,0.29699211198535713,-0.7313456694760271,-0.6411280254987709,-0.31146254806574203,1.0252334886684435,-0.33356467895374986,-0.26253989297121316,0.18593416557374026,1.2209211063527896,-0.546258458731189,1.5724967829964518,1.6425255284592242,0.2346307920329498,0.407494743347884,0.9350717093207451,0.04881626837935201,-0.1454238234860968,-0.24087208638695992,-0.07690534304854939,1.2352821184449452,-0.43016332934212825,2.256202881120053,2.094554763162338,-0.8222277096376341,0.7286907006827567,1.8131230703289682,0.1670917005831276,-0.5309594469320509,1.1671653188181585,0.09488532741532844,0.27642821767120673
1929,-0.2299149791784093,1.6404284798123316,-0.46050043911845506,0.4965943843491206,-0.4200731300468054,-0.7418430766278964,-0.16309945586927835,1.7424284461484059,0.33077462657824563,0.2916328545463454,0.9066538123043411,0.0036806150610629576,0.30171940106858824,-0.7347073342269087,-0.651948273586363,-0.30060062254170417,1.0268809770183105,-0.3434821485071163,-0.2690293509983721,0.1339244697807476,1.2169101934839754,-0.586178483716766,1.4827330490908126,1.637829352302863,0.21858887836309004,0.39895771348374676,0.92165997536937,0.04370640114362178,-0.1647033209752833,-0.24532520557133194,-0.08539062120738408,1.2598848295341396,-0.47909414794059274,2.2326451755695476,2.1200267391626846,-0.7960618576321309,0.7329437481315498,1.7949740903691704,0.15568461439903114,-0.5136909070858283,1.1285728117562408,0.07948862076924933,0.2744756014301899
1930,-0.2233374249102794,1.6178088784020015,-0.4606468842551374,0.4953581738505113,-0.4214563208224022,-0.7413874653696993,-0.1653465313546788,1.7694853014098955,0.33946339154259747,0.293663494450044,0.9149840511954243,0.005284531213409404,0.309270670167404,-0.7375462031254766,-0.6619570030673859,-0.3028269383896339,1.0284049037419374,-0.35776628903807767,-0.2750320996734941,0.0857043907690996,1.2150838711567178,-0.647011810267794,1.3945016928514729,1.6279368598353652,0.22189527051498673,0.4192443984401542,0.9337728669982541,0.020558144996782594,-0.15420083488229366,-0.24860899550669563,-0.075317508162737,1.252663556425882,-0.5601181145134486,2.1736419578924044,2.1280056432687244,-0.7993573201221159,0.7368778170216838,1.794001215363383,0.173775448786658,-0.4828528787189532,1.1019375974131027,0.06210972502003162,0.27409014681937405
1934,-0.21665310000787705,1.5997282472860208,-0.4602540001867467,0.4953947482681078,-0.4240543404229873,-0.7390416616577555,-0.1690543761366352,1.8022306565624628,0.3437760037944988,0.2932362035175151,0.9389290878685509,0.010879329748419628,0.3192569329836672,-0.741135087891066,-0.6712150778373319,-0.30956734301041133,1.029814535961292,-0.37312091171856965,-0.2805846421979821,0.03942813143644566,1.206546547919111,-0.7162959244977093,1.2931900706072974,1.6170943841534773,0.22449482298225526,0.4274966012538188,0.9431310133167567,0.004310501528274443,-0.13772150617739443,-0.25538424449709124,-0.06497435613374097,1.236525473933107,-0.6359192559249399,2.0996881906686076,2.1413604332637544,-0.821626922658369,0.7405168307450576,1.803611765942572,0.19081838596648074,-0.46127976485439864,1.1024738789742345,0.055524460821431455,0.27418563637251586
1935,-0.2133192472210543,1.606574222501064,-0.4577449287012758,0.4986987278378673,-0.43017884009151386,-0.732170648510455,-0.17370056375899368,1.824868261948939,0.3352293833233452,0.2739238010528105,0.962513052770847,0.017982639478179952,0.33091859065804796,-0.7444548062992359,-0.6797787969995319,-0.3158022172846304,1.0311184457641953,-0.39117088046546455,-0.2848328691776788,0.004131787530651011,1.1997314947312716,-0.780383730160381,1.1962008153117503,1.6054169051698008,0.21082913573332634,0.41702590711944004,0.9332234258743748,0.03631554419105938,-0.16139175797609376,-0.26241037615980933,-0.07484027267404549,1.230377600817625,-0.7060353117305695,2.034774420722227,2.173998868828036,-0.8575806574893065,0.7438829184391783,1.8375672816537127,0.18513867640464915,-0.46251210166855183,1.1399783672094332,0.07656740949355303,0.271327134688385
1939,-0.2109851544261664,1.6056970075742574,-0.4551709591990608,0.4980276381849248,-0.4369241887443069,-0.7265059723202887,-0.18235897860271916,1.8323417653755723,0.3298180167784753,0.2631444020082281,0.978934021067872,0.028455529980202728,0.34480008681625907,-0.7475255458267932,-0.6873282217056742,-0.32156947598828317,1.0323245623318809,-0.3982002712324432,-0.28849953752856655,-0.029694696443048226,1.204473119410831,-0.8394037454255422,1.1133881027186154,1.5910695581713337,0.204278944886943,0.4333859761944931,0.914373797022392,0.07933476064764124,-0.19997490557618916,-0.2689095479478236,-0.09271006786674318,1.2311440751419616,-0.7625276870951018,1.9944400116017764,2.2221125913241817,-0.9002215954658336,0.7469965495562401,1.8653394274495574,0.19279907592583767,-0.46324729906567874,1.1737162455360999,0.09484731641046348,0.2676595095376064
1940,-0.21408611087408985,1.6012062113595444,-0.456610235028861,0.4916312305366704,-0.4438381776638651,-0.7243914353634135,-0.19121572524547256,1.787835433536621,0.3290730313059636,0.2743181018941793,0.9589029909857539,0.038129312624737455,0.35525568457328116,-0.7503659798897837,-0.6946834550777488,-0.32690419028916196,1.0334402201569899,-0.38635401485249976,-0.2930420222139241,-0.06129929290037629,1.2122235032186446,-0.8708705115768773,1.0892545952115558,1.579023184723728,0.21273696008733958,0.4597868779799062,0.8867179203422663,0.11046839572842532,-0.2448912176304862,-0.2749212818517368,-0.1134991685132941,1.2555035834362847,-0.7670176795189877,2.0194820062896053,2.281353024725488,-0.9388557066398825,0.749876658339522,1.8533312160437523,0.2169492301796809,-0.4626086663702234,1.156218136659262,0.07715946302526348,0.26775331123028917
1943,-0.21679508059469926,1.605644941866973,-0.4562388054858801,0.4860275768394182,-0.45086771792073016,-0.7220237725881915,-0.1979322290736697,1.7423290628620483,0.3257581029885494,0.2838045937327154,0.9326225936830803,0.04814981738569255,0.3630283446497238,-0.7460953178908634,-0.7014870459469177,-0.3314279844483981,1.0344722036452156,-0.37448900512673994,-0.29724382054787973,-0.0815405831154506,1.2190572664188146,-0.8877763525870955,1.0674249144039625,1.5728224207658166,0.22318943014731588,0.48420771213141317,0.8588969898781563,0.149122630546803,-0.3024771014269332,-0.2804821357128566,-0.131234567483378,1.2829987821418438,-0.7444033863631135,2.0585724946696926,2.340767536475409,-0.9803749471280321,0.7525407589640577,1.8462368208522804,0.23616179559272246,-0.46834212785060075,1.149817247867664,0.06351268797695685,0.2676186659531473
1944,-0.21286013607404522,1.604681296751969,-0.45328741718430343,0.48294278992447476,-0.45437432938975036,-0.7204823520973359,-0.2030157894545882,1.749562973190316,0.32979435597244056,0.28634759458991055,0.941572677212666,0.0623485863985885,0.3743665984403918,-0.7329086122441045,-0.7077803675008988,-0.3360233106147683,1.0354267883718242,-0.3721544677582177,-0.2985691144886046,-0.09390844445906676,1.2272457523848945,-0.9128631688655197,0.999259734175102,1.57649422380111,0.24036289505693226,0.49288376857188687,0.8471146062168898,0.1829427489724932,-0.33964074350885975,-0.28562592553439237,-0.13818534782520966,1.2810143039858344,-0.7361979714362666,2.073495845113225,2.3971950991136466,-1.0246568260934297,0.7550050520417535,1.8672992274636395,0.26591671370950426,-0.4614204510465233,1.1868393242764486,0.07374638654412172,0.26542186238661986
1947,-0.2133050640922378,1.6094147746780287,-0.4536757837794444,0.48233433037700557,-0.45490551734648155,-0.7203385126556164,-0.2037817244322707,1.7618751449192178,0.3392193071851592,0.28716732080339596,0.9578341405051775,0.07567271098431173,0.38834490474284356,-0.7264991764096207,-0.7136016899383315,-0.3397917527831557,1.0363097792439373,-0.37655908765392093,-0.2995349492085345,-0.09546829960760261,1.2478636408834738,-0.9196670296974813,0.958502246415385,1.5844243465296428,0.2688013723181591,0.5101669111768428,0.8423677846984923,0.18957706019207024,-0.35192238979271967,-0.290383931119313,-0.13672246337903748,1.2855847655521768,-0.7250609498761657,2.0894781562016034,2.4526284454419907,-1.0656175641364223,0.7572845231386219,1.883923662744473,0.2873346782600666,-0.4510167335419567,1.2185493664551657,0.08375276746208418,0.2640696262945797
1948,-0.2199417822089635,1.6308470028688742,-0.456637799072583,0.4866824878933355,-0.45499151337333305,-0.7192364746805504,-0.19703241414876702,1.7724144124334007,0.34819888795712867,0.27807974925523427,0.9741064806575793,0.08591992726453661,0.4032074445037914,-0.7307996065768168,-0.7189864131929565,-0.3364284121690761,1.0371265458006422,-0.3897547468422516,-0.3032497780178944,-0.08196543943494013,1.2766926825315223,-0.9068938709492006,0.9901283677911481,1.5823510619520327,0.29661080620416447,0.5308092428385794,0.8438920524425836,0.15594439418054257,-0.3409376412111497,-0.2947850862853645,-0.12064239418109239,1.3052671225676433,-0.7200627867411897,2.093009260652718,2.5014978238605394,-1.084010868665858,0.7593930339032254,1.895684867210803,0.27447047043154393,-0.4500821127714092,1.2501079227743166,0.10382583613647937,0.2620162298574017
1951,-0.22565693286671257,1.6513251817635983,-0.45880209668046784,0.49220451292039213,-0.4537551280303491,-0.7183792796452942,-0.1891354324902378,1.7905279387689783,0.35193785307620923,0.264427857166227,0.993764093566057,0.09310554718501383,0.419869857507613,-0.7347917046819137,-0.7239672822034847,-0.32992241482344187,1.037882054865594,-0.4041317512205982,-0.3066859946665522,-0.06164777916374759,1.3001783436304664,-0.8908336963755035,1.0367987207648546,1.5731750220072167,0.3194396323354709,0.5499033996256861,0.8452854276694023,0.12170729202471911,-0.3223794034623189,-0.2988561548139621,-0.09930085122151944,1.3191350397390533,-0.714943337524879,2.10102615370176,2.5432985907349046,-1.087169282780433,0.7613434063604836,1.9128841183411285,0.25749579084543034,-0.4476406257443104,1.2752667646668732,0.11984247803635249,0.2593596786921869
1952,-0.23167966332044493,1.6676412827354385,-0.4590604491290178,0.49319566834065137,-0.45441282217254186,-0.718831225309255,-0.18316301290271247,1.7706398503763034,0.33841053985798014,0.2554907085272518,0.9897916792582773,0.09600413550074109,0.4342936789593575,-0.731991741789788,-0.7266381778071089,-0.3234427325586007,1.0385809007506743,-0.40491686867597837,-0.3098644950665609,-0.0416506993839785,1.30895694299393,-0.8684575811256355,1.1131080740926145,1.5610226908447473,0.3373002714367036,0.5675654946537596,0.8280420811719404,0.13588219903756676,-0.33419166328326033,-0.30262189320291494,-0.08640760240999852,1.3466949115552953,-0.676873391279887,2.139798567199128,2.573629937224783,-1.0859478078090057,0.7631475008834474,1.914770400919287,0.24330716900763724,-0.4457521891925949,1.254577937149678,0.09677006256667077,0.25918550975339744
1954,-0.23607833386837437,1.6834539097361194,-0.4588244185004623,0.4924948859584811,-0.45764411487258344,-0.7179224427227714,-0.18054921119240955,1.750181785155489,0.3281570526168688,0.2508456386560833,0.9774892398122035,0.09504789583256347,0.44898932083313176,-0.7280691545315352,-0.7276807587568932,-0.31420914765693675,1.0392273331943735,-0.3990540568615331,-0.31280460793656883,-0.021573167310716655,1.314992619982293,-0.8490440560399962,1.1710777170552635,1.5483981956633603,0.3388442073313494,0.5839029325547276,0.8039760758180927,0.15604666415614518,-0.3569383054454095,-0.30610520121269635,-0.06719453893165922,1.3693262064671596,-0.6492825498646662,2.175663049684193,2.5902895068405933,-1.0629964525060458,0.764816288317189,1.907477272580034,0.23141702076229548,-0.4451074792419038,1.2389524229595057,0.07910577990147068,0.2583837369993066
1955,-0.2335096921870799,1.689224998084074,-0.45899139133121325,0.4904723916326488,-0.4602131846017897,-0.7156140057214158,-0.18851326897642537,1.7772611728999452,0.33921745235775486,0.2520651088089164,0.9832061151201631,0.08942058832788104,0.4688370551266818,-0.7291726614169982,-0.7276483340419931,-0.31021278508045214,1.0398252832047954,-0.39340234952691344,-0.3155242123413261,-0.009165533491815236,1.3236758267671502,-0.846556167478589,1.1279587482238043,1.549702296473326,0.3289552905757036,0.5898013360964632,0.789751506678927,0.1558702465275116,-0.3703134744785275,-0.30932726112174413,-0.03545073694614799,1.3639409628351922,-0.6582368470456238,2.1567589265408955,2.6035884646187224,-1.045515557046232,0.7663599166933999,1.9102150994344613,0.24908020675238557,-0.4376226332643157,1.2775426237978198,0.11355570312225527,0.2540403668968775
1958,-0.23095151216955442,1.6888161742842913,-0.4608709656640898,0.4898070857345369,-0.4633742045014372,-0.712521585795079,-0.19412973791505092,1.7830509463555082,0.33870429467384733,0.24999005584205758,0.9740275973112609,0.07298779813281549,0.48838483284062495,-0.7333895618107232,-0.7290871389320194,-0.3050345038137492,1.0403783869644356,-0.38266741796925713,-0.3180398464157266,-0.007813866036584089,1.330939491645668,-0.8321101507503037,1.128565917673305,1.5606199935336487,0.3322616072989395,0.5889791206617842,0.7863410609624858,0.14354685798679112,-0.3744940104548205,-0.3123076665376134,-0.015040528489680835,1.3679999734423958,-0.6565755198783096,2.160014932368393,2.6207998162698174,-1.0276862962902513,0.767787772941395,1.901787468482376,0.26169388539104804,-0.43331142394940897,1.2799230630106109,0.13266819512655786,0.25140598345095927
1959,-0.2305175005611275,1.6863673448557097,-0.46529462542148786,0.49216005701235965,-0.46854116769725407,-0.7092893902713174,-0.18749990214138063,1.7398015096491906,0.322054166719786,0.2369842628663102,0.93314742765845,0.043819781950770666,0.5007234340343497,-0.7362591554392456,-0.7333104535121178,-0.29513109934017406,1.040890007942103,-0.3703362708518404,-0.320366807934547,-0.010703155619900944,1.350374060787175,-0.7753535844952756,1.240272848872807,1.5650553604053512,0.3725393089882744,0.6037105366121504,0.8139617611462686,0.0973967707314022,-0.3426297596725131,-0.3150645415472923,-0.013814050454511204,1.4089669195051018,-0.6180126573853228,2.194363187465764,2.630894361089916,-1.0039017390437253,0.7683913077210851,1.8667056221438634,0.2325244012142961,-0.43675135983854785,1.2057434082016545,0.0993819143750064,0.2524538738898659
1962,-0.22736830927976925,1.6783622520368324,-0.4674634217571001,0.4946582682898524,-0.4715982321061707,-0.706288632413104,-0.18456617461183392,1.7079619508450623,0.3125047999460843,0.2224379082914345,0.8981361314248044,0.017606497179129762,0.5132595047882325,-0.739508413684936,-0.7372170194987091,-0.2878173927913342,1.041363257346445,-0.36246431171833476,-0.322519247339456,-0.0034962506300742317,1.3661298060416844,-0.7446038012567442,1.3410987850659422,1.5787181863637785,0.4109347075887666,0.6125517317073808,0.8468426256777238,0.05551448120948191,-0.30179830168099026,-0.3176146509312454,-0.013359403940708442,1.4242401676525949,-0.5947761665330454,2.2261353234308316,2.6405581439371786,-0.9661700340440437,0.762479790673673,1.8322660914027857,0.20104499151116642,-0.42898967655469766,1.1351642960480368,0.07002773579667737,0.253394353802764
1963,-0.22352146266007852,1.669167812327357,-0.4664060328739961,0.4959946017723231,-0.47110620576152346,-0.7042720199015123,-0.18986632110392715,1.700180161096096,0.30860269698135123,0.20397142240523441,0.9003810019073221,0.017823788823686074,0.5285782922710353,-0.7429501326585657,-0.7385284802586991,-0.2956835133319842,1.0418010130454616,-0.37485894948187576,-0.3245102537889968,0.024898960495727155,1.3719137511144959,-0.7716123075078075,1.3568904167594285,1.6042149730020347,0.4204627557464552,0.5935135469392612,0.8497832288797493,0.05742010300161546,-0.290256375099497,-0.31997350211140196,-0.007601175201579011,1.3912852475531974,-0.5944358048410444,2.234505521026355,2.6488734882727036,-0.9296210906262652,0.7560037585195463,1.82195382610366,0.16434071515216672,-0.4053660091869713,1.0950312296108242,0.06301323637031762,0.2541537599593717
1967,-0.22462148746096083,1.6651260191612582,-0.46575382714080155,0.4962081752630107,-0.4669969297449829,-0.7059401820269483,-0.19323502221562194,1.6759520680939188,0.2905582954904386,0.18337673562971082,0.8929508025468874,0.027122949970647507,0.5401375479101956,-0.7461337227091733,-0.7364443723093299,-0.30295967483208536,1.042205937067052,-0.379385313844061,-0.32635193475482205,0.04286947049338099,1.3812856317026971,-0.7833564017433146,1.405533099254246,1.6295268922668065,0.4338688676620735,0.5842920247699266,0.8471046116491164,0.0663671093573808,-0.28504142505678937,-0.32215543945304687,-0.005498157970624154,1.3746404929027185,-0.5826819710723428,2.255924822097861,2.657331607425734,-0.8939957056827413,0.7507052692765591,1.8128499896968675,0.12334793742657008,-0.39262458776314657,1.0537270883800702,0.0459464858633736,0.25637039551988294
1968,-0.2309641735120906,1.6699350886191915,-0.46311790616597603,0.4883078645120774,-0.4618870807008725,-0.7140752334552064,-0.1957353189978058,1.618067983740126,0.25528736894945847,0.16969844195930614,0.8481558073291489,0.0309865782021065,0.5436015716049477,-0.7358081325381108,-0.7288010982723141,-0.30653039498676676,1.042580491787023,-0.3456065781276557,-0.32805548964821035,0.030734896687761245,1.3913033049484222,-0.7452117646027769,1.4909187183327535,1.6483615354663903,0.4818552658091695,0.5922470408685345,0.8562654395594814,0.07292354733806986,-0.2825858463722279,-0.32417373149406836,-0.0013603078809104703,1.4039067810338368,-0.5504472005813567,2.2830798354655215,2.665705203705503,-0.8680650033862468,0.7521576924126824,1.793718203040819,0.11174143415699014,-0.4189343943545427,1.0418279202844258,0.029727886658449894,0.257011776690063
1971,-0.23974000972941903,1.6725572789495522,-0.45841907337643384,0.4847754099333112,-0.45674535949018374,-0.7229547151859123,-0.18361088828996328,1.5668312419382227,0.23947677131693162,0.15712827757789627,0.7992595348901387,0.03152344761039127,0.5432822187200363,-0.7168654533334939,-0.7205245411911377,-0.30160105438189816,1.0429269549029963,-0.3146657304618831,-0.3296312779245945,0.0007047775394716871,1.3727597220144467,-0.7042915322372841,1.5517469363174161,1.6641048265460663,0.5292028965045262,0.6014181577932803,0.8560163102098586,0.09299975014131644,-0.3092545589923903,-0.32546756643488556,0.023037441306116548,1.4234742659242974,-0.5528556185170559,2.2742663065214033,2.675687194641966,-0.8347056517102398,0.7541937167544855,1.7596255839513952,0.11095165420704939,-0.43183399228607305,1.0361812186961645,0.02753647028990696,0.25661327720893584
1972,-0.2514043255643879,1.667548445774027,-0.4546770337100301,0.5031242741267965,-0.44487039400081113,-0.7265042404024148,-0.14542312747034822,1.5753546472351116,0.2588787680537253,0.12887222435257156,0.7668423498171267,0.018998200198779326,0.5421416739576308,-0.7157040673529848,-0.7196961776142133,-0.2834550398868166,1.0432474332852715,-0.3294789281786624,-0.33108888208025,-0.06869130527810687,1.3154151791224924,-0.657806262690799,1.5785298391600115,1.6527732901809484,0.536656020842764,0.6152166459587842,0.8514129280364084,0.10187957766369812,-0.3610315787086079,-0.3166341288999251,0.07290799003066506,1.4083424068984467,-0.6085064354661639,2.1673814475807123,2.684947754223886,-0.8083624852188716,0.7559777525750253,1.7102555347156851,0.10817503660738008,-0.3870006924507405,0.9881859121746976,0.03282889262983159,0.2580708400700633
1976,-0.2663622106933293,1.6701678913472444,-0.44934307635584686,0.5215956973511295,-0.42735435162720636,-0.7308641030252674,-0.1055644332109548,1.5926138510631362,0.2685133240719091,0.09262502018923267,0.7567381182614894,0.004270729219963495,0.5402044184830626,-0.7065441995343205,-0.7217030337095872,-0.27768925131128613,1.043543875788876,-0.3411979505273465,-0.3324371659242312,-0.14199280706335043,1.2571835286026796,-0.5810585781853099,1.656489476248011,1.5926080268221579,0.5385212389648839,0.6279802475118753,0.8634018682667928,0.0667313038224888,-0.37534291283131455,-0.3190665192324308,0.10059255026041389,1.393944894755991,-0.6408709698105339,2.1326456755473657,2.694327595787548,-0.8148330666806778,0.7581842711318983,1.6584947225972235,0.11207122762855085,-0.3561804374639308,0.9585891497020796,0.04842643859507202,0.2597016929235646
1977,-0.28272370345941983,1.6830880634594787,-0.44032355357865194,0.5305565307406178,-0.40971578837355277,-0.7374205506764069,-0.08278690648902497,1.5973379914246197,0.26739322039402685,0.07921154724041003,0.7958149472387835,0.02151904322812221,0.5434147500818272,-0.700418596385335,-0.7264801561813682,-0.28631498246293974,1.0438180851047103,-0.3067784349840301,-0.3336843284799139,-0.12971714509278248,1.2186175280029683,-0.4261880467631127,1.7286021405544099,1.483922427517664,0.5991228615327839,0.6397865789484847,0.9107775797026588,-0.02373394542702638,-0.29965476275385233,-0.32131648028999843,0.05801297428028499,1.3906932577562034,-0.5365363509996807,2.169046624906313,2.648215133654513,-0.871530586679627,0.7602253007970059,1.629454109212121,0.1068140884051217,-0.36954855365881345,0.9732800196352864,0.06204882788622389,0.25953991446286334
1978,-0.3029636529701037,1.692014309213453,-0.4331374782927095,0.5445050368866436,-0.39197044954281623,-0.7396068473266361,-0.05343353701404401,1.6024099318393623,0.2734524553374073,0.06501339297613785,0.8224454284484176,0.029892846365138243,0.5472720241572895,-0.6974681239865036,-0.7300658676474485,-0.29429378377821924,1.0440717287218573,-0.2653877367826797,-0.3348379538439203,-0.07566747395349334,1.1368456889193848,-0.24545333304555783,1.7953063550378294,1.3852505004264333,0.6719986469178251,0.6507074355273484,0.9479064546718435,-0.09353409785920067,-0.23034961365364542,-0.3233976942682485,0.02355789407577387,1.386750044309316,-0.4212413334243513,2.2027175030633397,2.6017826747832276,-0.923975792678655,0.7621132532372306,1.5881169096749257,0.09488571319264517,-0.36989812322132104,0.9670023687241365,0.07167128501294687,0.2603456112370805
1979,-0.323415657962174,1.6977585732652378,-0.43383290981096206,0.5597318883219323,-0.3719989181969879,-0.7403137181733253,-0.0158939214865553,1.5803889704058587,0.2768986712369465,0.028842790221825697,0.7923854810569199,0.007159148266759486,0.5446826287505168,-0.6966259408162442,-0.7182682082118584,-0.3016741749948527,1.044306349067718,-0.24476934615754734,-0.33590505730562625,0.021465764797046885,1.0380030341397974,-0.09307854203717757,1.857007753434992,1.3117572537285416,0.7386129722787828,0.6608092278627974,0.9469018770887849,-0.09606858377148929,-0.21753646670059112,-0.3253228171981299,0.06181641697409647,1.3724510341596878,-0.37791146004986953,2.2338630653585896,2.5410170328398674,-0.9724876082277558,0.7494303824437998,1.522174813320843,0.07354980301838125,-0.35676944638865077,0.9204421756674556,0.0794153344747802,0.2649309121359479
1982,-0.33917560937685765,1.7112152133995713,-0.43222001347229716,0.5761278809852285,-0.3464305028615782,-0.7399597949470269,0.022848923399104583,1.5540378935988501,0.28198796194576625,0.0013406147368068121,0.7768999886583295,0.003088728778774806,0.5413120847253718,-0.6978342369735739,-0.7132304640546726,-0.30850103687023883,1.044523372887639,-0.2146163814012896,-0.33689212800770435,0.16117072455956089,0.9343690695692096,0.06593291691278119,1.9140815469523678,1.262951282179188,0.7958474399430622,0.6701533857730877,0.9397553545922717,-0.07479934055119829,-0.2166736224128284,-0.3271035559082701,0.08423871013328207,1.3466161100187612,-0.30734416166922696,2.262672710481696,2.4983615799474936,-1.0126228401801214,0.7298583896771161,1.4819061292993585,0.04899871589886049,-0.35038971429406646,0.8953552248161487,0.09407940057329832,0.26985345302431946
1983,-0.3496286799250637,1.7342025617986592,-0.4270455550982176,0.5966692742266966,-0.31303518724503004,-0.7358061464023707,0.06770571361967091,1.5810976420811889,0.30804016153005476,0.003230244473058515,0.8276712016478807,0.04233489475473012,0.5451886168057121,-0.6892396463541877,-0.7186430292505721,-0.31481588410497097,1.0447241199210662,-0.19266195668791916,-0.33343798485200815,0.3139488618536643,0.8274498439467036,0.24301690483207816,1.9668748059559402,1.2279932773682507,0.8527358217929322,0.6787967318401061,0.9378339775959057,-0.06541993825109768,-0.20727997326921865,-0.32875073921514986,0.07616652760647373,1.3199745084050092,-0.21502791179738878,2.289321632220569,2.488881697864971,-1.028928353959188,0.7283982848489002,1.4989327913171218,0.028920262366596717,-0.3330424669065889,0.9249299581788998,0.13160434940263543,0.2706079562723885
1987,-0.35266714830019413,1.7385580618560295,-0.43045017612970593,0.6129301005632601,-0.28309414160007096,-0.7299834114099336,0.10629495699019051,1.6198688341699776,0.32135656080516567,0.011309574519680198,0.8717490191318461,0.06684150538070019,0.546850117381954,-0.689043222336692,-0.7209801892480538,-0.3206571177970982,1.0449098109269859,-0.1801071593260615,-0.3250295773663048,0.454083478522911,0.7310171992043933,0.3929528966730309,2.015708570534245,1.2028059039795436,0.8657892779556802,0.6867918269520982,0.9149794508146314,-0.032679804370525464,-0.21884483715332162,-0.3302743837740137,0.09131829737751704,1.292144750223325,-0.14210897801842845,2.313971884829026,2.4606167736309748,-1.0207635270376432,0.702382987154299,1.5080743925786488,0.014148303932104528,-0.3131330567572525,0.9418296352695804,0.17546551156936924,0.2721865730903717
1988,-0.3378104361813251,1.7037148359816838,-0.4386127220610526,0.6185998913434143,-0.2683752315545202,-0.7272463272569243,0.12814713812367534,1.61166066056389,0.30095624828702827,-0.00010034570035596756,0.8582587193091006,0.04766249836389885,0.5370067086949031,-0.6962698306614401,-0.7116162007088951,-0.3260602589623159,1.0430150644893823,-0.1384177753562184,-0.3268323090638319,0.5268513836555719,0.6629289694157245,0.502607528262075,2.0608798027691764,1.2026216662936702,0.8360471752146583,0.6941872899306908,0.8973569749073286,0.025988089450875818,-0.24685064071666815,-0.33168375499096264,0.12209842793486231,1.2557406105084974,-0.06768999319295509,2.3367733684918495,2.4390047931387344,-0.9996577080579399,0.6761236209074809,1.4466029145942245,0.003978935621981596,-0.3124888643865978,0.8774443177231435,0.19088803349105152,0.27922574296493907
1991,-0.31794427573118333,1.6683756940161896,-0.44271879059822544,0.6273148569753572,-0.25684881733858433,-0.7211901100631193,0.14279208800526527,1.6574532082157865,0.29821557599282067,0.0052993293397050265,0.9106607349896247,0.048370068087583935,0.5273886828200779,-0.7029544433618322,-0.708825847075082,-0.33105816454014214,1.0433289346526788,-0.11199734509218655,-0.3284998358840446,0.5649399479442762,0.6314006236578331,0.5810755573707395,2.102663192586488,1.2133025306291945,0.7950321474908455,0.6865555423100869,0.8923734063535796,0.060944105302176796,-0.2615972521612163,-0.3329874233666404,0.13143382480521326,1.1964092222858553,0.010026448341430415,2.3578647408799602,2.442539615248971,-0.9599675204223436,0.6743484271184887,1.4397343350963796,0.01879097648333941,-0.3138418632490654,0.8400251998201255,0.20284510322479662,0.28457298095063727
1992,-0.29862036789668284,1.6478766845785322,-0.4433502333537678,0.6354208515883633,-0.2607845859654403,-0.7088413571175041,0.16054803495953518,1.7687634675996027,0.33493058009840443,0.049123907345168444,1.077980429865403,0.08647267297299795,0.529477857420946,-0.6757234556499025,-0.7084976383952653,-0.33568122719963145,1.0436192645537279,-0.11742138610040292,-0.3300422981927413,0.5764288477121233,0.6472675211019239,0.6039924617700284,2.1110053460198404,1.2248262525894102,0.7483866572287471,0.6598585762260333,0.8967937481111556,0.04564693004475851,-0.24800398007442476,-0.3341933166141424,0.1084545367561308,1.117120150495132,0.06534327762155095,2.327467794220898,2.4512593076019122,-0.9451932819984583,0.682677145084602,1.524056038200229,0.07397271821659149,-0.30169085276838503,0.9032858708850026,0.21323642806301338,0.2838912798856806
1995,-0.27047231033322633,1.6192543844824154,-0.45249060493928966,0.6390989456297718,-0.25993623446643793,-0.7017629361755767,0.17752316219737788,1.8717254575296325,0.33599455776118253,0.06616237873341757,1.2327511476254978,0.1098357544753822,0.5302846966425214,-0.6592440568397497,-0.6866040550236454,-0.3373012925092076,1.0438878197121986,-0.16845050895890898,-0.32230949415273313,0.5802625227304188,0.7070893173916111,0.5671960447471609,2.113456133341823,1.22247015649566,0.6966286249222775,0.6413959774742852,0.8978816524521865,-0.015383989447916614,-0.20217838837192492,-0.3353087678680818,0.00580150302547134,1.0791852055009936,0.0946281626714968,2.2104086473215228,2.4752362163613144,-0.9743491404614391,0.6903812092032567,1.6108817039835062,0.12602774366238778,-0.2876935381068584,0.970683037618452,0.20035881312745463,0.28598812494277503
1996,-0.24172927193636104,1.5997764372561538,-0.47025530941126564,0.6351665559700701,-0.23882631716621486,-0.7057027659949593,0.203737680542913,1.9089461989772414,0.3037452774593948,0.004509101380472429,1.3120347442877411,0.12632121111082742,0.5227334846363134,-0.6568278974105757,-0.6274683599880564,-0.28617379394573006,1.0441362332337836,-0.2343567207869908,-0.26927447106155095,0.5865169524295695,0.7879231235081654,0.4608263794070965,2.150481301859899,1.1967938375693576,0.6434146854998235,0.6484069094468259,0.8743904689825247,-0.1046928850635773,-0.13112964449897743,-0.3324517150913554,-0.22713966361828927,1.1084085566020074,0.07352157479906277,2.044627998772408,2.504003581790441,-0.9599859996769406,0.6975074685130126,1.6747098264676783,0.1349235135128689,-0.272842834629321,1.0133302436496472,0.17519914667517772,0.2920332093379282
2000,-0.21531764769580597,1.590402613074347,-0.48438484456341613,0.6369597396002579,-0.2047817921507406,-0.7073151344050682,0.22814909242300893,1.9429830197781617,0.2708046387608664,-0.04368095709061058,1.3766214108589776,0.15588853512589923,0.5166482484502809,-0.6540089277061019,-0.5742628632785627,-0.25938110896223615,1.0443660157412498,-0.29531996672796645,-0.22141908964879303,0.591793804600809,0.8636871585455669,0.35446882539636987,2.1855445792454065,1.167733606864113,0.6047828175286559,0.6586812412383141,0.836674221827721,-0.18955941713004498,-0.06295039846830536,-0.30277195816879776,-0.44572343884691756,1.0926687848775503,0.011385861778090978,1.8912808988644778,2.541904997159433,-0.8608556538288711,0.6828368761481218,1.7497693839278297,0.15248466290482882,-0.25129952348897394,1.0692569399493497,0.16475848067981153,0.29741017385432483
2001,-0.18766249476771105,1.5867863857667632,-0.48918105905996323,0.6455319319138414,-0.16369336632433273,-0.707828912079266,0.23552332777386245,1.9913315880392082,0.23070467019825955,-0.0591934307195543,1.4461275296755187,0.1882656505281445,0.5138008507691768,-0.6505613636704045,-0.5398195032303683,-0.2693799507900684,1.044578564560656,-0.29009296055665235,-0.19673971776778512,0.6162168309879615,0.9010130383047646,0.28846761861495945,2.217978110827001,1.1470528246905891,0.5935911836584183,0.6681849981454404,0.7977477872040442,-0.25530886223101074,-0.017349882295858012,-0.2937900951327966,-0.6095022066635302,1.0607511553387612,-0.07646139247823114,1.749434831449642,2.586881372372476,-0.7145423421818605,0.6578423197545702,1.815462744177239,0.1646222512476172,-0.22372452603585746,1.1440245267747744,0.18715118889171325,0.30017237926084295
2002,-0.17117037932208826,1.585146825261837,-0.4937315253906244,0.6521719212194739,-0.11880186919685096,-0.7052218546685403,0.2514359495897492,2.003304728878175,0.18284087225727028,-0.07700788415466073,1.473367586463628,0.2155101829902349,0.5111606526244967,-0.6606741113951242,-0.510866723952597,-0.2786288794808132,1.0447751722186067,-0.23061207757833244,-0.19237828209037358,0.6537972349502397,0.9064748872189377,0.24546586029012105,2.2479791275399754,1.1349603820882854,0.5914245842099146,0.6769759732845325,0.7436263802387381,-0.3077174407604288,0.015675067067406248,-0.29793578799783677,-0.6876147660932546,0.9992226993199383,-0.18395639912204817,1.618227219090919,2.6284845194445396,-0.543141666518221,0.5716473546229199,1.8663629952038294,0.15152280856879316,-0.196897115740482,1.213373708754558,0.219459278049587,0.30323122517324436
2003,-0.17282051985268707,1.5787335774689686,-0.4916563438579858,0.6559929699285604,-0.09252850746576088,-0.6869832723233295,0.2986062327855795,1.940241710503346,0.15160810580696413,-0.08417004356089103,1.418357503731881,0.241042111132565,0.5073288284643656,-0.6700284030404899,-0.5073580517819142,-0.2871841385197523,1.0449570343022112,-0.14813071350757342,-0.20412986093359553,0.6461397241620112,0.825475008958707,0.2828925170697479,2.2714533225313303,1.1731446960791172,0.5909404890198017,0.6408013223446815,0.6767216611378861,-0.33436512053527,0.032624848004044076,-0.30177055389799906,-0.5360984614283547,0.8729426290336777,-0.2838697055824917,1.4968601776591004,2.6337735577723937,-0.4152299183867801,0.469868953026201,1.8566273513207734,0.13124598714892563,-0.17002300167471845,1.221548943800024,0.23534013957155314,0.3113627209275478
2006,-0.18842391089914118,1.6234613788098395,-0.4849179370210727,0.6586581331617519,-0.07135249436444935,-0.6645458589962769,0.3456256449668448,1.8890365329933763,0.15365326938325172,-0.07433823475481087,1.374026179947416,0.2640225892330642,0.5028539510582649,-0.6786811228124533,-0.5282110478982706,-0.2950977531307708,1.0451252567295453,-0.07293026212145554,-0.21500007136357585,0.6095618385618868,0.7379306980581177,0.3425788103015205,2.288891224947451,1.2169648834291824,0.6019492267768641,0.6042855028230526,0.6397769613025226,-0.3101854651571416,0.008529942131463103,-0.3053177123556491,-0.31051489773720314,0.8366660028931505,-0.3275502204013011,1.4203523311771513,2.6057981950061126,-0.41402482103389465,0.4337150216867201,1.8204856127990616,0.100285868735922,-0.1581858350095635,1.2090958534660536,0.2559985030274198,0.31741679719676774
2007,-0.2144176507909763,1.7516596336133414,-0.47734317004540966,0.6603597324168822,-0.05143926430532548,-0.6444313705860638,0.38208275869842384,1.88232826354392,0.18163740328985972,-0.060998352707670685,1.399261718859182,0.28684521628063964,0.5007238725677722,-0.6866848886015193,-0.5475000693059002,-0.30241784664596305,1.0293852435832547,-0.001192889323129314,-0.22505501601130767,0.5672078407827217,0.7328324345974554,0.3376979912522412,2.3135737581013927,1.2058701130479184,0.6163133049721872,0.6178689401113237,0.6292224359823433,-0.24343571396204974,-0.036698717749074045,-0.29523396419002557,-0.1977798108276573,0.8746964384452175,-0.39963940738510306,1.3562592357872738,2.5849326607669356,-0.42392419725328756,0.4189566407572417,1.815473002049734,0.07171367941875892,-0.1576920001125194,1.24434119827141,0.2856884967240427,0.31855305714064064
2011,-0.2326204575975028,1.7802688549678805,-0.4804443401204261,0.6586991809886845,-0.028574323672602712,-0.6275847785243018,0.4140485995098794,1.9046485194524985,0.21506879826801656,-0.040867907963148695,1.4295880272522314,0.3065874219118516,0.49549323886644414,-0.6940883719564054,-0.5653424141079577,-0.30918893314751583,1.0079255480817508,0.04510919985562335,-0.23435583981045963,0.527636648817391,0.7346826651368114,0.3094388827543733,2.3364051012687876,1.1708036287306096,0.6416300665220237,0.6304336196029745,0.6247862121401692,-0.11636700580842319,-0.12777847152622013,-0.28949704080165284,-0.054830445620970655,0.9229896464106073,-0.47926390900125676,1.3746150201236769,2.54616776554164,-0.48398482916625746,0.43668743378910174,1.8237471987254352,0.040472159791229104,-0.16796324246189773,1.2702703119578613,0.320872461739235,0.3203871225882618
2012,-0.21948134538643238,1.5953619860304005,-0.49077483264213123,0.6610764713556431,-0.003104708034520923,-0.6228782969152858,0.4183191210546144,1.8984909182309677,0.21686889696833486,-0.039784004690570286,1.4037881013354874,0.2977730100776861,0.4929882142097879,-0.6966023575071868,-0.5818465830498609,-0.3154521881614521,0.986554419285021,0.05301715828426712,-0.24295910182467517,0.5251956124078778,0.6737080057200168,0.3350694912347828,2.357524093698628,1.1835940124184583,0.6560688666579599,0.6312557712132836,0.6463432201262486,-0.06217231716909369,-0.15162189209843283,-0.2837223649308269,0.05684229308355931,0.9401800399557163,-0.47464377299327143,1.4678682686394013,2.5336791297640993,-0.5461220462933543,0.4605333713289149,1.8235683636519355,0.0028789662556755746,-0.1745812541113791,1.241146314782494,0.317708955389174,0.32191586418280316
2014,-0.22464584643232816,1.535243120484012,-0.49162857630138895,0.6588243616213441,0.021248611295136957,-0.6178562690762363,0.4286637234656675,1.898590792428221,0.22871665618374784,-0.02807646404188,1.3751384405431002,0.28070392761096424,0.48779171647559194,-0.7032620306941478,-0.5971129393211213,-0.32124569904934314,0.970238708451026,0.023965421856899875,-0.2509171191878245,0.5346984145721985,0.5946971798606672,0.3676323192092782,2.377059161696231,1.2046662105053063,0.6786720156539673,0.6342036228957014,0.6942764293679425,0.04691288072432526,-0.1862953396981788,-0.2886231375610149,0.19777454570211792,0.9253067756877613,-0.4353674531691966,1.5541275235164462,2.5189587114870804,-0.6229728928213528,0.48489821847924625,1.8192829086889326,-0.04084641708705721,-0.17654355606478883,1.207872459170394,0.311156736951671,0.32319126744566495
2015,-0.2537953808144271,1.7431419584508752,-0.48160215849747645,0.6552686052367308,0.01893218378978073,-0.6121024762747792,0.44226144524064354,1.9265184797610457,0.23915006910364672,-0.02200452543242435,1.4004467235185147,0.2888583407138989,0.48588629322807986,-0.7094222283920869,-0.6092149916926746,-0.3266046966206424,0.9630617355194292,0.021298714359650354,-0.2318733948123852,0.5319604631096572,0.6234024676220514,0.33704888751164136,2.395129099594014,1.1871754487119097,0.6723714952348957,0.6449321528766929,0.6829003249709056,0.07881931512811731,-0.19714283326290885,-0.29315635224393877,0.20520563934608232,0.9202465047275081,-0.4595740702182806,1.6093126199099606,2.5073285218016057,-0.66581216010751,0.5031957073898894,1.829692311892285,-0.03091367520969231,-0.17297279598777449,1.2319192708679279,0.3243536664841285,0.3217147644984111
2019,-0.26551109907729514,1.834943797011797,-0.48093677332898555,0.6531455422394419,0.028128904800851593,-0.6101980796167575,0.44751309366260017,1.9938767830715078,0.23679480840613654,-0.018736413434251968,1.4511115383149047,0.2993868918421873,0.4793799472701649,-0.7151204112626803,-0.6181116609758234,-0.33156176937409426,0.969372105355472,0.01521752874008624,-0.21396526417348263,0.5285574029900955,0.6534604775080467,0.2769416912785136,2.4118437921494627,1.157734951586362,0.6474233114372906,0.6554670914109408,0.6332143845632455,0.10989172997651465,-0.20759627195285707,-0.2973495758256433,0.1896485106502779,0.9143622491823875,-0.4947693791883419,1.6814516280047147,2.4864127985030664,-0.7295222585812966,0.5243608793356478,1.87472414060028,-0.010241925556730895,-0.1733212761388205,1.2823071506599413,0.348692524881283,0.31872289084494027
2020,-0.25524716974150075,1.7326321450972322,-0.4886502984602017,0.6553984117738753,0.05016660672508635,-0.6060160251174249,0.4479741183537827,2.0293429258412816,0.24059303005265603,-0.013264314211414099,1.4654817279691557,0.2903994085052199,0.47337052497141163,-0.7203912304179793,-0.6306581364026367,-0.33614706167103714,0.9721835607284122,0.003529428283019145,-0.22409781936047146,0.5201074252301442,0.6373115170167595,0.26834693960917533,2.4273048827632526,1.1616464924595586,0.6350859885389879,0.6470977852109262,0.6297528056318505,0.1379392312204326,-0.20934252449001006,-0.3012283076387201,0.21657254531113562,0.9301280465743803,-0.48549503466535604,1.7516921309293612,2.4752088764452216,-0.7926180891876993,0.5439386633854741,1.9014212927512941,-0.024517812547535007,-0.1768178014029677,1.3001749001825316,0.35587952663598854,0.3173556230818836
2023,-0.25881289018589465,1.7286022001338406,-0.49133205143091596,0.6560369187768931,0.06742656784608836,-0.5999642427459962,0.4528930630694628,2.07855635390751,0.23919063773346483,-0.0037676613060329154,1.5015871784073997,0.27895024472190544,0.46111289081262224,-0.7252667381366307,-0.6422636261724388,-0.3403884570457094,0.9777881995548111,-0.013818582079782543,-0.2310738029139958,0.5134049379067465,0.6533155498410266,0.2393689273193361,2.441606391581009,1.1593170152091237,0.6020613217306225,0.6348181070294608,0.6085524086381734,0.15885782143478697,-0.19998281426265446,-0.304816134565816,0.21436737207503317,0.9519720125657573,-0.4861715032526025,1.816664596134659,2.4511883292385703,-0.8509817324986219,0.5620481136315635,1.9347319650936021,-0.02810788585482014,-0.17403367230880246,1.3350801304122162,0.3667988384459211,0.31414006996514543
2024,-0.26858413032492895,1.7808075969299058,-0.4896800771543539,0.6557500204457991,0.07537213630074721,-0.6013338668708255,0.4502316429450243,2.1192568212531584,0.22266297941073002,-0.00274138059513467,1.5464216940276074,0.2868845818383197,0.4514206773441585,-0.7297765827763832,-0.6485675700762422,-0.3443117477672812,0.9821292548801761,-0.021466488444133836,-0.22712433764304701,0.5223620870818632,0.6620617714364024,0.20093710432640893,2.454835287237434,1.1488096047158836,0.5714461063378752,0.6309490347753677,0.5631701156817753,0.15075954204341643,-0.18532424430901098,-0.3081348744733799,0.1946585082020209,0.9640975092715659,-0.5064207460790093,1.8767641264495596,2.43827000459058,-0.9049681025612252,0.5787993551091963,1.9710564500216436,-0.020718038574632263,-0.16686968132528632,1.3644126746199416,0.37226584174454164,0.3116494524613068
2027,-0.270108910377409,1.758465780596068,-0.4915074896907846,0.658447477629324,0.08884542850503169,-0.5997582695727205,0.445918632842892,2.1471151017090686,0.20959178241909177,-0.0011201983676030446,1.5688573356325675,0.28483927616150156,0.43959171645435297,-0.7339481890681545,-0.6582494887983689,-0.3479407916847351,0.9835400790233239,-0.022267026950849936,-0.23626996231981845,0.5393324376269578,0.6552186863432713,0.1793522199065533,2.467072015719627,1.1472255563638971,0.5515464743589447,0.6259385346457833,0.5323253392383557,0.14820021809868916,-0.17765680846123866,-0.3112047088878764,0.2024116017028877,0.988658146844271,-0.5255277555814352,1.9323561919908427,2.430217172229089,-0.9549054948691333,0.5942942534760067,2.000258865359088,-0.02060522323359198,-0.1600290856272347,1.3784978389268723,0.3686288688430783,0.309300777625777
2028,-0.2694572371800336,1.7297116311993128,-0.49320730033184107,0.6603498822024746,0.09917400073632764,-0.5951802441206088,0.44706042954131064,2.161722864470104,0.22003703590862317,0.004450378090588739,1.564888202818211,0.2681405288502259,0.42955163278555586,-0.7378069248880429,-0.6677856271384912,-0.35129765730838,0.985966441418767,-0.0148091430155845,-0.24472966514583208,0.5499704988460961,0.6647529762525701,0.16287945510357274,2.4783909895656553,1.1467103009962063,0.5408756251727993,0.6286243997197285,0.5269689155634804,0.14358054757868607,-0.1923339148538669,-0.3140443057212857,0.20473452366431402,1.009521457854469,-0.5475713493106119,1.9589243911484804,2.4236087129955566,-1.0010975827539483,0.6086270344653062,2.0109035880928703,-0.02376130534593948,-0.15908832411878526,1.3892447070381457,0.37068226167281854,0.3057919894277792
2033,-0.27083715359564936,1.7191246803548432,-0.49253465881649855,0.6591677553690113,0.10243487643308127,-0.594217856716824,0.4493440832266322,2.1721189985217353,0.23177185555725005,0.007069699637166415,1.5648865098558362,0.25490010818909087,0.4198684880377235,-0.7413762555214398,-0.676089962088136,-0.3544027580102515,0.9905589583123593,-0.013135431551163623,-0.2525548902598947,0.5639189989310834,0.675549935730605,0.1489883254365233,2.4888610403732314,1.1489226444419027,0.5316077869739448,0.6278193948968909,0.5238405917767686,0.13542861031224923,-0.21484692978107928,-0.3166709327921893,0.20072073529170778,1.0186319447091352,-0.5646911459280348,1.9661940718645161,2.424958919441912,-1.0438252640474024,0.6218848568804081,2.018407180318333,-0.024102542583939904,-0.15677490282256554,1.3996386077386924,0.37297303059591796,0.3020359165496595
2034,-0.26970035262448055,1.6982818726877924,-0.4917949050581132,0.6551438054254941,0.10117287131613138,-0.5961698558382185,0.4529151656900989,2.185758000004277,0.2368963019528322,0.007273114532067993,1.5752722455700199,0.24939456666204954,0.41167938350320843,-0.7446778863573318,-0.6801984534488371,-0.3572749761594826,0.9948070364389324,-0.02199277144564984,-0.25979322349040257,0.5715005899888846,0.6792795660525237,0.1512318174660838,2.4985458373702385,1.159818697234696,0.5231481777559516,0.6099491088279145,0.5201582595885295,0.12323731936498944,-0.227015351839806,-0.3191005628327751,0.18757169595614165,1.014458758808167,-0.5682231033437009,1.9784507407360838,2.4353036357856794,-1.0833483692438475,0.6341483426143776,2.030393279157503,-0.019509914958482096,-0.14811497776068122,1.4114497844935447,0.36864056588576777,0.30083452781152203
2037,-0.268051475005599,1.6873646950902497,-0.4915447454145433,0.6525678710849405,0.0967977409400892,-0.598821262810603,0.4540908127043296,2.19572885290804,0.24084943038828283,0.012089401705454009,1.5805528663444142,0.2446439076044272,0.40482964057357146,-0.7477318948805318,-0.6849126789584361,-0.35993177794752146,0.9987365087060125,-0.027540502849640342,-0.26648868172862233,0.5780412288394097,0.6780822060777063,0.1582471244975731,2.50750427459247,1.1708468538210761,0.5120449186160183,0.5869822629913772,0.5204641619685976,0.10997215669665913,-0.23623089524078383,-0.321347970620317,0.1750075451098832,1.012191354834144,-0.5649148343885126,1.9866509201820657,2.4487444097564413,-1.119907241550559,0.6454920669182992,2.038007367827169,-0.018996545852510274,-0.14619746847371956,1.4216675031229675,0.3659645222387015,0.3002172155496875
2038,-0.26835989567340723,1.6981014095350244,-0.49116609763922187,0.6537853595516917,0.0913996720720603,-0.6046461757401188,0.4456610884336152,2.199826476981288,0.23156036407222272,0.022704914349285007,1.5791541332917531,0.24660532859037224,0.4000455157007549,-0.750556852764492,-0.6910857983055103,-0.36238931960145737,1.0011743027654365,-0.026359467025420684,-0.27268198059897564,0.5916990837716639,0.6505204902021707,0.1645230485793344,2.5157908290230346,1.1787350763887179,0.5015136904959566,0.5684206655171435,0.5209995190525964,0.10548731032375819,-0.2391640850381912,-0.32342682282379315,0.17887502645172126,1.0232782535070943,-0.5551664869724853,2.005184210143823,2.4611101473927235,-1.1537241984342672,0.6559850118994266,2.0433725526258644,-0.030081798883228282,-0.15645258586439378,1.4180367296386962,0.3665059446495763,0.29774653935324663
2042,-0.2685816927123639,1.7029851844911512,-0.48984930698131773,0.6547138992114336,0.08951361275282592,-0.6093914887267227,0.4381541244570528,2.1978888099052156,0.22450937139908642,0.032533126580478605,1.5728898540225638,0.25279137166870935,0.3961807103357889,-0.7531699388071552,-0.694615870055923,-0.36466254563134815,1.0036360373818851,-0.02499776078468087,-0.2784107820540524,0.6042214536783027,0.6267562616930393,0.17311183009353576,2.5234368881371205,1.1868477771315293,0.4934262657721437,0.5514940095316694,0.5164226280480456,0.10397638537182631,-0.23437329672368226,-0.32534976111200864,0.188980628177982,1.0353290710226821,-0.5506730251135993,2.0100810857482108,2.468915136154055,-1.185004883551697,0.6656909860069695,2.0429136735167033,-0.04044288309224137,-0.16317170982122292,1.4114935377253945,0.37085389749600545,0.2944623676804473
2043,-0.26940057790933464,1.6941116217611196,-0.4866278869491292,0.654430563028567,0.09701924699165716,-0.6079122158002377,0.4390337592579069,2.181594691033247,0.24293700044223476,0.036084538249701474,1.5540616205384765,0.2547432983640562,0.3910148396380593,-0.7555870433966184,-0.6937205257010849,-0.366765279708997,1.0069033345782437,-0.023986444125209352,-0.28370992339999845,0.613085786022787,0.6373714344588225,0.17641026240150834,2.5305284965518364,1.1919348108162824,0.48889074245274583,0.5456671801021128,0.5088607113518706,0.10135798794723071,-0.23150657999548427,-0.32712847902860803,0.19983213490496018,1.046057026552197,-0.5699470611071129,1.9705290566079656,2.4671145159338908,-1.2138367433129365,0.6746690120564467,2.0246652234470615,-0.04987144149654399,-0.16428859647845656,1.4087961717184745,0.38547204615830843,0.29069566817988185
2048,-0.2698434419257906,1.689270929751848,-0.4852086977800312,0.6533498367282663,0.10011993303971138,-0.6059289626958864,0.44267378736667784,2.1653157735268462,0.2555685163744828,0.03525303252543875,1.5359953032655216,0.25598368598656235,0.38486808907519643,-0.7578228651418719,-0.6947718345273703,-0.3687103087308222,1.0099255844848751,-0.0295030390897435,-0.28857906895722124,0.624252827626146,0.6462725037329856,0.17743738703965964,2.537088234335448,1.1937746128489841,0.4828900887045319,0.5439460482904624,0.5047869595145065,0.1041172196707353,-0.23168167879432738,-0.3287737931014624,0.20364222193898873,1.053861151032205,-0.5864803072846283,1.9436068209112916,2.4625406195974637,-1.240608987564466,0.6829736861522132,2.0107722656799862,-0.059779562346284405,-0.16644895102196122,1.399021129085669,0.39321882609543296,0.2861850968877589
2049,-0.2673525331667177,1.685913810298576,-0.4886086783499866,0.6496584947913567,0.08951736905329324,-0.6059866866226047,0.45023395742587236,2.165930459403273,0.24160729221590574,0.03363617960359654,1.535014515710413,0.2568229618435744,0.3809072453724411,-0.7598910002562316,-0.696649450088126,-0.37050946057601053,1.0098687906333783,-0.04251876312993192,-0.28978228366408115,0.634248030296041,0.6391865861299864,0.17951607193822214,2.543155991785289,1.1912039083915333,0.4672483035683757,0.5346566760967726,0.5079974877998773,0.10712540377872551,-0.23674003439837668,-0.3302957086188527,0.1903031336522325,1.0484599180610343,-0.5788078871614807,1.9633325433997135,2.4610300254345905,-1.265373313497131,0.6906555096907974,2.0264191078519027,-0.053200387544567504,-0.1652412356046132,1.390072219877385,0.37270425585135314,0.2844114840700209
2051,-0.2657052932518979,1.6856220170194196,-0.4895847209639639,0.6478695079172148,0.08247656759243088,-0.6076939959947615,0.45185254645868245,2.164358867763639,0.23050970698546752,0.031155361431133875,1.5295567976776898,0.2545117513670518,0.37799544105404354,-0.7618040252370143,-0.6942489461014877,-0.3721736760328097,1.0051027476895078,-0.053629678375968826,-0.28706048050541355,0.6411931076513384,0.6311499944088136,0.18598987944234427,2.548768667426392,1.1908593771408544,0.451409083061842,0.520279841087671,0.504270822274412,0.10642148515730916,-0.23528241220517207,-0.33170348047243875,0.1809925663599071,1.0465796598422805,-0.5751281219430457,1.9791924212885317,2.458415660220493,-1.283209000177593,0.6977611964639876,2.037449872709809,-0.03862085757240631,-0.166397654667304,1.3857488990555171,0.35213348401528516,0.284436044359887
2052,-0.267081433628742,1.7011158986733645,-0.48377165738823885,0.649488768862771,0.0804644758720297,-0.6168582953585721,0.43723637850832825,2.1544570048754075,0.2304563458793286,0.02953882925830347,1.5116295774981938,0.2567448417157403,0.3748619584494529,-0.7635735733442384,-0.6935720194054499,-0.37371307533034903,1.0057453392630071,-0.06284587210486912,-0.2901523122561219,0.6501301786966419,0.6179953320969362,0.20712231655695568,2.55265613604399,1.2025758905099613,0.44922657773041297,0.5002469105788221,0.4837806588045519,0.10774055191137116,-0.2063670211425765,-0.3330056694370059,0.18588349930128212,1.0550923962807333,-0.5822722665487712,1.9874165298264617,2.460583286361431,-1.2824329844801574,0.7043339567291884,2.0288123461912586,-0.029300942000202924,-0.17832379264289633,1.3787257908280823,0.35827913206444884,0.2828003358731081
2056,-0.2660061441256201,1.722172763449616,-0.47740068156401544,0.6491578155610638,0.06841394180074166,-0.6306461990807328,0.4197606873544701,2.144115111293289,0.22405409711464294,0.030346377623893826,1.4859735400590812,0.2509172941431442,0.37247385265624505,-0.7652104053434204,-0.6942699297475283,-0.37513701968057284,1.0059835176859695,-0.07013897486132883,-0.2822184164585757,0.6496181532185423,0.609676171654112,0.22860595379852036,2.5470378090013837,1.213039097993759,0.4442741808253396,0.4789570370952308,0.449898367804081,0.1108660724566298,-0.1741328022236307,-0.3342101942292305,0.17705074341812446,1.0524170992903958,-0.5794814566967054,1.9836197662658863,2.465220216050992,-1.2752213660310345,0.7104137599744994,2.009810767528382,-0.00866687169617918,-0.19026469603322668,1.3467659688945504,0.3564712213168442,0.28303461054171986
2057,-0.2619929812991028,1.7444640331612709,-0.4700153624479298,0.6473009634253329,0.048375415017334056,-0.6459032118588721,0.4018337005291235,2.127998523180791,0.21853654376653014,0.03566218596179124,1.4450228727515133,0.22251825388040516,0.3721196999217247,-0.7667244749426639,-0.6938200365479653,-0.37645416820452987,0.9980609147415171,-0.07386377142975452,-0.25149135811779416,0.6168555167088875,0.6255361250492442,0.22649420875485526,2.5428064585037244,1.2113668521281877,0.4203525206452829,0.4590415551392319,0.3980356658776787,0.11235681669514123,-0.16893028332816754,-0.33532437966203826,0.14230396610030466,1.0353117958269642,-0.560482291893507,1.9266339507045902,2.4588922630243015,-1.2704790426041814,0.7160375779764119,1.9683484608267958,0.026140740407981415,-0.19906680522333767,1.2769576322453835,0.33197943315194534,0.2888235458094173
2060,-0.25697950238130857,1.7592757947179327,-0.4552855936435264,0.6438877475862246,0.02191030042938992,-0.6681161231817301,0.3722221825577398,2.1233696749040125,0.21424404748967368,0.05880271297056747,1.4040933943015126,0.19230923156876617,0.37852087377263244,-0.7681249893219643,-0.7002608076707865,-0.3776725305891902,0.9970287289330824,-0.07761307742083029,-0.24012455973480357,0.5831072952750002,0.6286244378291196,0.2578919100849611,2.5185993523574024,1.2239216207126642,0.4081771274800364,0.42346028740476926,0.3511166683746437,0.11355453174223994,-0.1643289446630728,-0.33635500118738537,0.09891847262615205,1.0239429743140858,-0.48390834840635755,1.8872025626750657,2.4701960286032945,-1.2547776290155253,0.7212396096281811,1.9183759784325647,0.04673453888464986,-0.22576352909517897,1.213736591271887,0.31942599447986963,0.2969514411060234
2061,-0.24986354636793684,1.750810758928453,-0.436338030868349,0.6330674138769489,-0.017436880141861587,-0.6990225250386146,0.3320980490558617,2.1640155943737853,0.21024690840424196,0.1189520091702308,1.3920014066530595,0.1759695431993946,0.3944591169767946,-0.7694204651228168,-0.7066460970954775,-0.378799515795001,0.9986676019596994,-0.08085516939093694,-0.24829516775469332,0.5798689538508073,0.5890116403658039,0.3491871955197831,2.428048348229251,1.2551636142685816,0.42505490911901717,0.3814489404799007,0.33469848458527385,0.11917335842749799,-0.14690043802741598,-0.3373083260983315,0.049467620890405885,1.02252554174465,-0.3119051966559987,1.9246532228894826,2.5173786558884768,-1.2164716510384008,0.7260514889060676,1.8937037218403296,0.0426755982370523,-0.26757729377500056,1.2112829137423093,0.3350213189658958,0.3033359005274177
2064,-0.24192095660887158,1.6735553846647033,-0.42659365529283527,0.62053934550006,-0.05128153370411072,-0.7202461705474835,0.30585385202576154,2.1853227192824387,0.21894907693131224,0.17033594549266678,1.4021519180126971,0.1614337977978641,0.40824515411746287,-0.7706187802386055,-0.7125524898133166,-0.379841977110376,0.9933001926420725,-0.07759971714193982,-0.2558529801730913,0.5878080351265915,0.5459546898590965,0.42029698441315344,2.338229270450982,1.2703957524901395,0.43868518720204164,0.36736649808331623,0.3505027431129362,0.14122075268747142,-0.14649001382311203,-0.33819015164095667,0.05191872040772072,1.0335806367493459,-0.16985244971389976,1.9766536061977713,2.551742284866832,-1.19029452931142,0.7305024772381127,1.8568376337223826,0.037368183716304584,-0.2933148667700988,1.20580873260383,0.33666312368912893,0.3091699874010598
2065,-0.2345067526482775,1.4890367157246553,-0.43322578801369427,0.6137968601192755,-0.06591637455308483,-0.7271040893018541,0.3003799084393249,2.1649171615916014,0.22530291045848466,0.17977826389269705,1.429532540081622,0.15020841765568616,0.4123773462793919,-0.7714117214928498,-0.7180159030773179,-0.3808062538270977,0.9766727063477765,-0.0699232386552676,-0.2628439566601094,0.5923724166397595,0.49006197543907637,0.47175870015152915,2.3178069759295017,1.2779773028754482,0.4558368812032499,0.36789378634593484,0.3878747950758543,0.16785815790430372,-0.15578974023794043,-0.3300854971136845,0.1347067439374893,1.0420008097326843,-0.1301680195863864,2.0247539607579386,2.539541465134405,-1.2080349738289453,0.7250390598925146,1.8139992944376166,0.02822478810921123,-0.2998927312116463,1.1778472670265976,0.31733824503538766,0.3127313504776418
2069,-0.2327323351501821,1.3657590773894777,-0.436492331185299,0.6065530203027678,-0.08416225554003341,-0.7340486283191323,0.2935690030756047,2.140912032281155,0.24271502527896627,0.19071005122557677,1.4580370023490314,0.1345795802035085,0.41835207674587066,-0.772460692380886,-0.7230695603465191,-0.3816982097900653,0.9595651589077115,-0.06737335816907108,-0.26931060991060113,0.5972400892720493,0.4112059937812871,0.5442951565923906,2.285870615716873,1.288998702909267,0.48600708408743176,0.3738484751555412,0.4530524985158011,0.22187100319393604,-0.1748754963909446,-0.31958020597883535,0.2724014287340727,1.0348139492648085,-0.06675583858962764,2.0692467887260926,2.5172073195730436,-1.2338298967993042,0.714238254100891,1.7514433243796537,-0.009991187737902961,-0.3110869449904824,1.1383047177753882,0.29675392123729943,0.31651474796494217
2070,-0.24633776128572754,1.4299939443974483,-0.4268579943798098,0.6029127289120301,-0.09840500498785697,-0.7419123727721728,0.2763670158263338,2.1279906347762534,0.27833105294425986,0.20139965134152657,1.4261781481742595,0.10471603365629797,0.4298288601455123,-0.7734309904523196,-0.7277441933205302,-0.38252326905581036,0.9577537445631789,-0.08168746277449461,-0.27529226416730607,0.6000947343617374,0.3958250028258822,0.5703667926572689,2.273705758083468,1.2843487438621477,0.5020109070148129,0.3987447018729121,0.5046401106274147,0.2646501991355393,-0.19733491957791757,-0.3185373779355672,0.37425832932054687,1.0164089254150614,0.032907375928711076,2.1104026545966357,2.507662345718221,-1.2591026545393562,0.713881316986691,1.6950665518440984,-0.07693147307504525,-0.3209946384353736,1.0718035499915992,0.2943000138739001,0.31958673712485125
2073,-0.26253889118302587,1.4603582785293163,-0.42772255748682136,0.6042478768820291,-0.1025699336955509,-0.7446359073477591,0.2643506714075639,2.0911791035055765,0.3155183650700009,0.19022754554529664,1.3527005153564962,0.06416691895634381,0.4411318688324786,-0.7743285161683957,-0.7320682288214906,-0.38328644887662455,0.9619393538696407,-0.09773856784731319,-0.2808252943547581,0.5976216296797248,0.39522182173027964,0.5758417649705919,2.293141600082917,1.2711035665192676,0.5096206801267664,0.42774369923244376,0.5325544786566564,0.26903655035911167,-0.21154732714266933,-0.31047021494689725,0.4726875112597817,0.9947863453745266,0.12923633185976774,2.1484718305268875,2.4967050050136743,-1.2750376227043707,0.7044699786805861,1.6498525452686381,-0.14347425041503173,-0.3153232051404075,0.9914182837422291,0.2883565621433726,0.3214052456844576
2074,-0.27353293263349016,1.4145779367719074,-0.4438866612053013,0.607301415003448,-0.10644518068016186,-0.7440229682018378,0.25745725399161806,2.0443581833446887,0.3397741848801614,0.18543107252527483,1.262154336357821,0.032028719063341565,0.44094828546640447,-0.7751587274557661,-0.7360679616598786,-0.3839923902108777,0.9683339023294177,-0.09378253239704576,-0.28594334727815124,0.6089583169792945,0.36674829966961797,0.5951471459689797,2.244784210996364,1.2685426183919295,0.5250333208382031,0.44936270399885186,0.5545102452097391,0.26454829715415557,-0.21154578409302743,-0.2865639995899105,0.5180902057143985,0.9825559872422723,0.2095613949129153,2.183685818262371,2.507190022468557,-1.2423519866093053,0.7060602932902517,1.6101261053750926,-0.18863564562521873,-0.3054869897479369,0.9188956133142244,0.28434470333009926,0.31869192481463565
2076,-0.28899536803402054,1.4407657898801165,-0.45001838965439567,0.6111357546405174,-0.11079564312112825,-0.7421206701420001,0.25198080445408816,2.002444903728023,0.3607958501205356,0.17909934045445153,1.1680061375161763,0.0023264404119672007,0.43633436671986625,-0.7743093026963023,-0.731065975348704,-0.38464538594506187,0.9742488596547114,-0.0860918931798598,-0.2906775462322899,0.6100913586973925,0.37029323781068857,0.6091177811734482,2.203222523629595,1.2652263535736643,0.5427714659902505,0.47456535119893806,0.5772546785526369,0.23999888221507953,-0.20455573999200166,-0.278300067883383,0.5256299805570479,0.9929038803212829,0.29321465408328573,2.175873682569567,2.5254735068999588,-1.2022687494806639,0.7102777428481353,1.5716120752663174,-0.2123912947818101,-0.29585206647859447,0.8521036476020616,0.2885396249436395,0.31280751572206605
2077,-0.30641493573200274,1.4862452073595702,-0.4422924452640058,0.6131171183992055,-0.10960110300393226,-0.7410180469929776,0.25093276266141357,1.9903272344831016,0.37341454546860425,0.16909271034599999,1.1156026229564513,-0.01327392388654302,0.4360482016080144,-0.7751409549940796,-0.7174747329982691,-0.3852494069991823,0.9797201951806082,-0.08010624673789883,-0.2950566802648682,0.5877931872285269,0.40245002609836833,0.649213471443126,2.234330209382376,1.2709299180534945,0.5706336728374168,0.49787779985901776,0.6089221076747761,0.20764951962336461,-0.20092799982871998,-0.28360751279212926,0.5410278207902456,0.9950091061808007,0.3350992043953719,2.2078909229070867,2.51608125998604,-1.188926568238313,0.6987030648894376,1.5570248768179855,-0.19654749776390418,-0.2964321116543992,0.8159737873809945,0.2845811431077972,0.3083441953491949
2081,-0.32062389161088517,1.5076492878503132,-0.4388554279599752,0.6164802764053099,-0.10572259037034511,-0.7383422808587865,0.2522409145734723,2.002919725061175,0.36833559219203943,0.15689749225051894,1.1287361517147723,-0.005031926053628417,0.43925065047167833,-0.7759102333695236,-0.709866064046524,-0.38580812647424356,0.9847811805420624,-0.08393605891256152,-0.299107379245003,0.5793488852916387,0.4307634948799298,0.6880239578140693,2.2626674438372136,1.2902400918244055,0.5801342604336431,0.5066942728590494,0.6401594645309119,0.1778408696778103,-0.1965586706547166,-0.2885168993327195,0.5744031870719919,0.9948206911077595,0.39021584198424386,2.236147218467181,2.5058287162992468,-1.1678065932173285,0.6842836374412481,1.5690569343486744,-0.17122521344146352,-0.2982216566231546,0.8078544931249437,0.26873127112317774,0.30511322489020626
2082,-0.3337870305946692,1.5513109124954405,-0.4389905873829391,0.6234950799455725,-0.09590719290526914,-0.7298974952917056,0.2632590777154516,2.030524876943596,0.3334900136806534,0.13699036884755872,1.2320610741143454,0.03965136777903689,0.4448906628607714,-0.7708443794115835,-0.7124254605052016,-0.38632494198867523,0.9894625920014078,-0.10667181247243632,-0.3028542758016278,0.6061303940755407,0.4312619170041667,0.6879864041742717,2.2361783349973927,1.2918693374128338,0.5554567843062027,0.510257670797977,0.6396907547532276,0.1640829418250687,-0.19817798250497431,-0.28414486889208906,0.6103979631679294,1.003004822277046,0.44595002327471933,2.2201821953822467,2.499663557663167,-1.1317742702704838,0.6706972953797551,1.5950239457194904,-0.16381855289640698,-0.284502665330128,0.8149135645863715,0.240703379638195,0.30795665066524475
2085,-0.343480989912653,1.5825641489150832,-0.43886556253048,0.6276105647911384,-0.08780474057387401,-0.7233141844993861,0.2742478751007762,2.0701932051367478,0.3053962132107978,0.12460640192662722,1.3382465870173164,0.08215147095498601,0.4568925854734539,-0.7711531225994416,-0.7157250547085271,-0.3868029963395246,0.9937928976013023,-0.1318795135673441,-0.3063201551165058,0.6168190930332723,0.4405052971415863,0.6866983193280154,2.24082928153834,1.291776900531291,0.51960981319354,0.5103305581931032,0.6274819663551511,0.15291546241914136,-0.20220729219350236,-0.28025583664211334,0.6526135268705512,1.001082822132986,0.49936846791145056,2.2274552082923402,2.4819474616569557,-1.092763303324522,0.6464413157624254,1.6213794868112048,-0.149906138315184,-0.2753701061214634,0.836660098441344,0.22087229302181974,0.3138744190223579
2086,-0.34840736872124856,1.5730278573834415,-0.4435028020589389,0.6242626193425703,-0.09560472608249306,-0.7238361924463597,0.2778796231230372,2.0784727128077054,0.3177341391697987,0.13423120149149725,1.3315771351605485,0.08249106456463715,0.4744621670889762,-0.7722214884044836,-0.7187659958889854,-0.3872451966140602,0.9977984302812047,-0.13492532134976884,-0.30952609348276783,0.5982645898973679,0.47230777893896275,0.6862377755322739,2.269116460447964,1.3013433997977304,0.4925250092953072,0.510618810742704,0.6288569802434608,0.13557768997307018,-0.1929743691799203,-0.2854165988939548,0.6728264435117791,0.997042839394409,0.5541545409160532,2.246579069866076,2.466106406985917,-1.0582341744258716,0.6308675059747767,1.6186007722580502,-0.14911699846444765,-0.2894842988758165,0.8556995053929533,0.23740685052278823,0.3147714345674643
2090,-0.3569350037705206,1.5654298824637407,-0.4480692887781562,0.616484168211408,-0.10155677322558143,-0.7296301529749558,0.277980812335022,2.083224338089025,0.3447557049692313,0.15430143244202502,1.2946837570112706,0.060021734080312195,0.4927988163715291,-0.7732097267741475,-0.7218220445446277,-0.3876542318680057,1.0015035480101144,-0.13058343163095582,-0.3124915864715602,0.5665848828374561,0.5076587287803006,0.6700647107000519,2.2821075648956373,1.3119890279039594,0.47423848488044795,0.5140719603030505,0.6314701541238759,0.12663898173330104,-0.17998124273871963,-0.2901903039769082,0.6871192873614089,0.9923462399119277,0.6000592560659554,2.241326154582425,2.4580085215728507,-1.0357880041754077,0.6313946588878535,1.6104647662702614,-0.16473916658528787,-0.299724384332598,0.8607306508351602,0.2581970320036992,0.31198802114628715
2091,-0.37302143515526326,1.5653885594493069,-0.44972635592246424,0.6057637370281022,-0.09882639889155205,-0.7405467762270825,0.2736313395858585,2.113922121505478,0.3746946725915997,0.1933923628723308,1.2389410413553854,0.00230764768443658,0.5095242768115344,-0.7727679431225584,-0.7255860754839802,-0.38803258947790525,1.0049307819093558,-0.11210802738824106,-0.3152346674861933,0.5175514127149332,0.5425419412690891,0.6655745806710924,2.2694660599072822,1.3249275269983178,0.4809808772228861,0.5333777914563677,0.6350683978115458,0.13471227499953692,-0.17663920626453444,-0.29460598117864,0.7173782042871523,0.9872035755008347,0.6334926694762669,2.222127668994784,2.453192411193269,-1.0342015933174364,0.6427294871247816,1.6161385372324606,-0.16477071637937193,-0.2985760335759862,0.8712528275084768,0.26994282651714835,0.30851214772044777
2095,-0.3930853194912128,1.5632408038068255,-0.4521564608491117,0.5904002196892484,-0.09817253006290663,-0.7546419959606347,0.26889624925700284,2.160256596964317,0.4028060366070584,0.24408015545577952,1.2142006744630762,-0.051184608640554644,0.5238711936327657,-0.7647651774132307,-0.7300719698226817,-0.3883825702670623,1.0081009732661543,-0.08422452977792984,-0.3177720174247288,0.45379406706905934,0.5959406485155871,0.6446441990485731,2.2028336745907353,1.3317567407563236,0.5039836217497249,0.5522793070971401,0.6334763592564908,0.16031084305304788,-0.17223943995961571,-0.2917017559881922,0.7459814320681065,0.9884834666415719,0.6555070941533612,2.1953166670227624,2.4576680782423006,-1.036919485549096,0.6534296255904231,1.6284328784959003,-0.18413364781545047,-0.3065982420923528,0.9033237002170806,0.28939400838445206,0.30333371522709973
2096,-0.42107750925247456,1.5826457918834609,-0.4515690962154071,0.5732938306690294,-0.09575923789300865,-0.7662202929489584,0.2739905376982799,2.233856602191994,0.3901103072098246,0.2941470538678798,1.3358897871402517,-0.040571714545357,0.534989107830156,-0.733603308550204,-0.7342214220859806,-0.38870630249703264,1.008146833449352,-0.06805483030882457,-0.32011906611787416,0.3953032772267267,0.6637826229083236,0.5802364523768391,2.0428254451362284,1.3321561150787407,0.5052636493878615,0.5654294625882111,0.6162397603191647,0.20371886542115353,-0.16208770557950125,-0.27466179367780547,0.7777436334692701,0.9943752840072786,0.6670616579956734,2.1578982250994487,2.469042983524167,-1.0207665876047214,0.6633272536711413,1.6586433861911754,-0.23960435381052517,-0.3237737177146955,0.9730374668930585,0.30911479283471704,0.2994316731617429
2099,-0.43766899937363707,1.5980132232573352,-0.45388798918687,0.5557997907649596,-0.10495593443713915,-0.7831840878542546,0.25825090308448717,2.295315799975255,0.37566303192877104,0.34611008082887207,1.4176978196636756,-0.028371867874829756,0.5447464978164885,-0.7197343749549825,-0.7380596654295322,-0.38848977822489983,1.0060603755621629,-0.05578490421259096,-0.3222900861590336,0.31061804827679834,0.7182369775569442,0.45983110314105474,1.8896135367510114,1.3365985837064116,0.45393387619932773,0.5344263368794415,0.5775950443756386,0.25512266409723344,-0.1447149165820867,-0.24742293822355102,0.8105142883875057,0.9930000683753086,0.6769628067805217,2.1307531323919715,2.474231659871364,-0.9998612746471217,0.670989465919945,1.6978395962803037,-0.2897444078079611,-0.3529254050526349,1.0362508946916356,0.3257815861737821,0.2955103577960798
2100,-0.42152341260033044,1.5911929251572707,-0.463494780492323,0.538698680217506,-0.1490547005857037,-0.8014417440184206,0.21278524175782415,2.250285809375099,0.3902878588035036,0.3974478868206099,1.317089133483383,-0.02547581358468241,0.5529809811079835,-0.7246591468333589,-0.7416100405223173,-0.3888054698580323,1.0047860735840102,-0.01481833951514112,-0.32429827969710606,0.19300475804959852,0.7316683804902095,0.3075337704054756,1.7478925214946859,1.3321768566532113,0.36054812271694203,0.4532400743416179,0.5382565015241038,0.30543993519296075,-0.13065645141066992,-0.22057791541598215,0.8152208208342832,1.0159856397042428,0.6801242898098246,2.1259811393635446,2.4626953705201453,-1.0004556796719233,0.6708771159676318,1.6903631644969959,-0.31184049380774226,-0.4109117862607434,1.055846312215079,0.35471459042757636,0.28861887007705417
2105,-0.3958771280721962,1.5900215984428925,-0.46676472091823806,0.5195404225788793,-0.20031139681345678,-0.8150935057705445,0.15992395212689278,2.156071112241567,0.4145928062866935,0.4299596102853705,1.2183074484721295,-0.007263519144353811,0.560809788840563,-0.729214560820857,-0.7408816776547288,-0.3890974846186799,1.0059428131058603,-0.007615025777083208,-0.3261558587198231,0.12984997181643892,0.7205396543290196,0.1666587376250649,1.6168005823825842,1.3077833796930864,0.23967303722482813,0.3875039549842583,0.5480602530487856,0.35117143280356283,-0.09882769075142217,-0.21354768454858022,0.7775426488929681,1.071859927420862,0.6880306390492953,2.162881928936279,2.4429773978635634,-1.0102673254042518,0.6628608588881673,1.6375909103391586,-0.3195307452249228,-0.45094433901584613,1.0377855167379255,0.377636469818321,0.2811228372643434
2106,-0.36646850519433777,1.597846966390316,-0.46501534824411256,0.49840517228693465,-0.24085476099458134,-0.8254806508398578,0.11028582607424628,2.0806399772273103,0.4542165560441088,0.41379000047498044,1.1544640084058386,-0.013540135138028346,0.5627815673898217,-0.7334283187592927,-0.7033058179887682,-0.3740338592184956,0.9866068814422253,-0.08558389884380195,-0.3278741193158364,0.1417593922975246,0.750730583456195,0.036349332303185024,1.568419465059156,1.278337363318652,0.1814714669803031,0.4173460083604389,0.6247657340701266,0.3229812397085508,-0.028036799428859133,-0.22304003044468643,0.7004536328430315,1.1738194812835285,0.6941216932261879,2.1970151592910585,2.4167267173500524,-1.052307275998933,0.6597912558968787,1.5733962409194053,-0.3012369728727981,-0.42378974992890234,0.9768703945501465,0.3459629681800196,0.28092414165359714
2109,-0.3347809532527974,1.6011286805194422,-0.4687085435944037,0.48228715296168856,-0.272213889359737,-0.8294927985537643,0.0723905910681613,2.0132007355590673,0.48044955409940326,0.3953100708455312,1.077356978945603,-0.030639783552996767,0.5640652383772516,-0.7373260448523459,-0.6696834924471701,-0.3630134709227729,0.9814163668809983,-0.15770510643051677,-0.3221815612772018,0.1341868754269996,0.8070653582967179,-0.08418686761955385,1.6471373802047191,1.2504841592198852,0.15605840816550942,0.44494990773340604,0.6957183040148671,0.24682191810789478,0.04144439937174561,-0.21872561987355954,0.6429617188479748,1.3155552546241267,0.6678171650740325,2.2285883973692298,2.3809634192086233,-1.091194230299013,0.6500993972294512,1.517872385875201,-0.27167604348784724,-0.41251982517514946,0.9161987342767874,0.30873676883072704,0.2822837179616334
2110,-0.31813304664639347,1.6159110099228446,-0.4661793024550261,0.47185359981980085,-0.2917215277087109,-0.8301338130126277,0.05595161393120526,1.9552327175134911,0.47656764850396527,0.3733959110088459,1.0143745529904498,-0.033782463157375195,0.5693946623960648,-0.7409314414884198,-0.6381255953033509,-0.365239885603565,0.9863501393649236,-0.15022320954396765,-0.32361026260060116,0.15904397863546038,0.8307458323903798,-0.19568285254808732,1.7199514517143653,1.2279766776205205,0.20781096476756825,0.4704835146534006,0.761349431213752,0.1869889749261629,0.08596406386014702,-0.22850114838304256,0.5882640028921466,1.3700990460917992,0.6540279491250515,2.2577936425915377,2.3577243019447316,-1.108566450444011,0.6358889893277967,1.4662834295439828,-0.25168326634833194,-0.44345959665397244,0.8869950946467773,0.2909090731951998,0.282098641987484
2115,-0.3052805266534052,1.616320455878315,-0.4637696049947154,0.4602803724047436,-0.3100988320572143,-0.8310124710856797,0.0374027543875389,1.9150242914167779,0.4861010294650667,0.3419637557937251,0.9850654314914573,-0.0415439358044183,0.5761265833185782,-0.7442664333767883,-0.6145877307485179,-0.36729931918329767,0.9909138789125543,-0.16764943832276485,-0.32306332975064644,0.2589266250688762,0.8734423064603063,-0.29881663860698077,1.7873044678607881,1.1958916726210944,0.30389897813482936,0.4941021010543956,0.8220582238727205,0.12229109500540997,0.12440631371109041,-0.2375435122543144,0.5437755402462611,1.3771406126960974,0.6421222722952835,2.284808494422172,2.3411532484898148,-1.1132672152417393,0.6237341136532119,1.4289890378983408,-0.22867099272790728,-0.46163797730970335,0.8619743672920436,0.26333670559952316,0.2835086678631157
2116,-0.2868145743422452,1.5734391376205172,-0.466458994217696,0.4466260673322739,-0.33196069938294465,-0.8308361134155645,0.006213106228964393,1.8607963707363313,0.5222323294251063,0.3086719171118348,0.9395769082708282,-0.05931637239465943,0.5809158848514369,-0.7473513008735292,-0.6138633306876505,-0.3687218107758137,0.9951353379941129,-0.22410331974106243,-0.325013530019348,0.33440988486619955,0.9252804358814843,-0.39421539071145717,1.849606007796229,1.1573680593475468,0.3656150165551875,0.5159492934753159,0.8782138570822665,0.04265094522326123,0.1846651177089289,-0.2459076988352408,0.5572174692826466,1.4179123694705347,0.5899367705610601,2.3097972323655087,2.31521777276311,-1.1475821740986087,0.616504588497695,1.3995346113615907,-0.20847719907902054,-0.46688725686844956,0.8138530228331333,0.22270114475172656,0.285941260761433
2120,-0.27672906424211935,1.5460748238683888,-0.46619489179111945,0.43801175283575905,-0.34782397919784114,-0.8287830621822857,-0.016817244497209515,1.8090172678296697,0.545736726491017,0.26388604050841064,0.8848299379957693,-0.07507825127149435,0.5851622979099628,-0.7502048033080146,-0.6206642658521794,-0.3705200999676277,0.9990401876445544,-0.2544496724783306,-0.32681746526789685,0.37305037860483614,0.9631675117215482,-0.48245923640809785,1.9072349322365116,1.122838860514314,0.42777910166430655,0.5361579464646671,0.9301578178010966,-0.02355214683603362,0.24852124075228782,-0.2536445714225977,0.5824151215313937,1.4144823185622506,0.535841976874946,2.332911814963095,2.299982699995853,-1.177606966554949,0.6170886714818049,1.3787617107821875,-0.1985554237614668,-0.471841150616577,0.7693422238963289,0.18484241855475242,0.28835024540602594
2121,-0.2784421894040073,1.5556808795737984,-0.4636709390802035,0.4358733692787583,-0.3555430965673535,-0.8262494308033952,-0.03025542156285692,1.7779306681141989,0.5599621924159056,0.2195915817542796,0.8318170096797194,-0.09109013545647823,0.5914381180181669,-0.7528442930599135,-0.6327534370888384,-0.3721835174700556,1.0026521735712126,-0.275816359033707,-0.3284861053728046,0.3703843365381881,1.0197642738363464,-0.5640847936774906,1.9605416873437733,1.1038103827822967,0.49203529275837704,0.5548509504798169,0.975425404643828,-0.072392727937401,0.28420578019234943,-0.2608011785659029,0.5825207477315479,1.3973655276403387,0.5055549724028231,2.354292803865863,2.3008627702798017,-1.1531639015406514,0.618744589047529,1.3771475389014456,-0.20260570009931736,-0.44515120629741944,0.7344129255805079,0.14929531308464783,0.2939704156843522
2124,-0.2803210138278877,1.5597708918148683,-0.4617249868589417,0.4331032793910274,-0.3589534744575569,-0.8257085444937856,-0.04218236723489712,1.7562188399457976,0.5742350494665377,0.19437142025059817,0.7894516428218655,-0.10063620742157546,0.5986281331129518,-0.75528582108042,-0.6442017793071755,-0.3724376854059434,1.0059932605533715,-0.29322201506280315,-0.3300295974698442,0.31907684372509837,1.0470267116587377,-0.6395884341516788,2.0098504358179903,1.1123504537925888,0.4913760225490604,0.5721419791938306,0.9888800053845626,-0.10598872812307261,0.3092584968694084,-0.26742104017346013,0.5872553219265635,1.4047210644127996,0.4692166437920392,2.3740702186009237,2.296720959736605,-1.1264927795846544,0.6188134541292049,1.38852214356752,-0.2161490852816889,-0.41434689309528394,0.7112123553791777,0.12133188840434131,0.30097851815062937
2125,-0.28293602299825243,1.5708627556100847,-0.4565888270526444,0.4321143526183163,-0.3607303526296147,-0.8249275643149188,-0.05143260236875512,1.7608291006276255,0.5691623159458711,0.17959896277598156,0.7910925545685079,-0.08897109820025803,0.6082486530151443,-0.7575442344993886,-0.6547914958591372,-0.3732796159242135,1.0090837660118688,-0.29927872910090947,-0.33145732765960584,0.27765937440967164,1.0500701936255916,-0.7094293015903029,2.039151058169142,1.1141632851827583,0.45769385821840636,0.5881361807542933,0.9845400811601277,-0.12117785326701001,0.33837200198898054,-0.27354441216045056,0.5696427917990052,1.388064066808437,0.44297502964975016,2.3923643272308546,2.300665112911202,-1.1118247471474396,0.6312811512473426,1.424893235563177,-0.21877793152515884,-0.4142444020793345,0.7350668022444453,0.11353685094107459,0.30414955594324533
2129,-0.2861802571423833,1.5885226185567822,-0.4540598638733749,0.4348604533109949,-0.36017850089287456,-0.8234316314250112,-0.055930152954037686,1.776859050279548,0.5542584869031495,0.16888427501540745,0.8016149527139744,-0.07842657029227049,0.6187765828196925,-0.7596332669119344,-0.664586983669702,-0.37369745187420056,1.0119424835609787,-0.3036254499020507,-0.33277797808513543,0.23710028854296045,1.0598363362083525,-0.7740321039710303,2.0555596537710743,1.116447953417074,0.4232805807325791,0.6029308171977215,0.9656603491010602,-0.12729720076300569,0.35068010459440585,-0.2792085312484167,0.5441565256744543,1.3799178136816985,0.41882475734078056,2.4092863777135403,2.2999994956486898,-1.0888201293924973,0.6411929584364112,1.4603545423561646,-0.2178898722077449,-0.41091897273655165,0.7628570588425481,0.11128417705973438,0.3067958172629997
2130,-0.28348765230219886,1.5832911731116,-0.4566735921884716,0.43634117161129304,-0.3624065540341224,-0.8214164104425841,-0.05952270327880652,1.7627644084287362,0.5439422326190908,0.14640428171499154,0.7839020881090729,-0.08538697101492518,0.6239519743739221,-0.7615656218935395,-0.6680545727040652,-0.37512256798363547,1.0145867972939056,-0.3109811825260853,-0.33399957972875033,0.1956226830069088,1.067166238145716,-0.833789696173203,2.059982172115773,1.1378187945079297,0.39025042369468,0.6104926650501421,0.9584853945548709,-0.13097818970831365,0.33926661409667697,-0.2844478414047855,0.5474376851051922,1.3902470285517732,0.38209814256349633,2.424939274410024,2.28167225883569,-1.067294284010912,0.6339576969970674,1.4536765494792772,-0.2222288411069878,-0.38786880212009334,0.7433371492320463,0.10266183552035224,0.31120127597103997
2134,-0.2817334160151107,1.578029983456757,-0.45722818160029605,0.4368874618016416,-0.36353185571713476,-0.8204503433484822,-0.061928746949482666,1.7532413788952896,0.5406876537703571,0.12792976551698032,0.7744599220070103,-0.08977324611843744,0.6276848950758683,-0.7633530502515239,-0.6684459821504326,-0.3764408003848628,1.0170327874968625,-0.31594380638949315,-0.3351295612490941,0.16120596742780163,1.0671979522732447,-0.8890654689602128,2.064286926666713,1.1611215916067317,0.3619877706609145,0.620726799583398,0.9602178166118606,-0.14099285780106455,0.3336570897068254,-0.2892942032994267,0.5470970347667509,1.3923646938344347,0.3540098527198637,2.4394182038542724,2.2695119972640785,-1.045527317209703,0.6337415604794094,1.4420716252204524,-0.22141014246485974,-0.37725672991355885,0.7330364995020585,0.10287188676609269,0.31433817597932245
2135,-0.28396351261552266,1.5827036290501586,-0.4558701296178044,0.4385848130329627,-0.3613902106598647,-0.8204434611219558,-0.06255401280722003,1.7686563520259169,0.5508179577730636,0.13283014924329217,0.7864229639722492,-0.09036995904330238,0.6386552332273467,-0.7650064214826596,-0.672916253216485,-0.37523389921041583,1.0192953284345976,-0.32035209680841636,-0.336174794155412,0.11902714856825744,1.0664636934876808,-0.9401955587881967,2.0732385752863833,1.187441543878912,0.34421454626327075,0.6302823614227541,0.9563572892868878,-0.1705543068060669,0.35575742590944287,-0.2937770880519697,0.5296736976663923,1.392038343157977,0.34293999011924103,2.452811213590202,2.271436009626624,-1.0086222803512608,0.6433009715165201,1.4467967554327925,-0.207281905864956,-0.3810552161609482,0.7629300445881182,0.1173894380338471,0.31711859165763223
2140,-0.28395243471953424,1.577241210184633,-0.45835194195070594,0.43929824509162263,-0.36340278371618373,-0.8193083131349915,-0.06074007470067772,1.7592848579689915,0.5567382079770341,0.1319380274838626,0.7852352870464192,-0.09688308872043247,0.6496609407352958,-0.7665357898714603,-0.6737573832709807,-0.3655879289724349,1.0213881788020027,-0.32095267289539753,-0.33714163459375607,0.07953156983601047,1.0664333386542595,-0.986695378995852,2.0727093472326517,1.214674483338396,0.32989632897708976,0.6349158852597921,0.95272135803388,-0.20059962571394885,0.37849184048793644,-0.297923756448072,0.5293471717529696,1.40309718412743,0.32536599037043396,2.4651997475959373,2.2612234876618325,-0.9725964962612381,0.6434516047907783,1.4315012219473948,-0.19283726617012115,-0.38412579226795046,0.7660754907211363,0.12179213689522729,0.32090209020304206
2141,-0.28326089068276805,1.5669738701015035,-0.4639922222304198,0.44113032672735303,-0.3710799394411203,-0.8151534929526585,-0.05681985843764024,1.7117456071417212,0.541960241460344,0.10704435571775306,0.7617422487129654,-0.10029960305359144,0.6561708010448377,-0.7679504556311009,-0.6747435132634392,-0.35660754037830483,1.0233240653918523,-0.32324493470479154,-0.33803596199922437,0.04548334124872245,1.0634277921433888,-1.0305032255711633,2.0571950587563688,1.2308045904391804,0.31144455592739917,0.6462020438653077,0.9472236996538365,-0.2164815470261992,0.3855453510446629,-0.2899489263986352,0.5416185516874169,1.4113203007709767,0.2951252294879935,2.476659141551242,2.2368880669929623,-0.9489673348074793,0.6359502304321978,1.4002969701524943,-0.18148257688118943,-0.3889563891964128,0.72245326284354,0.10595207985923047,0.32352296259825924
2144,-0.2842591883567331,1.565280662227211,-0.46543331014737843,0.4440585323208323,-0.37731525263654053,-0.8110205135688009,-0.051874334419733124,1.6729238263237172,0.5336157368935219,0.09001931277947683,0.7433183189665641,-0.09730498760252301,0.663602654525988,-0.7676561464946073,-0.6810061078929625,-0.34303846219119416,1.025114760487463,-0.3217429758084644,-0.3388632148492826,0.01111248722609957,1.058498124610824,-1.0710254836533262,2.0568012277167234,1.241197744167877,0.29646254297905644,0.6566417405754096,0.945171617386613,-0.23512099816872592,0.39612887819280274,-0.2906219252326618,0.5476526162158141,1.4190176636220466,0.26839463891072596,2.4872590809598982,2.2156587204639586,-0.9258488178570166,0.6358566999616776,1.381168948446331,-0.16815367803347467,-0.39305972570932146,0.7011114485841754,0.09605246644403789,0.32463677972843263
2145,-0.283847917631344,1.5730037356190065,-0.46111060364211176,0.44610759426812324,-0.37702276371022747,-0.8100434546600077,-0.0516860865522764,1.6752430967777858,0.5440737604018355,0.09664401283442213,0.7483851335133691,-0.0891377880654568,0.6727373054365389,-0.7652716505763123,-0.6845864272473654,-0.3372071345278675,1.0267711534509032,-0.3208709977154289,-0.3396284237355864,-0.014340358882327386,1.0549259093289072,-1.1085085723793269,2.085038801960567,1.2495905852130798,0.2868299183913012,0.6662984600322538,0.9522149060785657,-0.2550786311084954,0.4108356535516669,-0.2950052308402122,0.5401653457465441,1.411350648112203,0.25493239365485076,2.4970640249129055,2.202010413130695,-0.9053040564731291,0.6455730080087709,1.398973911290696,-0.16273170378719454,-0.38985023155046744,0.7307176918204489,0.10124675862796118,0.32538784799227993
2149,-0.2817477192220678,1.5739805476518332,-0.4588679559169961,0.44854821417482416,-0.376165437395334,-0.808763412291166,-0.05661983935779545,1.6817606438408728,0.5448712916427514,0.10261082365729586,0.7594291736575419,-0.07823544320831285,0.6811868575287984,-0.766486325591802,-0.6873976386811179,-0.3398647935844521,1.0283033169420854,-0.31862864421966364,-0.34033624195541734,-0.03698994866089748,1.0501054818667586,-1.1431804294508774,2.111247972027588,1.2571928312978857,0.2791952000815294,0.6752309255298348,0.9574192930055485,-0.26791470009443336,0.42047158852436844,-0.2990597885271962,0.5308075823651405,1.4070190756139378,0.24596392574240922,2.5061335980694377,2.188514517246482,-0.8827337420980254,0.6544888881709452,1.4184679432173968,-0.16003769511645805,-0.3856055657647915,0.7460725587018249,0.10320354102060837,0.3265201744554868
2150,-0.2777103862710687,1.5593874642477257,-0.4599480010917895,0.4516198645144321,-0.37763894506401896,-0.8058983459207228,-0.06289818112746813,1.6729755421492272,0.5301822456355962,0.09936683535315527,0.771779949603608,-0.06569134536727121,0.687538840399497,-0.7679047011724169,-0.6947476657800342,-0.34382735906561823,1.029720568171429,-0.30796744260330444,-0.3409909738087611,-0.05912546889732529,1.0391886649312465,-1.1595840334270127,2.1265131729008067,1.2713926355678953,0.28040058113103317,0.6834934561150973,0.9625505726136119,-0.2803874096470155,0.42723808217525083,-0.30026469558083724,0.5168454690513896,1.4131633813724684,0.24943279321065345,2.51452295323923,2.186778280795245,-0.8432605228391258,0.6627696087203947,1.4042098977566657,-0.14798893502215668,-0.3839157109392795,0.7246234903682228,0.1079705577003849,0.3275060285735879
2154,-0.27861178376939333,1.5680982602370013,-0.45802776001474954,0.459110639854311,-0.372412163966701,-0.8041810539012162,-0.06180156186160126,1.6747379942267964,0.5266365793407269,0.10550845155914933,0.7871080760756,-0.04782264854794578,0.6937113236049511,-0.7657552235606097,-0.7015464408465315,-0.3474927321356969,1.0310315255585718,-0.2985769772203092,-0.341596600773104,-0.09165728754630277,1.0093015937237975,-1.1544172033180116,2.153186091461856,1.2903747259259706,0.30496906721119993,0.6911362969064648,0.9538090062934527,-0.2788347721544514,0.4375665947345611,-0.3030663387351381,0.49335719609050854,1.4135937732952597,0.2641208456947886,2.522283106771288,2.1928744978205956,-0.7955128563586552,0.67066200106517,1.399711132913313,-0.14990163964929584,-0.38576951667994996,0.721429492263437,0.1257157453034833,0.32681316509706854
2155,-0.2905369162772772,1.6212856986076865,-0.45456823846188893,0.47427446566158377,-0.3590032147759531,-0.8026214019353539,-0.044489416238886734,1.6806744139590146,0.5398044343350279,0.11967616145826056,0.7959479156707908,-0.02841452806967052,0.7001480980793817,-0.7571696025392479,-0.7078353077830417,-0.3417984145281337,1.0322441611416788,-0.293511448790065,-0.3421568057151212,-0.15100432237918934,0.9566170840374484,-1.1216854650921102,2.1833623919160554,1.3091682308737689,0.3581692488607397,0.6982059246384801,0.9065976741445632,-0.24831992235109968,0.454787844888363,-0.30587905538341426,0.4689087188537368,1.407039906158372,0.27831392735890137,2.527967947655826,2.194990332749681,-0.759673803258635,0.6769218050281863,1.4189253676974003,-0.17751725539829966,-0.3910430559904801,0.7493394445116975,0.1490429850864178,0.322822437752245
2159,-0.30014180064279716,1.6508370846943554,-0.45299842725869277,0.48766157318105247,-0.34421684030727295,-0.8019059798941677,-0.02545105698066743,1.6999229805299165,0.5491237305146386,0.13425716817654,0.8123949837779976,-0.01051638366359852,0.706541840723428,-0.7450500730746001,-0.7123245816150093,-0.3305612153786507,1.033365849056053,-0.2938514981368389,-0.3426749952864871,-0.2516027266585846,0.8949751786362476,-1.0206037124198393,2.1263378909044692,1.3592155596128863,0.44911655519618426,0.704745330290594,0.8461482952307083,-0.20789609890734645,0.4758299069626146,-0.30671875930943765,0.44090537562479504,1.3923469540819569,0.30179252301752635,2.5228976850137483,2.207328455049176,-0.7121996455189814,0.6850575196510722,1.4345181836314922,-0.1985844921775734,-0.3955296381237523,0.7713776835345707,0.17251274862853186,0.3167433134831106
2160,-0.29957644940196715,1.6285592495582648,-0.44960398100913607,0.4943394160627225,-0.33220773778797075,-0.8031085435773352,-0.016829376508261207,1.7414261447816544,0.5498241222612882,0.13599073594410188,0.8414766937433176,0.0009539457371544949,0.7089166349726006,-0.7249209044761068,-0.7146944127053929,-0.3152323872664273,1.0344034103768494,-0.3046640560166077,-0.34315432064000057,-0.37872975391359953,0.8378569343367416,-0.8754157872062244,1.9668625490866343,1.450758700714757,0.5011244030815721,0.6196611734514261,0.8100808568757893,-0.19078689711108415,0.48666815642517935,-0.3096545473373882,0.4193713799983684,1.368142800491869,0.33771494753354125,2.5137459750569255,2.238348586642707,-0.6684167670529119,0.6925830556772417,1.4466915508637683,-0.20005482070048716,-0.38605496183958943,0.7757276374821508,0.1859521391833858,0.31359553577761695
2164,-0.30672568015709073,1.6277159158716281,-0.44468023776981336,0.5065890379736192,-0.32020564747206626,-0.8005085279522144,-0.004688987922417009,1.7869069820901995,0.5551075522861002,0.13384493895671695,0.875674873245155,0.0069672211784308465,0.711469066131964,-0.7099585818246507,-0.7125455034627044,-0.30876214813938413,1.0353631545985857,-0.3156276597383553,-0.34359769659200057,-0.4751210937129678,0.7987615853016833,-0.7300616145852024,1.8193478579051365,1.5775710481611505,0.4907109581365773,0.5142817354425692,0.7616810190251097,-0.18149599317363518,0.4961211345668235,-0.3126104062870841,0.39407055209282243,1.3305712105861245,0.3940409834834975,2.4907128548048805,2.2836550874819554,-0.6147972935490252,0.6995441765014484,1.4630922042944856,-0.19987914486214042,-0.3776955765013912,0.7889634385918473,0.20623556369684518,0.30874048770539303
2165,-0.32357427592800725,1.6605375094011534,-0.4384564897357676,0.5236275109344618,-0.30897670048801235,-0.7937673884740023,0.01676190154139726,1.8165054454775589,0.5692497888050795,0.13298675583989056,0.894639454747573,-0.0061206521846978185,0.7155967278313969,-0.710500623336019,-0.6943836020738974,-0.3150574120289303,1.0362509180036916,-0.30285699352565415,-0.34400781934760044,-0.5402915366429372,0.7471693104518204,-0.5367835898722821,1.6828967685622513,1.6893234551356366,0.5033595807610057,0.41680575528437647,0.7201368275435359,-0.18973511722427722,0.49626468648398026,-0.3153445758155528,0.3540372050381404,1.2808075079789738,0.46717118934371765,2.426075834150094,2.3276539986034392,-0.5593808164745996,0.7059832132638396,1.4649149005859217,-0.1990350017277828,-0.3873527219420332,0.8109216568799826,0.2383178466074022,0.29971689554380027
2168,-0.33932214200004074,1.6840322599287039,-0.4300247497465597,0.5414840560459709,-0.28372932244547905,-0.790169930095017,0.043865364540479464,1.8539495931329273,0.5681352876048713,0.1267420512016697,0.9288227765487619,-0.00657566885189804,0.7165435319315183,-0.7093011194923395,-0.677451566143993,-0.32088053112676046,1.037072099153415,-0.28141324711180316,-0.3443871828965304,-0.5217907995406428,0.7175374300046309,-0.3290526698828551,1.5566795109200826,1.7945778506411103,0.4799274470047525,0.3266404736380482,0.6822413610590363,-0.18393291676165768,0.4744917008068952,-0.31787368262938637,0.3118341408127573,1.1790915312437786,0.5679028171059027,2.2838543786152723,2.381282862941482,-0.4793430582816668,0.7119393222690517,1.4737004946767913,-0.19781181885515933,-0.3926109956606165,0.8314700984316831,0.2721819711149614,0.2895902597603407
2169,-0.3538198204986752,1.7175550182455384,-0.4195368091882325,0.5667565188284198,-0.23220688615917104,-0.7861426518083977,0.08274503848215335,1.8879964817763533,0.5328156973078867,0.11621241967736158,0.9929077067256386,0.04274584559107969,0.7119138586074293,-0.6933840299772698,-0.6616904884777365,-0.3262669162922534,1.0378316917169088,-0.2196315968827149,-0.34473809417929063,-0.3932689593155106,0.7184873013016961,-0.13600243400993522,1.4534235297037081,1.8271041847292633,0.4565302425026542,0.2743303301682516,0.634520509084677,-0.1450772720729432,0.4263493011532632,-0.3202131064321824,0.3058036203568313,1.0482559466468704,0.6280201933527416,2.1125653002191265,2.4383058982208703,-0.3320084300094796,0.6394887394512728,1.5129303828998837,-0.19615997570742505,-0.37355266954476707,0.8536990684961867,0.29243991289955246,0.28562068391217477
2172,-0.3595330843905264,1.7434882784864594,-0.4170525803529757,0.590958220456028,-0.1824087426571299,-0.7745369049176974,0.1326198145007125,1.917021393185596,0.4871920612308512,0.10348332844111718,1.0575256782518503,0.08273518727917623,0.7040859596048311,-0.6884933781846163,-0.6341331742113154,-0.33124932257033435,1.038534314838141,-0.20733097918528337,-0.3450626871158438,-0.3293406065537393,0.715134904887365,0.02204110332660148,1.3996116307191917,1.8370135491725645,0.4369070097988807,0.2709703066384492,0.5860359594013481,-0.11973312458699117,0.3558626781834522,-0.3223770734497687,0.2889568706706585,1.039063791227967,0.6122238788253216,1.9541229027026918,2.4897034901163178,-0.18929779775876865,0.5375190995102551,1.5602694469187164,-0.18479512664330755,-0.3485624554473442,0.8786461462353781,0.2982880321457283,0.2849992926658694
2173,-0.3553084926096534,1.7126052913991567,-0.42209833393133483,0.5899542667113616,-0.17551083411140753,-0.7661074016306679,0.18501178196343007,1.879928997672228,0.4958466883038512,0.05329571179600737,1.0935518350092688,0.05846947123341913,0.6971912667179136,-0.6957612248207701,-0.5966109623946065,-0.26014634593915653,1.03918424122528,-0.2703211557463871,-0.3404542976987255,-0.3680359184070181,0.6866103546979332,0.008355129360631897,1.3240904100016309,1.8356218113967004,0.37325893662435455,0.2693427969795551,0.6231502556274058,-0.1814297011792108,0.32846861304120334,-0.3118987370086269,0.05898078970137921,1.1579010881336218,0.6350236132947118,1.8290172408869214,2.4715071295794306,-0.19654485660928125,0.5561100170469859,1.5437461043096774,-0.2074141784256413,-0.30301728085948115,0.8570891421067135,0.2564419833882163,0.2920464024875432
2176,-0.3480779341902447,1.6677518426810847,-0.42200225679740083,0.5932468861720104,-0.15376705600785964,-0.7567660933724811,0.2274179070689958,1.8693725633121299,0.501055976572521,0.030883851546833384,1.1467328265001122,0.06322712824029038,0.6868024624223694,-0.7024839829592124,-0.5839162908461345,-0.2283505439818638,1.039785423133384,-0.328587069065408,-0.3333636174924984,-0.39641710972465194,0.6468670857013165,-0.05412389196170342,1.3057384609945508,1.827924439059002,0.31216559047691045,0.2889307121083806,0.6619870675076187,-0.23583377289840946,0.3110259867252927,-0.3125673485807265,-0.1499739124337752,1.196863664872868,0.6312626095107915,1.6918409478204022,2.4429637027233957,-0.21241829488084177,0.5733066157684619,1.527134709226992,-0.21184092612667457,-0.2580990977502065,0.8509274495103792,0.2411532756007819,0.30150511909527544
2177,-0.3327766131907806,1.6369486472737094,-0.4093739694078945,0.6025300294859294,-0.12106367677445856,-0.7499381204708748,0.2447324359339115,1.9630331073315581,0.47328726864207393,0.10175053754253119,1.2653480248605502,0.11649831815936247,0.6734403165223666,-0.7087025342372715,-0.5990274190326744,-0.24067667818322402,1.0403415163983802,-0.2543759603902221,-0.33454129618056094,-0.30985269682538996,0.6314027637636838,-0.007177946854497755,1.2759409785022688,1.8334156381167699,0.29390850330011664,0.302120415233861,0.6920342728406353,-0.20839145589460892,0.24471142625069112,-0.315304747437172,-0.09811018211105005,1.0904615889531015,0.6035412788905712,1.5649528767338718,2.4309663721813357,-0.17718976628761798,0.5331399117451664,1.5508484136930472,-0.1743903678769572,-0.24610171278357132,0.9482491432888744,0.28197159243072323,0.3005428141915916
2181,-0.3108019266699052,1.5901194854293712,-0.40198791922829313,0.599096011261974,-0.10813608386266363,-0.7519907065049508,0.2527855494030947,2.0514248742816914,0.4462400532296314,0.17054137269713668,1.360979807556602,0.15876914150785143,0.6606394772510564,-0.713225830510697,-0.613005212605224,-0.2520783523194822,1.040855902668502,-0.1936779021291717,-0.33563064896701883,-0.23153241671491617,0.6079706271224876,0.04227399129721592,1.219153781304204,1.8432922396579015,0.28224373143760884,0.302091365920712,0.7396240616388579,-0.17737403078302888,0.17995014786522248,-0.31783684137938406,-0.07432381543741895,1.048258510416165,0.6275091576336559,1.4540148939349622,2.422883112492841,-0.14902149457206934,0.5257556673340966,1.603002733403674,-0.15811572176138047,-0.25079492863827163,1.0494535069114284,0.319728535498419,0.29825782481381763
2182,-0.2907503387585074,1.5400166692144759,-0.4021151314243575,0.5892887595110394,-0.0957970827929888,-0.7548105730270136,0.2717032861209537,2.1001074757625076,0.4302399385183847,0.1986194242136676,1.3852134339492361,0.16544635843622965,0.6451571546743655,-0.7186387432223946,-0.6259346716598323,-0.2626249008955211,1.041331709968364,-0.20151427203824232,-0.3366383002944925,-0.22892132149065092,0.598276208692172,0.07189304136697414,1.1843812368909017,1.8540329983912447,0.2851188570159246,0.31373735954162535,0.7779744572747667,-0.12799595314614975,0.12299891659036588,-0.32017902827593026,-0.13378887042584775,1.0407301745218882,0.6640827652557146,1.3614906292134619,2.4092086859034905,-0.14083892572735032,0.5169062651436389,1.6869489180349067,-0.1639829160222508,-0.2882362500898978,1.0974301018986488,0.35290119675706133,0.29833500297973853
2185,-0.2719511005931532,1.503728783535721,-0.3958579288156339,0.5794875479803492,-0.08523071333187418,-0.7594394653216676,0.2831635671349724,2.128715558564967,0.41752236169929013,0.21872553931137675,1.3889423910515735,0.1825554116220775,0.6270962780299797,-0.7236456874807151,-0.6378944212853449,-0.27238045832835694,1.0417718317207365,-0.16311870338296253,-0.3375703777724056,-0.16968588501658174,0.5955229896497715,0.15030083196708763,1.152419055366915,1.8734952624418986,0.30691028125330555,0.32222589687131525,0.8080487334005352,-0.05071828342979498,0.06098228388268633,-0.32234555115523544,-0.08361488016679322,1.014512955290944,0.6914846427508656,1.2782030042166872,2.3947827983361014,-0.12985255676564206,0.4920455428963928,1.7533053884754444,-0.16292605444390393,-0.32714097542151477,1.1534383106709005,0.37618614513839527,0.2976775687711935
2186,-0.2599018900574542,1.4827764997510064,-0.3877179284907928,0.5742218823835931,-0.07826177577351877,-0.7626454436193433,0.2872564212881471,2.121538741536416,0.3973149446225502,0.2242087749947169,1.374391600741391,0.1983069394283985,0.6089832292509822,-0.7282771109196615,-0.646163985533349,-0.2814043489537301,1.0421789443416813,-0.1422521302682922,-0.33843254943947526,-0.023092701801590287,0.5932790598848987,0.2618592272985575,1.1360171382115414,1.892918242628631,0.31960966706141536,0.326347484392441,0.8279452138273163,0.015327080807581571,0.017510518106640203,-0.3243495848185927,0.02545875196062635,0.974344060873252,0.7165545994958213,1.1946302791666665,2.379487656103031,-0.10933553188170946,0.4754708744057461,1.786193891090189,-0.1643457878212481,-0.3312565473203851,1.204755449432995,0.3883258202684172,0.3005158756751373
2188,-0.24519347178212114,1.461957201744368,-0.3850272286772352,0.5737633692260948,-0.07032257303487031,-0.7583182119822283,0.30133672400182415,2.082967297755958,0.37756166340407643,0.20855272367704203,1.331218699557676,0.19984524285943286,0.5877519021323884,-0.7325611776006868,-0.6552512312730464,-0.28975144778220036,1.042555523516055,-0.15905635008577124,-0.3392300582315146,0.06996973060298371,0.6009852880452419,0.3828873476054173,1.1407372231126427,1.9060146884410445,0.3290292740121435,0.34680188385428623,0.8377903624118263,0.07496168037056812,-0.015641330784533038,-0.32620331595719826,0.07732346812857593,0.9520404507783561,0.7418150223415436,1.1050330082291664,2.3590582927557917,-0.08371949814564578,0.4526173603782746,1.8062177007324216,-0.1676209011881285,-0.33860030162867644,1.204499141795813,0.36883692108082017,0.30736703386591074
2189,-0.2228215915755416,1.4334260449975647,-0.3883491843079197,0.5757750833553664,-0.06448107185191203,-0.7490193073311282,0.321395896061456,2.0763727752569205,0.36271862273487565,0.21896510116636572,1.3356731670253086,0.19110343682663625,0.5675401586222336,-0.7365239392806352,-0.6650122389275679,-0.2974725141985354,1.0429038592523512,-0.14972476064722043,-0.3370427304591268,0.04895357752957984,0.6248721224766737,0.48049118179551265,1.2112862794761128,1.902608159664184,0.34700237168949144,0.3796965925652147,0.8433046935681813,0.13243291411557886,-0.0559681979347952,-0.32791801726040837,0.062492839001568934,0.9633010106794814,0.766512518263206,1.0221555326119791,2.331986216023759,-0.06254856288009213,0.42198072700034117,1.8055147867130459,-0.17365024080444078,-0.36723041584301275,1.1679065813021399,0.33250701388118137,0.3138515953860889
2193,-0.21012412637386305,1.42338950421531,-0.39275888785055196,0.579964427489904,-0.05070997611102879,-0.7363476213414729,0.3447636026524282,2.0871621037348445,0.3460040998706519,0.22223630997548635,1.3710594215021503,0.18692196268622008,0.5484020488194327,-0.7401894938345877,-0.6740411710080003,-0.30461450063364526,1.0432260698084248,-0.14075502872867282,-0.31690435428799507,0.10313784669043163,0.61820096363577,0.5942537033584397,1.3153883352542173,1.8687294988854817,0.3608640620924635,0.41012419812282364,0.8082003269675591,0.18793685647739766,-0.1027576761879832,-0.3295041159658777,0.06445392149587113,0.9709425388555827,0.774400839887122,0.9454938676660807,2.2962888803868373,-0.03229292348382033,0.3643711504935063,1.8285352692151893,-0.16066529016077138,-0.38098621970663654,1.1602723823456034,0.2940161723031663,0.32265665402623006
2194,-0.2112811748934174,1.441922320225171,-0.39721594969292423,0.5815178418405816,-0.01889701810741514,-0.7208006067617204,0.3767311874794225,2.1205390754751132,0.3360384104702529,0.19675848946555063,1.4224950042043616,0.206875544817234,0.5360905728119737,-0.7435801317969934,-0.6755937147539839,-0.31122083808612183,1.0435241145727927,-0.14400485649083586,-0.2877381017330974,0.28700084535369885,0.5365720547775983,0.724488205738001,1.413083585135151,1.8233834870089427,0.3583627728549744,0.43826973326361185,0.7087019358133122,0.22949100557533564,-0.14973808313613488,-0.3309712572684369,0.12584827311702892,0.9839935245988144,0.7766574358767583,0.8745818275911245,2.2777527730819704,0.024875638312868507,0.28495155179859893,1.9267783180733957,-0.10022506293143292,-0.37549956179412497,1.2172200020173232,0.26288840311499984,0.33203791830399354
2198,-0.21031098046025964,1.433586205518994,-0.4096097712885099,0.5838637380956486,0.01617660330567865,-0.6986913346895229,0.41312452320364557,2.128203902551836,0.32077768684289765,0.17351936443544919,1.441070787755254,0.21253715370289364,0.5210308432113555,-0.7467164719122188,-0.6762789056523848,-0.3173317002296626,1.0437998059798335,-0.1382016828218804,-0.24534622180314578,0.43702091693711326,0.42456246223744976,0.8595431097436415,1.5034516912750149,1.7528780654247946,0.3640638987564512,0.4643043532688409,0.6053816994294828,0.2605556238511586,-0.21492577802459825,-0.3323283629733041,0.15319407199867513,1.0224913606959345,0.7706840067421107,0.80898819052179,2.2549229535127853,0.09156089889471204,0.20852256110609443,1.9852606227683545,-0.041953270578592196,-0.34753916116158806,1.2563558381146378,0.21922840119576673,0.34555738205308656
2199,-0.2045256771006939,1.3650048858518844,-0.4290211864619905,0.5861638623379176,0.03896649699288141,-0.673317637538208,0.4489286107847939,2.029019020435174,0.31120959533177267,0.15454172683374104,1.3566334001358897,0.18789996806559023,0.5057999657675506,-0.7496175865188025,-0.6721293972857174,-0.3229842477124379,1.0338494514500707,-0.13880054769260636,-0.17744373132052638,0.4985228497019656,0.31418027756964106,0.9481364920514521,1.5870421894543887,1.6739622720901823,0.40220831587340455,0.4883863767736778,0.5875189146792632,0.2919560700317668,-0.26669796582199623,-0.3335836857503063,0.12869673386851752,1.0625185844870055,0.7476115330283226,0.7483140762326559,2.2327758001637266,0.14399750767659655,0.15347187887822608,1.91701371875311,-0.05054985192825692,-0.31257579659325785,1.2285311908663141,0.18804814807453415,0.35417980362492263
2202,-0.20589894628230773,1.3104688167601382,-0.4427611498069089,0.5868264961741652,0.06263524668514979,-0.6490381604977067,0.48006349109091406,1.943931252192313,0.2988295677950921,0.1483104158096592,1.2769505161666197,0.17325446741996958,0.4888542824669188,-0.7523011175298923,-0.6768229474587988,-0.328212854134005,1.030188116658405,-0.13863233513575252,-0.12964541681318045,0.5710022230764733,0.21207675675191795,1.0000216363565289,1.6643634002703098,1.5752867200808969,0.4537985117452303,0.510662248515652,0.5795562912008264,0.3323188295207065,-0.3220604533007801,-0.33474485931903325,0.0829473170195017,1.0838826229861098,0.7257902504677817,0.6921905205152068,2.207904205921146,0.18865127284881608,0.1027983499625869,1.8697658686070504,-0.049523143341584315,-0.2878642301383609,1.196268969261793,0.16388699236555268,0.3606236033174485
2203,-0.21723098061920457,1.299960839833227,-0.44880382243947425,0.5872112653801025,0.08501376790855958,-0.6369000249846357,0.49225394589709376,1.985713737338193,0.2543508874253399,0.19210670241672775,1.3038185991652298,0.1862165459978966,0.4715647625276217,-0.7547833837151503,-0.6849660763993888,-0.33304931507395463,1.0314640079090247,-0.10471001175529517,-0.08625729477299575,0.6081291327662137,0.12881287255418233,0.9943668539258566,1.7358855202750365,1.4588428046644453,0.5217069083559188,0.5312674298769781,0.5364031242991538,0.38241745665228943,-0.4008581879102717,-0.3358189448701057,0.005002698372813853,1.0639997981117606,0.7161286291367731,0.6402762314765662,2.1740875496222993,0.1840156192584163,0.06414425606734857,1.9206746015225369,0.00047392385799538937,-0.3125260562741577,1.18272297571726,0.13550472631406668,0.36687100384108673
2208,-0.23072824580065782,1.2702005022511795,-0.4540366129842307,0.58798550768735,0.10513526829013138,-0.6280730037627038,0.49874233834286197,2.025177439358981,0.2182012511018819,0.23001308883218058,1.3306384946978826,0.18800574178733465,0.45603690312563144,-0.757079479936514,-0.6924984706694347,-0.3375230414434081,1.026576225633608,-0.0761560647005444,-0.08427731175293228,0.6069303416397366,0.11662307619450119,0.9873582565073242,1.8020434812794086,1.3645573017337163,0.6002415724215079,0.5503272226362048,0.4938641312551524,0.4376850524407767,-0.47788263890480054,-0.3368124740048478,-0.023488613603860557,1.0427901362306649,0.7013628545871987,0.5922555141158239,2.137112009572356,0.13548889824792104,0.06938396167474173,1.9545761736071243,0.030970391726421888,-0.3356877394017278,1.1806753444697875,0.1110656094921345,0.37206032392399874
2209,-0.2440548360696352,1.2235898472459603,-0.4512518694448653,0.5834462789320215,0.13463449330531774,-0.6160850661384925,0.5117647741823653,2.015603554343145,0.2426805625070962,0.21620140830035195,1.2990391189202712,0.18366543624442103,0.4372385583677692,-0.7592033689412755,-0.699465935369227,-0.34166123833515255,1.028123008711087,-0.10401357790439711,-0.10413646337146237,0.5791696371814227,0.13833735031977515,0.9907206010920391,1.8632395952084528,1.3395067949885735,0.6537932961955663,0.5679575309384894,0.4600452239701135,0.49019680255517023,-0.5298816145816064,-0.3332727663739997,0.059722715094891896,1.0555326150723292,0.6712529045202771,0.5671836635994135,2.094523491978684,0.08411352955182909,0.12132628281532605,1.9582777821769575,0.023278540066437467,-0.30215658868804474,1.207209073119102,0.11262802053123457,0.3761036852587101
2212,-0.26145133037054985,1.1957469811794363,-0.44535578530384407,0.5829114811590438,0.15925529496216848,-0.6126615521231515,0.5094092448214239,2.0427029180566065,0.2621180365223962,0.18958555120788367,1.296595249560534,0.1872085601282619,0.41996249271923863,-0.757345690166201,-0.7059108402165348,-0.34161524550677125,1.0295537830577552,-0.15867245439085037,-0.12250617861860269,0.5274831951867514,0.2238374546890089,0.9829115425573819,1.7529512619596774,1.3839264319706712,0.6780782810376226,0.5669318118011515,0.42908233490106124,0.5225041895710043,-0.5485838071716568,-0.32209259497749604,0.14515518625126858,1.0577595656314016,0.6548777622416749,0.6368931533422781,2.063833913598232,0.03820512086608566,0.17113166160417662,1.9926777416059462,0.016223381437801,-0.273652214957126,1.2288707549556093,0.12230922468378487,0.3779879588232355
2213,-0.28190808096733255,1.1714418106107596,-0.4438802127395202,0.592860617234875,0.1662984148601207,-0.618418166918844,0.4882828038868777,2.0623022263973017,0.2600962826783745,0.16461536743957442,1.3081448960737339,0.19044233374847444,0.4120008142640061,-0.7241609807392508,-0.7091853604398956,-0.3034927046376745,1.0308772493284237,-0.21446629525887886,-0.13949816522220745,0.43790983966422226,0.39633595348075085,0.9052009864726374,1.6214799173127017,1.5016049465728962,0.5923269093137533,0.4655070759160651,0.37725568446592206,0.5130984389623338,-0.5380747660759502,-0.32327619277019776,0.21377726921773557,1.0207266338327745,0.6359618619901329,0.7397363553837624,2.053435797019528,-0.0036630511158664593,0.21412232112372212,2.0118268954572955,0.0018196459800581257,-0.28101595984682365,1.2079650356084495,0.13240671894344505,0.3761188387088713
2217,-0.30297975621391937,1.1394837883111342,-0.44387339557100375,0.6025044436846543,0.16613913948323641,-0.6297222040401794,0.4613416601725812,2.0915682693948643,0.2743041852931281,0.15252918551169925,1.3228767838208881,0.19282018789356375,0.4075266923560911,-0.669234074814481,-0.7092784962815866,-0.26035863757741073,1.0321014556287917,-0.2665013836547114,-0.15521575283054193,0.36990786311996454,0.5285212832854448,0.793630939751241,1.4998689235142488,1.616213506570896,0.47213688198439646,0.37168919522236027,0.3211439608516117,0.5076170667782274,-0.5230341862248669,-0.32418352361952635,0.28383817859888333,0.97409387657581,0.6225479972729865,0.8497903106046716,2.048429524569592,-0.0348231775916655,0.2445729030637962,2.0317192006327303,-0.011774455154115088,-0.29372792681141496,1.2198688443790406,0.15287242520973757,0.3732735399173128
2218,-0.3184003421170013,1.1081732750095383,-0.43902967964353606,0.6135320368763849,0.15604860693106787,-0.6485083774273747,0.4226868301801005,2.1586957621516003,0.2862962912968223,0.1741512129958947,1.3533924071747063,0.1965185243136083,0.40551361608338676,-0.5836245773169857,-0.7096309387808767,-0.2339630691622401,1.0332338464566322,-0.2841024371115019,-0.16975452136825128,0.3007364568958396,0.642559434934204,0.6993890563714609,1.3873787542506801,1.713234614616071,0.40131443531814937,0.28490765558068326,0.2719913791582513,0.5244914604659706,-0.5131994451062154,-0.32604970934806193,0.3327267564043565,0.934317047772148,0.6218750880296005,0.9112730301421432,2.0446720570411605,-0.058339880512331535,0.2610382647133416,2.0818459609514366,0.01244922320432602,-0.3152606864690925,1.2906645711972802,0.18086918543028027,0.37112825785570225
2221,-0.32747877403967257,1.0931169979153317,-0.4288130111692334,0.6201306178499005,0.13303975126619205,-0.6720186883266012,0.38226865412681277,2.229659617288447,0.27189179099539723,0.2049917069548698,1.3945713576844643,0.205782648096688,0.40384773716638733,-0.48669796422875417,-0.7135667776284604,-0.20109286951256253,1.034281307972385,-0.29924446705760144,-0.18320288226563242,0.27311766878742116,0.7140975343560267,0.5925763281493555,1.283325347681879,1.7989867237368342,0.3297860118232077,0.204634731412132,0.22289285229968195,0.5427490658975248,-0.4935603326899154,-0.3277759311469573,0.359581154724031,0.8783699714713351,0.629805985367916,0.9542341533127982,2.0399257605046146,-0.0839150366146669,0.27679139046049545,2.157761652557169,0.053376237605278584,-0.34403870101373557,1.3579886467440396,0.20174218413427175,0.3704946437172278
2222,-0.3326026032866095,1.1042069762016835,-0.41363855947447203,0.6200489486845596,0.09784339480494539,-0.6852842889049235,0.36925792436762844,2.2953467750662027,0.21035636090260426,0.21907971319181058,1.4595714128472392,0.2195468873057687,0.39864954078262443,-0.39491282852992476,-0.7171721254701587,-0.1742392281516011,1.035250209874456,-0.3137493414757818,-0.19564261609570996,0.3561540866508643,0.6567835082696692,0.45573178423999694,1.1870759466057377,1.8464527835324895,0.22111553984924684,0.13038227655622214,0.22302966579376007,0.5662784673769393,-0.4331393125493315,-0.3293726863109356,0.3568470153483109,0.8326786127344412,0.6450246373881449,0.9915865245018765,2.034476012542885,-0.1178220434366518,0.30650816481828536,2.2315487786153816,0.10634447081508142,-0.3710194568175609,1.3784753915949322,0.2038158292618243,0.3700092174847834
2226,-0.32892983732883346,1.1099855243897063,-0.4012719314719891,0.6255002961470832,0.07760789037528179,-0.6884804531692565,0.35877717384926316,2.356882707719083,0.12863728517416342,0.22993532631150929,1.5224424049512677,0.22663843375495166,0.3943275664459718,-0.3215775752660633,-0.720597011991388,-0.17251984914812374,1.036146444133872,-0.2993820926293522,-0.2071493698885317,0.45177262536589824,0.5667850747262464,0.37832304554177365,1.0980452506103073,1.8601131508160915,0.13234421609188102,0.07974946828194261,0.2842189790841459,0.5802736814236931,-0.35035955226214016,-0.3308496848376154,0.32811351067865513,0.841620386062177,0.650103498100787,0.9962111715289523,2.0281149554560143,-0.1604206590097099,0.34161470326991183,2.2998018702192273,0.16911856587236462,-0.3768911794156867,1.3991152314126203,0.18672405324174063,0.3694897205435743
2227,-0.32511853648804534,1.0961774609030386,-0.3932354076866154,0.6359395297571239,0.09045045730482704,-0.6899215596803848,0.3337781759699411,2.4156753956283366,0.08112154144251871,0.23128731278011586,1.5786979238022651,0.23768632583365393,0.39494461521306345,-0.3092668183149656,-0.7254570860920339,-0.18275263584032406,1.0369754608238313,-0.2903208611323911,-0.2177931171468918,0.5022101794019173,0.5126968725645109,0.3318380624977788,1.0156918568145343,1.8759545548232,0.06415092759884157,0.03127285398526894,0.3362919044386247,0.5705914738901787,-0.27637756397426255,-0.33221590847479426,0.29445075370433965,0.8585583193779797,0.6765546989953154,1.0041468701308525,2.0278052124433152,-0.2069342775441717,0.3748984505246685,2.3629359799527854,0.19270138980222162,-0.34854554572388713,1.4423784656045688,0.18263245660402688,0.36984495077369955
2231,-0.32811579193417784,1.0989010884403356,-0.39497329337885606,0.6438369497653795,0.10201322839025465,-0.6871742613219686,0.32071610175795173,2.467479343115581,0.04526207233139313,0.20373445576613067,1.6170999000682718,0.23889671634314674,0.3958450337601862,-0.3196933422897874,-0.7299526546351313,-0.19629926303391418,1.0377423012620441,-0.28163853402889955,-0.22763858336087495,0.5693358176576361,0.4599512135038672,0.328133464490392,0.9395149675534443,1.8869662114436454,-0.0037928811043569863,0.04470808102536047,0.4153571835569883,0.5313839365264713,-0.20279282864634443,-0.33347966533918477,0.260607539624607,0.8916873206711824,0.7189755255774997,1.01564978666507,2.0363051415285796,-0.2592423936634166,0.4056859167353184,2.421335031456327,0.20590371052222398,-0.3035594565165663,1.459238294222368,0.1652090169195636,0.3732245948590193
